"part_id","sday_id","studyDay","day","month","year","dayofweek","holiday"
1,20060319,1,19,3,2006,0,0
2,20060316,1,16,3,2006,4,0
3,20060317,1,17,3,2006,5,0
4,20060319,1,19,3,2006,0,0
5,20060319,1,19,3,2006,0,0
6,20060318,1,18,3,2006,6,0
7,20060317,1,17,3,2006,5,0
8,20060317,1,17,3,2006,5,0
9,20060318,1,18,3,2006,6,0
10,20060318,1,18,3,2006,6,0
11,20060318,1,18,3,2006,6,0
12,20060317,1,17,3,2006,5,0
13,20060319,1,19,3,2006,0,0
14,20060317,1,17,3,2006,5,0
15,20060319,1,19,3,2006,0,0
16,20060317,1,17,3,2006,5,0
17,20060317,1,17,3,2006,5,0
18,20060317,1,17,3,2006,5,0
19,20060317,1,17,3,2006,5,0
20,20060317,1,17,3,2006,5,0
21,20060317,1,17,3,2006,5,0
22,20060315,1,15,3,2006,3,0
23,20060319,1,19,3,2006,0,0
24,20060318,1,18,3,2006,6,0
25,20060319,1,19,3,2006,0,0
26,20060318,1,18,3,2006,6,0
27,20060318,1,18,3,2006,6,0
28,20060318,1,18,3,2006,6,0
29,20060318,1,18,3,2006,6,0
30,20060318,1,18,3,2006,6,0
31,20060327,1,27,3,2006,1,0
32,20060318,1,18,3,2006,6,0
33,20060318,1,18,3,2006,6,0
34,20060318,1,18,3,2006,6,0
35,20060318,1,18,3,2006,6,0
36,20060318,1,18,3,2006,6,0
37,20060318,1,18,3,2006,6,0
38,20060318,1,18,3,2006,6,0
39,20060318,1,18,3,2006,6,0
40,20060319,1,19,3,2006,0,0
41,20060317,1,17,3,2006,5,0
42,20060315,1,15,3,2006,3,0
43,20060318,1,18,3,2006,6,0
44,20060318,1,18,3,2006,6,0
45,20060319,1,19,3,2006,0,0
46,20060319,1,19,3,2006,0,0
47,20060318,1,18,3,2006,6,0
48,20060319,1,19,3,2006,0,0
49,20060322,1,22,3,2006,3,0
50,20060323,1,23,3,2006,4,0
51,20060322,1,22,3,2006,3,0
52,20060319,1,19,3,2006,0,0
53,20060323,1,23,3,2006,4,0
54,20060324,1,24,3,2006,5,0
55,20060322,1,22,3,2006,3,0
56,20060324,1,24,3,2006,5,0
57,20060324,1,24,3,2006,5,0
58,20060324,1,24,3,2006,5,0
59,20060324,1,24,3,2006,5,0
60,20060323,1,23,3,2006,4,0
61,20060322,1,22,3,2006,3,0
62,20060324,1,24,3,2006,5,0
63,20060323,1,23,3,2006,4,0
64,20060322,1,22,3,2006,3,0
65,20060323,1,23,3,2006,4,0
66,20060322,1,22,3,2006,3,0
67,20060324,1,24,3,2006,5,0
68,20060324,1,24,3,2006,5,0
69,20060323,1,23,3,2006,4,0
70,20060318,1,18,3,2006,6,0
71,20060322,1,22,3,2006,3,0
72,20060324,1,24,3,2006,5,0
73,20060324,1,24,3,2006,5,0
74,20060324,1,24,3,2006,5,0
75,20060324,1,24,3,2006,5,0
76,20060324,1,24,3,2006,5,0
77,20060322,1,22,3,2006,3,0
78,20060323,1,23,3,2006,4,0
79,20060323,1,23,3,2006,4,0
80,20060324,1,24,3,2006,5,0
81,20060324,1,24,3,2006,5,0
82,20060317,1,17,3,2006,5,0
83,20060322,1,22,3,2006,3,0
84,20060324,1,24,3,2006,5,0
85,20060324,1,24,3,2006,5,0
86,20060323,1,23,3,2006,4,0
87,20060324,1,24,3,2006,5,0
88,20060322,1,22,3,2006,3,0
89,20060323,1,23,3,2006,4,0
90,20060323,1,23,3,2006,4,0
91,20060326,1,26,3,2006,0,0
92,20060324,1,24,3,2006,5,0
93,20060326,1,26,3,2006,0,0
94,20060323,1,23,3,2006,4,0
95,20060324,1,24,3,2006,5,0
96,20060324,1,24,3,2006,5,0
97,20060326,1,26,3,2006,0,0
98,20060322,1,22,3,2006,3,0
99,20060326,1,26,3,2006,0,0
100,20060326,1,26,3,2006,0,0
101,20060324,1,24,3,2006,5,0
102,20060324,1,24,3,2006,5,0
103,20060322,1,22,3,2006,3,0
104,20060324,1,24,3,2006,5,0
105,20060320,1,20,3,2006,1,0
106,20060324,1,24,3,2006,5,0
107,20060324,1,24,3,2006,5,0
108,20060324,1,24,3,2006,5,0
109,20060324,1,24,3,2006,5,0
110,20060317,1,17,3,2006,5,0
111,20060323,1,23,3,2006,4,0
112,20060318,1,18,3,2006,6,0
113,20060326,1,26,3,2006,0,0
114,20060326,1,26,3,2006,0,0
115,20060323,1,23,3,2006,4,0
116,20060318,1,18,3,2006,6,0
117,20060319,1,19,3,2006,0,0
118,20060319,1,19,3,2006,0,0
119,20060323,1,23,3,2006,4,0
120,20060322,1,22,3,2006,3,0
121,20060323,1,23,3,2006,4,0
122,20060326,1,26,3,2006,0,0
123,20060326,1,26,3,2006,0,0
124,20060326,1,26,3,2006,0,0
125,20060323,1,23,3,2006,4,0
126,20060324,1,24,3,2006,5,0
127,20060324,1,24,3,2006,5,0
128,20060323,1,23,3,2006,4,0
129,20060322,1,22,3,2006,3,0
130,20060326,1,26,3,2006,0,0
132,20060325,1,25,3,2006,6,0
133,20060328,1,28,3,2006,2,0
134,20060401,1,1,4,2006,6,1
135,20060329,1,29,3,2006,3,0
136,20060323,1,23,3,2006,4,0
137,20060401,1,1,4,2006,6,1
138,20060331,1,31,3,2006,5,0
139,20060323,1,23,3,2006,4,0
140,20060327,1,27,3,2006,1,0
141,20060405,1,5,4,2006,5,1
142,20060402,1,2,4,2006,0,1
143,20060326,1,26,3,2006,0,0
144,20060328,1,28,3,2006,2,0
145,20060324,1,24,3,2006,5,0
146,20060324,1,24,3,2006,5,0
147,20060318,1,18,3,2006,6,0
148,20060322,1,22,3,2006,3,0
149,20060323,1,23,3,2006,4,0
150,20060323,1,23,3,2006,4,0
151,20060409,1,9,4,2006,0,1
152,20060328,1,28,3,2006,2,0
153,20060402,1,2,4,2006,0,1
154,20060409,1,9,4,2006,0,1
155,20060324,1,24,3,2006,5,0
156,20060416,1,16,4,2006,0,1
157,20060416,1,16,4,2006,0,1
158,20060324,1,24,3,2006,5,0
159,20060318,1,18,3,2006,6,0
160,20060319,1,19,3,2006,0,0
161,20060405,1,5,4,2006,3,1
162,20060330,1,30,3,2006,4,0
163,20060331,1,31,3,2006,5,0
164,20060326,1,26,3,2006,0,0
165,20060331,1,31,3,2006,5,0
170,20060324,1,24,3,2006,5,0
190,20060320,1,20,3,2006,1,0
195,20060413,1,13,4,2006,4,1
199,20060331,1,31,3,2006,5,0
205,20060326,1,26,3,2006,0,0
206,20060326,1,26,3,2006,0,0
207,20060325,1,25,3,2006,6,0
208,20060326,1,26,3,2006,0,0
209,20060326,1,26,3,2006,0,0
210,20060326,1,26,3,2006,0,0
211,20060326,1,26,3,2006,0,0
212,20060322,1,22,3,2006,3,0
213,20060325,1,25,3,2006,6,0
215,20060326,1,26,3,2006,0,0
217,20060331,1,31,3,2006,5,0
218,20060326,1,26,3,2006,0,0
220,20060326,1,26,3,2006,0,0
221,20060326,1,26,3,2006,0,0
222,20060325,1,25,3,2006,6,0
223,20060323,1,23,3,2006,4,0
224,20060326,1,26,3,2006,0,0
226,20060329,1,29,3,2006,3,0
227,20060331,1,31,3,2006,5,0
228,20060330,1,30,3,2006,4,0
229,20060326,1,26,3,2006,0,0
230,20060326,1,26,3,2006,0,0
231,20060329,1,29,3,2006,3,0
233,20060331,1,31,3,2006,5,0
235,20060328,1,28,3,2006,2,0
236,20060329,1,29,3,2006,3,0
237,20060331,1,31,3,2006,5,0
238,20060330,1,30,3,2006,4,0
243,20060330,1,30,3,2006,4,0
244,20060330,1,30,3,2006,4,0
245,20060331,1,31,3,2006,5,0
246,20060330,1,30,3,2006,4,0
248,20060331,1,31,3,2006,5,0
249,20060330,1,30,3,2006,4,0
250,20060331,1,31,3,2006,5,0
251,20060326,1,26,3,2006,0,0
252,20060329,1,29,3,2006,3,0
253,20060331,1,31,3,2006,5,0
254,20060331,1,31,3,2006,5,0
255,20060330,1,30,3,2006,4,0
256,20060329,1,29,3,2006,3,0
257,20060402,1,2,4,2006,0,1
258,20060331,1,31,3,2006,5,0
259,20060331,1,31,3,2006,5,0
260,20060330,1,30,3,2006,4,0
263,20060329,1,29,3,2006,3,0
265,20060331,1,31,3,2006,5,0
266,20060329,1,29,3,2006,3,0
268,20060329,1,29,3,2006,3,0
269,20060329,1,29,3,2006,3,0
270,20060329,1,29,3,2006,3,0
271,20060330,1,30,3,2006,4,0
272,20060329,1,29,3,2006,3,0
273,20060325,1,25,3,2006,6,0
274,20060323,1,23,3,2006,4,0
275,20060325,1,25,3,2006,6,0
276,20060330,1,30,3,2006,4,0
277,20060326,1,26,3,2006,0,0
278,20060329,1,29,3,2006,3,0
279,20060331,1,31,3,2006,5,0
280,20060330,1,30,3,2006,4,0
281,20060331,1,31,3,2006,5,0
282,20060325,1,25,3,2006,6,0
285,20060329,1,29,3,2006,3,0
287,20060330,1,30,3,2006,4,0
288,20060330,1,30,3,2006,4,0
289,20060330,1,30,3,2006,4,0
290,20060329,1,29,3,2006,3,0
291,20060405,1,5,4,2006,3,1
293,20060326,1,26,3,2006,0,0
295,20060331,1,31,3,2006,5,0
297,20060330,1,30,3,2006,4,0
298,20060331,1,31,3,2006,5,0
300,20060331,1,31,3,2006,5,0
301,20060331,1,31,3,2006,5,0
302,20060401,1,1,4,2006,6,1
306,20060330,1,30,3,2006,4,0
307,20060331,1,31,3,2006,5,0
308,20060331,1,31,3,2006,5,0
310,20060401,1,1,4,2006,6,1
311,20060331,1,31,3,2006,5,0
312,20060403,1,3,4,2006,1,1
314,20060402,1,2,4,2006,0,1
315,20060331,1,31,3,2006,5,0
316,20060401,1,1,4,2006,6,1
317,20060331,1,31,3,2006,5,0
320,20060402,1,2,4,2006,0,1
321,20060401,1,1,4,2006,6,1
323,20060401,1,1,4,2006,6,1
324,20060404,1,4,4,2006,2,1
327,20060401,1,1,4,2006,6,1
328,20060329,1,29,3,2006,3,0
329,20060401,1,1,4,2006,6,1
330,20060401,1,1,4,2006,6,1
332,20060402,1,2,4,2006,0,1
334,20060402,1,2,4,2006,0,1
336,20060402,1,2,4,2006,0,1
338,20060401,1,1,4,2006,6,1
339,20060402,1,2,4,2006,0,1
340,20060402,1,2,4,2006,0,1
341,20060402,1,2,4,2006,0,1
342,20060402,1,2,4,2006,0,1
344,20060402,1,2,4,2006,0,1
345,20060401,1,1,4,2006,6,1
346,20060401,1,1,4,2006,6,1
347,20060401,1,1,4,2006,6,1
348,20060402,1,2,4,2006,0,1
349,20060402,1,2,4,2006,0,1
350,20060404,1,4,4,2006,2,1
351,20060401,1,1,4,2006,6,1
353,20060401,1,1,4,2006,6,1
354,20060401,1,1,4,2006,6,1
355,20060401,1,1,4,2006,6,1
356,20060331,1,31,3,2006,5,0
357,20060401,1,1,4,2006,6,1
358,20060407,1,7,4,2006,5,1
359,20060401,1,1,4,2006,6,1
361,20060402,1,2,4,2006,0,1
363,20060409,1,9,4,2006,0,1
364,20060407,1,7,4,2006,5,1
365,20060406,1,6,4,2006,4,1
367,20060406,1,6,4,2006,4,1
369,20060325,1,25,3,2006,6,0
370,20060326,1,26,3,2006,0,0
371,20060329,1,29,3,2006,3,0
372,20060324,1,24,3,2006,5,0
374,20060331,1,31,3,2006,5,0
375,20060330,1,30,3,2006,4,0
376,20060326,1,26,3,2006,0,0
379,20060402,1,2,4,2006,0,1
380,20060330,1,30,3,2006,4,0
381,20060331,1,31,3,2006,5,0
382,20060330,1,30,3,2006,4,0
383,20060330,1,30,3,2006,4,0
384,20060330,1,30,3,2006,4,0
385,20060330,1,30,3,2006,4,0
386,20060331,1,31,3,2006,5,0
387,20060401,1,1,4,2006,6,1
388,20060331,1,31,3,2006,5,0
389,20060401,1,1,4,2006,6,1
390,20060330,1,30,3,2006,4,0
391,20060402,1,2,4,2006,0,1
393,20060402,1,2,4,2006,0,1
394,20060401,1,1,4,2006,6,1
395,20060402,1,2,4,2006,0,1
396,20060401,1,1,4,2006,6,1
399,20060402,1,2,4,2006,0,1
400,20060402,1,2,4,2006,0,1
402,20060402,1,2,4,2006,0,1
403,20060401,1,1,4,2006,6,1
404,20060401,1,1,4,2006,6,1
405,20060401,1,1,4,2006,6,1
406,20060401,1,1,4,2006,6,1
407,20060402,1,2,4,2006,0,1
408,20060401,1,1,4,2006,6,1
409,20060402,1,2,4,2006,0,1
410,20060402,1,2,4,2006,0,1
411,20060401,1,1,4,2006,6,1
412,20060402,1,2,4,2006,0,1
415,20060402,1,2,4,2006,0,1
416,20060401,1,1,4,2006,6,1
417,20060401,1,1,4,2006,6,1
418,20060409,1,9,4,2006,0,1
419,20060401,1,1,4,2006,6,1
420,20060401,1,1,4,2006,6,1
421,20060401,1,1,4,2006,6,1
422,20060402,1,2,4,2006,0,1
423,20060402,1,2,4,2006,0,1
424,20060401,1,1,4,2006,6,1
425,20060402,1,2,4,2006,0,1
426,20060402,1,2,4,2006,0,1
427,20060402,1,2,4,2006,0,1
428,20060401,1,1,4,2006,6,1
429,20060402,1,2,4,2006,0,1
430,20060401,1,1,4,2006,6,1
431,20060402,1,2,4,2006,0,1
432,20060401,1,1,4,2006,6,1
433,20060401,1,1,4,2006,6,1
434,20060401,1,1,4,2006,6,1
435,20060401,1,1,4,2006,6,1
436,20060401,1,1,4,2006,6,1
437,20060402,1,2,4,2006,0,1
438,20060402,1,2,4,2006,0,1
439,20060402,1,2,4,2006,0,1
441,20060402,1,2,4,2006,0,1
444,20060402,1,2,4,2006,0,1
445,20060401,1,1,4,2006,6,1
446,20060402,1,2,4,2006,0,1
447,20060402,1,2,4,2006,0,1
448,20060402,1,2,4,2006,0,1
450,20060404,1,4,4,2006,2,1
452,20060407,1,7,4,2006,5,1
454,20060408,1,8,4,2006,6,1
456,20060405,1,5,4,2006,3,1
457,20060402,1,2,4,2006,0,1
459,20060406,1,6,4,2006,4,1
462,20060404,1,4,4,2006,2,1
464,20060407,1,7,4,2006,5,1
501,20060323,1,23,3,2006,4,0
502,20060325,1,25,3,2006,6,0
503,20060325,1,25,3,2006,6,0
504,20060325,1,25,3,2006,6,0
505,20060325,1,25,3,2006,6,0
506,20060326,1,26,3,2006,0,0
507,20060325,1,25,3,2006,6,0
509,20060325,1,25,3,2006,6,0
512,20060325,1,25,3,2006,6,0
513,20060325,1,25,3,2006,6,0
515,20060325,1,25,3,2006,6,0
516,20060326,1,26,3,2006,0,0
518,20060325,1,25,3,2006,6,0
520,20060330,1,30,3,2006,4,0
521,20060325,1,25,3,2006,6,0
522,20060331,1,31,3,2006,5,0
523,20060330,1,30,3,2006,4,0
525,20060331,1,31,3,2006,5,0
526,20060331,1,31,3,2006,5,0
529,20060329,1,29,3,2006,3,0
530,20060331,1,31,3,2006,5,0
531,20060330,1,30,3,2006,4,0
533,20060331,1,31,3,2006,5,0
534,20060330,1,30,3,2006,4,0
535,20060331,1,31,3,2006,5,0
536,20060331,1,31,3,2006,5,0
538,20060331,1,31,3,2006,5,0
539,20060331,1,31,3,2006,5,0
540,20060330,1,30,3,2006,4,0
541,20060330,1,30,3,2006,4,0
542,20060330,1,30,3,2006,4,0
543,20060330,1,30,3,2006,4,0
544,20060331,1,31,3,2006,5,0
547,20060330,1,30,3,2006,4,0
548,20060327,1,27,3,2006,1,0
551,20060330,1,30,3,2006,4,0
552,20060329,1,29,3,2006,3,0
553,20060328,1,28,3,2006,2,0
554,20060331,1,31,3,2006,5,0
555,20060330,1,30,3,2006,4,0
556,20060401,1,1,4,2006,6,1
557,20060331,1,31,3,2006,5,0
559,20060330,1,30,3,2006,4,0
560,20060329,1,29,3,2006,3,0
562,20060331,1,31,3,2006,5,0
563,20060328,1,28,3,2006,2,0
564,20060330,1,30,3,2006,4,0
565,20060330,1,30,3,2006,4,0
567,20060330,1,30,3,2006,4,0
568,20060331,1,31,3,2006,5,0
569,20060330,1,30,3,2006,4,0
570,20060330,1,30,3,2006,4,0
571,20060401,1,1,4,2006,6,1
574,20060401,1,1,4,2006,6,1
576,20060401,1,1,4,2006,6,1
577,20060402,1,2,4,2006,0,1
578,20060402,1,2,4,2006,0,1
579,20060402,1,2,4,2006,0,1
580,20060402,1,2,4,2006,0,1
581,20060402,1,2,4,2006,0,1
701,20060405,1,5,4,2006,3,1
702,20060325,1,25,3,2006,6,0
703,20060406,1,6,4,2006,4,1
704,20060326,1,26,3,2006,0,0
706,20060330,1,30,3,2006,4,0
709,20060405,1,5,4,2006,3,1
710,20060326,1,26,3,2006,0,0
711,20060402,1,2,4,2006,0,1
712,20060326,1,26,3,2006,0,0
716,20060330,1,30,3,2006,4,0
719,20060406,1,6,4,2006,4,1
721,20060405,1,5,4,2006,3,1
722,20060402,1,2,4,2006,0,1
723,20060405,1,5,4,2006,3,1
725,20060405,1,5,4,2006,3,1
727,20060406,1,6,4,2006,4,1
730,20060412,1,12,4,2006,3,1
732,20060405,1,5,4,2006,3,1
733,20060406,1,6,4,2006,4,1
736,20060406,1,6,4,2006,4,1
737,20060409,1,9,4,2006,0,1
738,20060406,1,6,4,2006,4,1
739,20060409,1,9,4,2006,0,1
740,20060408,1,8,4,2006,6,1
742,20060409,1,9,4,2006,0,1
743,20060409,1,9,4,2006,0,1
746,20060409,1,9,4,2006,0,1
747,20060409,1,9,4,2006,0,1
748,20060406,1,6,4,2006,4,1
749,20060409,1,9,4,2006,0,1
750,20060401,1,1,4,2006,6,1
752,20060405,1,5,4,2006,3,1
753,20060406,1,6,4,2006,4,1
754,20060406,1,6,4,2006,4,1
756,20060402,1,2,4,2006,0,1
757,20060405,1,5,4,2006,3,1
758,20060402,1,2,4,2006,0,1
759,20060402,1,2,4,2006,0,1
760,20060404,1,4,4,2006,2,1
761,20060401,1,1,4,2006,6,1
762,20060406,1,6,4,2006,4,1
763,20060401,1,1,4,2006,6,1
764,20060424,1,24,4,2006,1,0
765,20060402,1,2,4,2006,0,1
766,20060410,1,10,4,2006,1,1
767,20060406,1,6,4,2006,4,1
768,20060407,1,7,4,2006,5,1
769,20060402,1,2,4,2006,0,1
770,20060405,1,5,4,2006,3,1
771,20060407,1,7,4,2006,5,1
772,20060405,1,5,4,2006,3,1
773,20060401,1,1,4,2006,6,1
774,20060406,1,6,4,2006,4,1
801,20060325,1,25,3,2006,6,0
802,20060331,1,31,3,2006,5,0
803,20060405,1,5,4,2006,3,1
804,20060402,1,2,4,2006,0,1
805,20060406,1,6,4,2006,4,1
806,20060408,1,8,4,2006,6,1
807,20060405,1,5,4,2006,3,1
808,20060405,1,5,4,2006,3,1
810,20060405,1,5,4,2006,3,1
811,20060405,1,5,4,2006,3,1
813,20060406,1,6,4,2006,4,1
816,20060405,1,5,4,2006,3,1
822,20060409,1,9,4,2006,0,1
824,20060408,1,8,4,2006,6,1
825,20060406,1,6,4,2006,4,1
826,20060409,1,9,4,2006,0,1
827,20060408,1,8,4,2006,6,1
828,20060411,1,11,4,2006,2,1
829,20060408,1,8,4,2006,6,1
830,20060409,1,9,4,2006,0,1
832,20060409,1,9,4,2006,0,1
833,20060408,1,8,4,2006,6,1
834,20060409,1,9,4,2006,0,1
837,20060408,1,8,4,2006,6,1
839,20060409,1,9,4,2006,0,1
840,20060409,1,9,4,2006,0,1
843,20060402,1,2,4,2006,0,1
845,20060401,1,1,4,2006,6,1
846,20060411,1,11,4,2006,2,1
847,20060402,1,2,4,2006,0,1
848,20060409,1,9,4,2006,0,1
851,20060402,1,2,4,2006,0,1
852,20060421,1,21,4,2006,5,0
853,20060402,1,2,4,2006,0,1
854,20060408,1,8,4,2006,6,1
855,20060402,1,2,4,2006,0,1
856,20060406,1,6,4,2006,4,1
857,20060405,1,5,4,2006,3,1
858,20060402,1,2,4,2006,0,1
859,20060402,1,2,4,2006,0,1
860,20060402,1,2,4,2006,0,1
861,20060407,1,7,4,2006,5,1
862,20060407,1,7,4,2006,5,1
863,20060330,1,30,3,2006,4,0
864,20060402,1,2,4,2006,0,1
865,20060401,1,1,4,2006,6,1
866,20060405,1,5,4,2006,3,1
867,20060329,1,29,3,2006,3,0
868,20060401,1,1,4,2006,6,1
869,20060402,1,2,4,2006,0,1
870,20060401,1,1,4,2006,6,1
871,20060401,1,1,4,2006,6,1
873,20060407,1,7,4,2006,5,1
874,20060407,1,7,4,2006,5,1
891,20060402,1,2,4,2006,0,1
1001,20060331,1,31,3,2006,5,0
1002,20060331,1,31,3,2006,5,0
1003,20060331,1,31,3,2006,5,0
1004,20060402,1,2,4,2006,0,1
1005,20060329,1,29,3,2006,3,0
1006,20060330,1,30,3,2006,4,0
1007,20060331,1,31,3,2006,5,0
1008,20060405,1,5,4,2006,3,1
1009,20060329,1,29,3,2006,3,0
1011,20060331,1,31,3,2006,5,0
1014,20060331,1,31,3,2006,5,0
1015,20060405,1,5,4,2006,3,1
1016,20060331,1,31,3,2006,5,0
1018,20060331,1,31,3,2006,5,0
1020,20060330,1,30,3,2006,4,0
1021,20060330,1,30,3,2006,4,0
1022,20060331,1,31,3,2006,5,0
1023,20060331,1,31,3,2006,5,0
1024,20060331,1,31,3,2006,5,0
1025,20060406,1,6,4,2006,4,1
1026,20060330,1,30,3,2006,4,0
1027,20060331,1,31,3,2006,5,0
1028,20060330,1,30,3,2006,4,0
1029,20060330,1,30,3,2006,4,0
1030,20060331,1,31,3,2006,5,0
1031,20060331,1,31,3,2006,5,0
1032,20060330,1,30,3,2006,4,0
1033,20060330,1,30,3,2006,4,0
1034,20060330,1,30,3,2006,4,0
1037,20060402,1,2,4,2006,0,1
1038,20060330,1,30,3,2006,4,0
1039,20060401,1,1,4,2006,6,1
1041,20060331,1,31,3,2006,5,0
1042,20060331,1,31,3,2006,5,0
1043,20060331,1,31,3,2006,5,0
1044,20060330,1,30,3,2006,4,0
1047,20060331,1,31,3,2006,5,0
1048,20060331,1,31,3,2006,5,0
1049,20060330,1,30,3,2006,4,0
1050,20060330,1,30,3,2006,4,0
1051,20060331,1,31,3,2006,5,0
1052,20060330,1,30,3,2006,4,0
1053,20060331,1,31,3,2006,5,0
1054,20060330,1,30,3,2006,4,0
1055,20060331,1,31,3,2006,5,0
1056,20060331,1,31,3,2006,5,0
1057,20060331,1,31,3,2006,5,0
1058,20060330,1,30,3,2006,4,0
1059,20060330,1,30,3,2006,4,0
1060,20060331,1,31,3,2006,5,0
1061,20060330,1,30,3,2006,4,0
1062,20060330,1,30,3,2006,4,0
1063,20060331,1,31,3,2006,5,0
1064,20060331,1,31,3,2006,5,0
1069,20060402,1,2,4,2006,0,1
1071,20060402,1,2,4,2006,0,1
1072,20060331,1,31,3,2006,5,0
1073,20060330,1,30,3,2006,4,0
1074,20060330,1,30,3,2006,4,0
1077,20060403,1,3,4,2006,1,1
1078,20060402,1,2,4,2006,0,1
1079,20060330,1,30,3,2006,4,0
1081,20060331,1,31,3,2006,5,0
1082,20060402,1,2,4,2006,0,1
1083,20060401,1,1,4,2006,6,1
1085,20060401,1,1,4,2006,6,1
1087,20060401,1,1,4,2006,6,1
1088,20060404,1,4,4,2006,2,1
1089,20060401,1,1,4,2006,6,1
1090,20060402,1,2,4,2006,0,1
1092,20060402,1,2,4,2006,0,1
1093,20060412,1,12,4,2006,3,1
1095,20060402,1,2,4,2006,0,1
1097,20060401,1,1,4,2006,6,1
1099,20060402,1,2,4,2006,0,1
1101,20060331,1,31,3,2006,5,0
1102,20060331,1,31,3,2006,5,0
1103,20060401,1,1,4,2006,6,1
1104,20060330,1,30,3,2006,4,0
1105,20060402,1,2,4,2006,0,1
1106,20060402,1,2,4,2006,0,1
1107,20060405,1,5,4,2006,3,1
1108,20060409,1,9,4,2006,0,1
1109,20060405,1,5,4,2006,3,1
1110,20060406,1,6,4,2006,4,1
1112,20060405,1,5,4,2006,3,1
1113,20060409,1,9,4,2006,0,1
1115,20060405,1,5,4,2006,3,1
1117,20060404,1,4,4,2006,2,1
1118,20060404,1,4,4,2006,2,1
1119,20060404,1,4,4,2006,2,1
1120,20060404,1,4,4,2006,2,1
1121,20060401,1,1,4,2006,6,1
1122,20060405,1,5,4,2006,3,1
1124,20060404,1,4,4,2006,2,1
1125,20060401,1,1,4,2006,6,1
1126,20060402,1,2,4,2006,0,1
1128,20060331,1,31,3,2006,5,0
1133,20060403,1,3,4,2006,1,1
1134,20060402,1,2,4,2006,0,1
1135,20060402,1,2,4,2006,0,1
1136,20060404,1,4,4,2006,2,1
1141,20060402,1,2,4,2006,0,1
1142,20060407,1,7,4,2006,5,1
1147,20060402,1,2,4,2006,0,1
1150,20060407,1,7,4,2006,5,1
1155,20060402,1,2,4,2006,0,1
1157,20060402,1,2,4,2006,0,1
1158,20060402,1,2,4,2006,0,1
1159,20060401,1,1,4,2006,6,1
1160,20060402,1,2,4,2006,0,1
1161,20060402,1,2,4,2006,0,1
1162,20060404,1,4,4,2006,2,1
1163,20060403,1,3,4,2006,1,1
1164,20060401,1,1,4,2006,6,1
1165,20060401,1,1,4,2006,6,1
1166,20060402,1,2,4,2006,0,1
1167,20060404,1,4,4,2006,2,1
1168,20060406,1,6,4,2006,4,1
1170,20060405,1,5,4,2006,3,1
1174,20060405,1,5,4,2006,3,1
1175,20060406,1,6,4,2006,4,1
1176,20060406,1,6,4,2006,4,1
1177,20060408,1,8,4,2006,6,1
1178,20060406,1,6,4,2006,4,1
1180,20060405,1,5,4,2006,3,1
1181,20060405,1,5,4,2006,3,1
1182,20060405,1,5,4,2006,3,1
1183,20060405,1,5,4,2006,3,1
1184,20060406,1,6,4,2006,4,1
1187,20060406,1,6,4,2006,4,1
1188,20060405,1,5,4,2006,3,1
1191,20060405,1,5,4,2006,3,1
1192,20060406,1,6,4,2006,4,1
1193,20060406,1,6,4,2006,4,1
1194,20060405,1,5,4,2006,3,1
1195,20060405,1,5,4,2006,3,1
1196,20060406,1,6,4,2006,4,1
1197,20060405,1,5,4,2006,3,1
1198,20060405,1,5,4,2006,3,1
1199,20060405,1,5,4,2006,3,1
1200,20060401,1,1,4,2006,6,1
1201,20060405,1,5,4,2006,3,1
1202,20060402,1,2,4,2006,0,1
1203,20060402,1,2,4,2006,0,1
1204,20060405,1,5,4,2006,3,1
1205,20060407,1,7,4,2006,5,1
1206,20060402,1,2,4,2006,0,1
1207,20060406,1,6,4,2006,4,1
1208,20060406,1,6,4,2006,4,1
1209,20060402,1,2,4,2006,0,1
1210,20060408,1,8,4,2006,6,1
1211,20060409,1,9,4,2006,0,1
1214,20060409,1,9,4,2006,0,1
1215,20060409,1,9,4,2006,0,1
1216,20060409,1,9,4,2006,0,1
1217,20060409,1,9,4,2006,0,1
1218,20060406,1,6,4,2006,4,1
1221,20060405,1,5,4,2006,3,1
1223,20060405,1,5,4,2006,3,1
1225,20060408,1,8,4,2006,6,1
1226,20060401,1,1,4,2006,6,1
1227,20060402,1,2,4,2006,0,1
1228,20060402,1,2,4,2006,0,1
1229,20060406,1,6,4,2006,4,1
1230,20060406,1,6,4,2006,4,1
1235,20060401,1,1,4,2006,6,1
1236,20060406,1,6,4,2006,4,1
1237,20060401,1,1,4,2006,6,1
1238,20060402,1,2,4,2006,0,1
1239,20060407,1,7,4,2006,5,1
1241,20060505,1,5,5,2006,5,0
1242,20060408,1,8,4,2006,6,1
1244,20060406,1,6,4,2006,4,1
1247,20060409,1,9,4,2006,0,1
1248,20060406,1,6,4,2006,4,1
1249,20060405,1,5,4,2006,3,1
1250,20060405,1,5,4,2006,3,1
1251,20060402,1,2,4,2006,0,1
1254,20060405,1,5,4,2006,3,1
1256,20060404,1,4,4,2006,2,1
1257,20060409,1,9,4,2006,0,1
1258,20060326,1,26,3,2006,0,0
1259,20060408,1,8,4,2006,6,1
1262,20060402,1,2,4,2006,0,1
1263,20060402,1,2,4,2006,0,1
1264,20060402,1,2,4,2006,0,1
1265,20060401,1,1,4,2006,6,1
1266,20060407,1,7,4,2006,5,1
1267,20060405,1,5,4,2006,3,1
1268,20060405,1,5,4,2006,3,1
1269,20060405,1,5,4,2006,3,1
1270,20060407,1,7,4,2006,5,1
1271,20060406,1,6,4,2006,4,1
1272,20060406,1,6,4,2006,4,1
1273,20060405,1,5,4,2006,3,1
1274,20060405,1,5,4,2006,3,1
1279,20060406,1,6,4,2006,4,1
1281,20060424,1,24,4,2006,1,0
1284,20060405,1,5,4,2006,3,1
1285,20060405,1,5,4,2006,3,1
1286,20060405,1,5,4,2006,3,1
1288,20060402,1,2,4,2006,0,1
1289,20060406,1,6,4,2006,4,1
1290,20060405,1,5,4,2006,3,1
1292,20060402,1,2,4,2006,0,1
1293,20060405,1,5,4,2006,3,1
1294,20060405,1,5,4,2006,3,1
1295,20060406,1,6,4,2006,4,1
1300,20060326,1,26,3,2006,0,0
1301,20060401,1,1,4,2006,6,1
1302,20060331,1,31,3,2006,5,0
1303,20060402,1,2,4,2006,0,1
1304,20060402,1,2,4,2006,0,1
1305,20060331,1,31,3,2006,5,0
1306,20060318,1,18,3,2006,6,0
1,20060320,2,20,3,2006,1,0
2,20060319,2,19,3,2006,0,0
3,20060318,2,18,3,2006,6,0
4,20060320,2,20,3,2006,1,0
5,20060320,2,20,3,2006,1,0
6,20060321,2,21,3,2006,2,0
7,20060319,2,19,3,2006,0,0
8,20060319,2,19,3,2006,0,0
9,20060320,2,20,3,2006,1,0
10,20060320,2,20,3,2006,1,0
11,20060320,2,20,3,2006,1,0
12,20060318,2,18,3,2006,6,0
13,20060321,2,21,3,2006,2,0
14,20060318,2,18,3,2006,6,0
15,20060320,2,20,3,2006,1,0
16,20060318,2,18,3,2006,6,0
17,20060318,2,18,3,2006,6,0
18,20060318,2,18,3,2006,6,0
19,20060318,2,18,3,2006,6,0
20,20060318,2,18,3,2006,6,0
21,20060318,2,18,3,2006,6,0
22,20060318,2,18,3,2006,6,0
23,20060321,2,21,3,2006,2,0
24,20060320,2,20,3,2006,1,0
25,20060321,2,21,3,2006,2,0
26,20060320,2,20,3,2006,1,0
27,20060320,2,20,3,2006,1,0
28,20060320,2,20,3,2006,1,0
29,20060320,2,20,3,2006,1,0
30,20060320,2,20,3,2006,1,0
31,20060402,2,2,4,2006,0,1
32,20060320,2,20,3,2006,1,0
33,20060320,2,20,3,2006,1,0
34,20060320,2,20,3,2006,1,0
35,20060320,2,20,3,2006,1,0
36,20060320,2,20,3,2006,1,0
37,20060320,2,20,3,2006,1,0
38,20060320,2,20,3,2006,1,0
39,20060320,2,20,3,2006,1,0
40,20060321,2,21,3,2006,2,0
41,20060318,2,18,3,2006,6,0
42,20060318,2,18,3,2006,6,0
43,20060320,2,20,3,2006,1,0
44,20060321,2,21,3,2006,2,0
45,20060321,2,21,3,2006,2,0
46,20060321,2,21,3,2006,2,0
47,20060320,2,20,3,2006,1,0
48,20060321,2,21,3,2006,2,0
49,20060325,2,25,3,2006,6,0
50,20060325,2,25,3,2006,6,0
51,20060325,2,25,3,2006,6,0
52,20060321,2,21,3,2006,2,0
53,20060326,2,26,3,2006,0,0
54,20060325,2,25,3,2006,6,0
55,20060325,2,25,3,2006,6,0
56,20060325,2,25,3,2006,6,0
57,20060325,2,25,3,2006,6,0
58,20060325,2,25,3,2006,6,0
59,20060325,2,25,3,2006,6,0
60,20060325,2,25,3,2006,6,0
61,20060325,2,25,3,2006,6,0
62,20060325,2,25,3,2006,6,0
63,20060325,2,25,3,2006,6,0
64,20060325,2,25,3,2006,6,0
65,20060325,2,25,3,2006,6,0
66,20060325,2,25,3,2006,6,0
67,20060326,2,26,3,2006,0,0
68,20060326,2,26,3,2006,0,0
69,20060325,2,25,3,2006,6,0
70,20060320,2,20,3,2006,1,0
71,20060325,2,25,3,2006,6,0
72,20060326,2,26,3,2006,0,0
73,20060326,2,26,3,2006,0,0
74,20060326,2,26,3,2006,0,0
75,20060326,2,26,3,2006,0,0
76,20060326,2,26,3,2006,0,0
77,20060326,2,26,3,2006,0,0
78,20060326,2,26,3,2006,0,0
79,20060326,2,26,3,2006,0,0
80,20060326,2,26,3,2006,0,0
81,20060326,2,26,3,2006,0,0
82,20060318,2,18,3,2006,6,0
83,20060324,2,24,3,2006,5,0
84,20060325,2,25,3,2006,6,0
85,20060325,2,25,3,2006,6,0
86,20060325,2,25,3,2006,6,0
87,20060325,2,25,3,2006,6,0
88,20060325,2,25,3,2006,6,0
89,20060326,2,26,3,2006,0,0
90,20060326,2,26,3,2006,0,0
91,20060327,2,27,3,2006,1,0
92,20060326,2,26,3,2006,0,0
93,20060327,2,27,3,2006,1,0
94,20060325,2,25,3,2006,6,0
95,20060326,2,26,3,2006,0,0
96,20060326,2,26,3,2006,0,0
97,20060327,2,27,3,2006,1,0
98,20060325,2,25,3,2006,6,0
99,20060327,2,27,3,2006,1,0
100,20060328,2,28,3,2006,2,0
101,20060325,2,25,3,2006,6,0
102,20060326,2,26,3,2006,0,0
103,20060325,2,25,3,2006,6,0
104,20060326,2,26,3,2006,0,0
105,20060325,2,25,3,2006,6,0
106,20060325,2,25,3,2006,6,0
107,20060325,2,25,3,2006,6,0
108,20060325,2,25,3,2006,6,0
109,20060326,2,26,3,2006,0,0
110,20060318,2,18,3,2006,6,0
111,20060325,2,25,3,2006,6,0
112,20060321,2,21,3,2006,2,0
113,20060327,2,27,3,2006,1,0
114,20060328,2,28,3,2006,2,0
115,20060326,2,26,3,2006,0,0
116,20060320,2,20,3,2006,1,0
117,20060321,2,21,3,2006,2,0
118,20060321,2,21,3,2006,2,0
119,20060326,2,26,3,2006,0,0
120,20060325,2,25,3,2006,6,0
121,20060325,2,25,3,2006,6,0
122,20060327,2,27,3,2006,1,0
123,20060327,2,27,3,2006,1,0
124,20060327,2,27,3,2006,1,0
125,20060325,2,25,3,2006,6,0
126,20060325,2,25,3,2006,6,0
127,20060326,2,26,3,2006,0,0
128,20060325,2,25,3,2006,6,0
129,20060325,2,25,3,2006,6,0
130,20060328,2,28,3,2006,2,0
132,20060327,2,27,3,2006,1,0
133,20060401,2,1,4,2006,6,1
134,20060403,2,3,4,2006,1,1
135,20060401,2,1,4,2006,6,1
136,20060326,2,26,3,2006,0,0
137,20060403,2,3,4,2006,1,1
138,20060401,2,1,4,2006,6,1
139,20060325,2,25,3,2006,6,0
140,20060401,2,1,4,2006,6,1
141,20060409,2,9,4,2006,0,1
142,20060404,2,4,4,2006,2,1
143,20060327,2,27,3,2006,1,0
144,20060402,2,2,4,2006,0,1
145,20060326,2,26,3,2006,0,0
146,20060326,2,26,3,2006,0,0
147,20060320,2,20,3,2006,1,0
148,20060326,2,26,3,2006,0,0
149,20060326,2,26,3,2006,0,0
150,20060325,2,25,3,2006,6,0
151,20060410,2,10,4,2006,1,1
152,20060402,2,2,4,2006,0,1
153,20060404,2,4,4,2006,2,1
154,20060411,2,11,4,2006,2,1
155,20060326,2,26,3,2006,0,0
156,20060421,2,21,4,2006,5,0
157,20060421,2,21,4,2006,5,0
158,20060326,2,26,3,2006,0,0
159,20060322,2,22,3,2006,3,0
160,20060321,2,21,3,2006,2,0
161,20060409,2,9,4,2006,0,1
162,20060402,2,2,4,2006,0,1
163,20060402,2,2,4,2006,0,1
164,20060328,2,28,3,2006,2,0
165,20060401,2,1,4,2006,6,1
170,20060325,2,25,3,2006,6,0
190,20060325,2,25,3,2006,6,0
195,20060409,2,9,4,2006,0,1
199,20060402,2,2,4,2006,0,1
205,20060327,2,27,3,2006,1,0
206,20060327,2,27,3,2006,1,0
207,20060327,2,27,3,2006,1,0
208,20060327,2,27,3,2006,1,0
209,20060327,2,27,3,2006,1,0
210,20060327,2,27,3,2006,1,0
211,20060327,2,27,3,2006,1,0
212,20060325,2,25,3,2006,6,0
213,20060327,2,27,3,2006,1,0
215,20060327,2,27,3,2006,1,0
217,20060402,2,2,4,2006,0,1
218,20060328,2,28,3,2006,2,0
220,20060327,2,27,3,2006,1,0
221,20060327,2,27,3,2006,1,0
222,20060327,2,27,3,2006,1,0
223,20060325,2,25,3,2006,6,0
224,20060330,2,30,3,2006,4,0
226,20060401,2,1,4,2006,6,1
227,20060402,2,2,4,2006,0,1
228,20060402,2,2,4,2006,0,1
229,20060327,2,27,3,2006,1,0
230,20060327,2,27,3,2006,1,0
231,20060401,2,1,4,2006,6,1
233,20060401,2,1,4,2006,6,1
235,20060401,2,1,4,2006,6,1
236,20060402,2,2,4,2006,0,1
237,20060401,2,1,4,2006,6,1
238,20060401,2,1,4,2006,6,1
243,20060401,2,1,4,2006,6,1
244,20060401,2,1,4,2006,6,1
245,20060402,2,2,4,2006,0,1
246,20060401,2,1,4,2006,6,1
248,20060401,2,1,4,2006,6,1
249,20060402,2,2,4,2006,0,1
250,20060401,2,1,4,2006,6,1
251,20060327,2,27,3,2006,1,0
252,20060402,2,2,4,2006,0,1
253,20060402,2,2,4,2006,0,1
254,20060402,2,2,4,2006,0,1
255,20060401,2,1,4,2006,6,1
256,20060401,2,1,4,2006,6,1
257,20060403,2,3,4,2006,1,1
258,20060402,2,2,4,2006,0,1
259,20060401,2,1,4,2006,6,1
260,20060401,2,1,4,2006,6,1
263,20060401,2,1,4,2006,6,1
265,20060401,2,1,4,2006,6,1
266,20060401,2,1,4,2006,6,1
268,20060401,2,1,4,2006,6,1
269,20060401,2,1,4,2006,6,1
270,20060401,2,1,4,2006,6,1
271,20060401,2,1,4,2006,6,1
272,20060401,2,1,4,2006,6,1
273,20060327,2,27,3,2006,1,0
274,20060325,2,25,3,2006,6,0
275,20060327,2,27,3,2006,1,0
276,20060401,2,1,4,2006,6,1
277,20060327,2,27,3,2006,1,0
278,20060401,2,1,4,2006,6,1
279,20060401,2,1,4,2006,6,1
280,20060401,2,1,4,2006,6,1
281,20060402,2,2,4,2006,0,1
282,20060327,2,27,3,2006,1,0
285,20060401,2,1,4,2006,6,1
287,20060402,2,2,4,2006,0,1
288,20060401,2,1,4,2006,6,1
289,20060402,2,2,4,2006,0,1
290,20060401,2,1,4,2006,6,1
291,20060408,2,8,4,2006,6,1
293,20060327,2,27,3,2006,1,0
295,20060401,2,1,4,2006,6,1
297,20060401,2,1,4,2006,6,1
298,20060402,2,2,4,2006,0,1
300,20060401,2,1,4,2006,6,1
301,20060402,2,2,4,2006,0,1
302,20060403,2,3,4,2006,1,1
306,20060401,2,1,4,2006,6,1
307,20060401,2,1,4,2006,6,1
308,20060402,2,2,4,2006,0,1
310,20060403,2,3,4,2006,1,1
311,20060402,2,2,4,2006,0,1
312,20060408,2,8,4,2006,6,1
314,20060404,2,4,4,2006,2,1
315,20060402,2,2,4,2006,0,1
316,20060403,2,3,4,2006,1,1
317,20060402,2,2,4,2006,0,1
320,20060404,2,4,4,2006,2,1
321,20060403,2,3,4,2006,1,1
323,20060403,2,3,4,2006,1,1
324,20060408,2,8,4,2006,6,1
327,20060403,2,3,4,2006,1,1
328,20060401,2,1,4,2006,6,1
329,20060406,2,6,4,2006,4,1
330,20060403,2,3,4,2006,1,1
332,20060404,2,4,4,2006,2,1
334,20060404,2,4,4,2006,2,1
336,20060404,2,4,4,2006,2,1
338,20060403,2,3,4,2006,1,1
339,20060404,2,4,4,2006,2,1
340,20060404,2,4,4,2006,2,1
341,20060404,2,4,4,2006,2,1
342,20060404,2,4,4,2006,2,1
344,20060403,2,3,4,2006,1,1
345,20060403,2,3,4,2006,1,1
346,20060405,2,5,4,2006,3,1
347,20060403,2,3,4,2006,1,1
348,20060406,2,6,4,2006,4,1
349,20060403,2,3,4,2006,1,1
350,20060408,2,8,4,2006,6,1
351,20060403,2,3,4,2006,1,1
353,20060403,2,3,4,2006,1,1
354,20060405,2,5,4,2006,3,1
355,20060403,2,3,4,2006,1,1
356,20060401,2,1,4,2006,6,1
357,20060403,2,3,4,2006,1,1
358,20060408,2,8,4,2006,6,1
359,20060403,2,3,4,2006,1,1
361,20060404,2,4,4,2006,2,1
363,20060410,2,10,4,2006,1,1
364,20060409,2,9,4,2006,0,1
365,20060409,2,9,4,2006,0,1
367,20060409,2,9,4,2006,0,1
369,20060327,2,27,3,2006,1,0
370,20060327,2,27,3,2006,1,0
371,20060401,2,1,4,2006,6,1
372,20060325,2,25,3,2006,6,0
374,20060401,2,1,4,2006,6,1
375,20060401,2,1,4,2006,6,1
376,20060327,2,27,3,2006,1,0
379,20060404,2,4,4,2006,2,1
380,20060401,2,1,4,2006,6,1
381,20060402,2,2,4,2006,0,1
382,20060401,2,1,4,2006,6,1
383,20060401,2,1,4,2006,6,1
384,20060401,2,1,4,2006,6,1
385,20060401,2,1,4,2006,6,1
386,20060401,2,1,4,2006,6,1
387,20060403,2,3,4,2006,1,1
388,20060402,2,2,4,2006,0,1
389,20060403,2,3,4,2006,1,1
390,20060401,2,1,4,2006,6,1
391,20060404,2,4,4,2006,2,1
393,20060404,2,4,4,2006,2,1
394,20060404,2,4,4,2006,2,1
395,20060404,2,4,4,2006,2,1
396,20060404,2,4,4,2006,2,1
399,20060404,2,4,4,2006,2,1
400,20060404,2,4,4,2006,2,1
402,20060404,2,4,4,2006,2,1
403,20060404,2,4,4,2006,2,1
404,20060403,2,3,4,2006,1,1
405,20060403,2,3,4,2006,1,1
406,20060403,2,3,4,2006,1,1
407,20060404,2,4,4,2006,2,1
408,20060403,2,3,4,2006,1,1
409,20060404,2,4,4,2006,2,1
410,20060404,2,4,4,2006,2,1
411,20060303,2,3,3,2006,1,0
412,20060404,2,4,4,2006,2,1
415,20060404,2,4,4,2006,2,1
416,20060404,2,4,4,2006,2,1
417,20060403,2,3,4,2006,1,1
418,20060411,2,11,4,2006,2,1
419,20060403,2,3,4,2006,1,1
420,20060405,2,5,4,2006,3,1
421,20060403,2,3,4,2006,1,1
422,20060404,2,4,4,2006,2,1
423,20060404,2,4,4,2006,2,1
424,20060403,2,3,4,2006,1,1
425,20060404,2,4,4,2006,2,1
426,20060404,2,4,4,2006,2,1
427,20060404,2,4,4,2006,2,1
428,20060405,2,5,4,2006,3,1
429,20060404,2,4,4,2006,2,1
430,20060403,2,3,4,2006,1,1
431,20060404,2,4,4,2006,2,1
432,20060403,2,3,4,2006,1,1
433,20060403,2,3,4,2006,1,1
434,20060403,2,3,4,2006,1,1
435,20060404,2,4,4,2006,2,1
436,20060403,2,3,4,2006,1,1
437,20060404,2,4,4,2006,2,1
438,20060403,2,3,4,2006,1,1
439,20060404,2,4,4,2006,2,1
441,20060404,2,4,4,2006,2,1
444,20060403,2,3,4,2006,1,1
445,20060405,2,5,4,2006,3,1
446,20060404,2,4,4,2006,2,1
447,20060405,2,5,4,2006,3,1
448,20060404,2,4,4,2006,2,1
450,20060408,2,8,4,2006,6,1
452,20060408,2,8,4,2006,6,1
454,20060410,2,10,4,2006,1,1
456,20060408,2,8,4,2006,6,1
457,20060404,2,4,4,2006,2,1
459,20060409,2,9,4,2006,0,1
462,20060409,2,9,4,2006,0,1
464,20060408,2,8,4,2006,6,1
501,20060326,2,26,3,2006,0,0
502,20060329,2,29,3,2006,3,0
503,20060327,2,27,3,2006,1,0
504,20060328,2,28,3,2006,2,0
505,20060328,2,28,3,2006,2,0
506,20060328,2,28,3,2006,2,0
507,20060328,2,28,3,2006,2,0
509,20060327,2,27,3,2006,1,0
512,20060327,2,27,3,2006,1,0
513,20060327,2,27,3,2006,1,0
515,20060327,2,27,3,2006,1,0
516,20060328,2,28,3,2006,2,0
518,20060327,2,27,3,2006,1,0
520,20060401,2,1,4,2006,6,1
521,20060327,2,27,3,2006,1,0
522,20060402,2,2,4,2006,0,1
523,20060401,2,1,4,2006,6,1
525,20060402,2,2,4,2006,0,1
526,20060401,2,1,4,2006,6,1
529,20060401,2,1,4,2006,6,1
530,20060402,2,2,4,2006,0,1
531,20060402,2,2,4,2006,0,1
533,20060402,2,2,4,2006,0,1
534,20060402,2,2,4,2006,0,1
535,20060401,2,1,4,2006,6,1
536,20060401,2,1,4,2006,6,1
538,20060401,2,1,4,2006,6,1
539,20060401,2,1,4,2006,6,1
540,20060401,2,1,4,2006,6,1
541,20060401,2,1,4,2006,6,1
542,20060401,2,1,4,2006,6,1
543,20060401,2,1,4,2006,6,1
544,20060402,2,2,4,2006,0,1
547,20060402,2,2,4,2006,0,1
548,20060402,2,2,4,2006,0,1
551,20060402,2,2,4,2006,0,1
552,20060401,2,1,4,2006,6,1
553,20060401,2,1,4,2006,6,1
554,20060402,2,2,4,2006,0,1
555,20060401,2,1,4,2006,6,1
556,20060403,2,3,4,2006,1,1
557,20060401,2,1,4,2006,6,1
559,20060401,2,1,4,2006,6,1
560,20060402,2,2,4,2006,0,1
562,20060401,2,1,4,2006,6,1
563,20060402,2,2,4,2006,0,1
564,20060401,2,1,4,2006,6,1
565,20060401,2,1,4,2006,6,1
567,20060401,2,1,4,2006,6,1
568,20060401,2,1,4,2006,6,1
569,20060401,2,1,4,2006,6,1
570,20060401,2,1,4,2006,6,1
571,20060403,2,3,4,2006,1,1
574,20060403,2,3,4,2006,1,1
576,20060404,2,4,4,2006,2,1
577,20060405,2,5,4,2006,3,1
578,20060406,2,6,4,2006,4,1
579,20060403,2,3,4,2006,1,1
580,20060403,2,3,4,2006,1,1
581,20060404,2,4,4,2006,2,1
701,20060409,2,9,4,2006,0,1
702,20060328,2,28,3,2006,2,0
703,20060408,2,8,4,2006,6,1
704,20060327,2,27,3,2006,1,0
706,20060401,2,1,4,2006,6,1
709,20060409,2,9,4,2006,0,1
710,20060327,2,27,3,2006,1,0
711,20060405,2,5,4,2006,3,1
712,20060327,2,27,3,2006,1,0
716,20060402,2,2,4,2006,0,1
719,20060408,2,8,4,2006,6,1
721,20060409,2,9,4,2006,0,1
722,20060405,2,5,4,2006,3,1
723,20060409,2,9,4,2006,0,1
725,20060409,2,9,4,2006,0,1
727,20060409,2,9,4,2006,0,1
730,20060415,2,15,4,2006,6,1
732,20060408,2,8,4,2006,6,1
733,20060409,2,9,4,2006,0,1
736,20060409,2,9,4,2006,0,1
737,20060411,2,11,4,2006,2,1
738,20060409,2,9,4,2006,0,1
739,20060411,2,11,4,2006,2,1
740,20060412,2,12,4,2006,3,1
742,20060411,2,11,4,2006,2,1
743,20060411,2,11,4,2006,2,1
746,20060411,2,11,4,2006,2,1
747,20060411,2,11,4,2006,2,1
748,20060408,2,8,4,2006,6,1
749,20060410,2,10,4,2006,1,1
750,20060403,2,3,4,2006,1,1
752,20060409,2,9,4,2006,0,1
753,20060408,2,8,4,2006,6,1
754,20060408,2,8,4,2006,6,1
756,20060405,2,5,4,2006,3,1
757,20060408,2,8,4,2006,6,1
758,20060405,2,5,4,2006,3,1
759,20060407,2,7,4,2006,5,1
760,20060408,2,8,4,2006,6,1
761,20060404,2,4,4,2006,2,1
762,20060409,2,9,4,2006,0,1
763,20060403,2,3,4,2006,1,1
764,20060429,2,29,4,2006,6,0
765,20060405,2,5,4,2006,3,1
766,20060416,2,16,4,2006,0,1
767,20060409,2,9,4,2006,0,1
768,20060408,2,8,4,2006,6,1
769,20060404,2,4,4,2006,2,1
770,20060409,2,9,4,2006,0,1
771,20060409,2,9,4,2006,0,1
772,20060409,2,9,4,2006,0,1
773,20060405,2,5,4,2006,3,1
774,20060408,2,8,4,2006,6,1
801,20060329,2,29,3,2006,3,0
802,20060401,2,1,4,2006,6,1
803,20060409,2,9,4,2006,0,1
804,20060404,2,4,4,2006,2,1
805,20060409,2,9,4,2006,0,1
806,20060411,2,11,4,2006,2,1
807,20060409,2,9,4,2006,0,1
808,20060409,2,9,4,2006,0,1
810,20060408,2,8,4,2006,6,1
811,20060409,2,9,4,2006,0,1
813,20060409,2,9,4,2006,0,1
816,20060409,2,9,4,2006,0,1
822,20060411,2,11,4,2006,2,1
824,20060411,2,11,4,2006,2,1
825,20060409,2,9,4,2006,0,1
826,20060411,2,11,4,2006,2,1
827,20060411,2,11,4,2006,2,1
828,20060413,2,13,4,2006,4,1
829,20060412,2,12,4,2006,3,1
830,20060411,2,11,4,2006,2,1
832,20060411,2,11,4,2006,2,1
833,20060412,2,12,4,2006,3,1
834,20060411,2,11,4,2006,2,1
837,20060410,2,10,4,2006,1,1
839,20060410,2,10,4,2006,1,1
840,20060411,2,11,4,2006,2,1
843,20060404,2,4,4,2006,2,1
845,20060405,2,5,4,2006,3,1
846,20060422,2,22,4,2006,6,0
847,20060405,2,5,4,2006,3,1
848,20060410,2,10,4,2006,1,1
851,20060403,2,3,4,2006,1,1
852,20060422,2,22,4,2006,6,0
853,20060404,2,4,4,2006,2,1
854,20060411,2,11,4,2006,2,1
855,20060404,2,4,4,2006,2,1
856,20060409,2,9,4,2006,0,1
857,20060409,2,9,4,2006,0,1
858,20060405,2,5,4,2006,3,1
859,20060403,2,3,4,2006,1,1
860,20060405,2,5,4,2006,3,1
861,20060408,2,8,4,2006,6,1
862,20060409,2,9,4,2006,0,1
863,20060402,2,2,4,2006,0,1
864,20060403,2,3,4,2006,1,1
865,20060403,2,3,4,2006,1,1
866,20060409,2,9,4,2006,0,1
867,20060402,2,2,4,2006,0,1
868,20060404,2,4,4,2006,2,1
869,20060404,2,4,4,2006,4,1
870,20060405,2,5,4,2006,3,1
871,20060404,2,4,4,2006,2,1
873,20060408,2,8,4,2006,6,1
874,20060409,2,9,4,2006,0,1
891,20060405,2,5,4,2006,3,1
1001,20060402,2,2,4,2006,0,1
1002,20060402,2,2,4,2006,0,1
1003,20060402,2,2,4,2006,0,1
1004,20060404,2,4,4,2006,2,1
1005,20060402,2,2,4,2006,0,1
1006,20060401,2,1,4,2006,6,1
1007,20060401,2,1,4,2006,6,1
1008,20060409,2,9,4,2006,0,1
1009,20060401,2,1,4,2006,6,1
1011,20060401,2,1,4,2006,6,1
1014,20060401,2,1,4,2006,6,1
1015,20060408,2,8,4,2006,6,1
1016,20060401,2,1,4,2006,6,1
1018,20060402,2,2,4,2006,0,1
1020,20060402,2,2,4,2006,0,1
1021,20060401,2,1,4,2006,6,1
1022,20060402,2,2,4,2006,0,1
1023,20060402,2,2,4,2006,0,1
1024,20060402,2,2,4,2006,0,1
1025,20060409,2,9,4,2006,0,1
1026,20060401,2,1,4,2006,6,1
1027,20060402,2,2,4,2006,0,1
1028,20060401,2,1,4,2006,6,1
1029,20060401,2,1,4,2006,6,1
1030,20060402,2,2,4,2006,0,1
1031,20060402,2,2,4,2006,0,1
1032,20060401,2,1,4,2006,6,1
1033,20060401,2,1,4,2006,6,1
1034,20060401,2,1,4,2006,6,1
1037,20060403,2,3,4,2006,1,1
1038,20060401,2,1,4,2006,6,1
1039,20060404,2,4,4,2006,2,1
1041,20060402,2,2,4,2006,0,1
1042,20060402,2,2,4,2006,0,1
1043,20060402,2,2,4,2006,0,1
1044,20060401,2,1,4,2006,6,1
1047,20060402,2,2,4,2006,0,1
1048,20060402,2,2,4,2006,0,1
1049,20060401,2,1,4,2006,6,1
1050,20060401,2,1,4,2006,6,1
1051,20060402,2,2,4,2006,0,1
1052,20060401,2,1,4,2006,6,1
1053,20060402,2,2,4,2006,0,1
1054,20060401,2,1,4,2006,6,1
1055,20060402,2,2,4,2006,0,1
1056,20060402,2,2,4,2006,0,1
1057,20060402,2,2,4,2006,0,1
1058,20060401,2,1,4,2006,6,1
1059,20060402,2,2,4,2006,0,1
1060,20060402,2,2,4,2006,0,1
1061,20060401,2,1,4,2006,6,1
1062,20060401,2,1,4,2006,6,1
1063,20060402,2,2,4,2006,0,1
1064,20060402,2,2,4,2006,0,1
1069,20060403,2,3,4,2006,1,1
1071,20060403,2,3,4,2006,1,1
1072,20060402,2,2,4,2006,0,1
1073,20060402,2,2,4,2006,0,1
1074,20060401,2,1,4,2006,6,1
1077,20060409,2,9,4,2006,0,1
1078,20060403,2,3,4,2006,1,1
1079,20060401,2,1,4,2006,6,1
1081,20060401,2,1,4,2006,6,1
1082,20060404,2,4,4,2006,2,1
1083,20060405,2,5,4,2006,3,1
1085,20060403,2,3,4,2006,1,1
1087,20060404,2,4,4,2006,2,1
1088,20060408,2,8,4,2006,6,1
1089,20060404,2,4,4,2006,2,1
1090,20060404,2,4,4,2006,2,1
1092,20060404,2,4,4,2006,2,1
1093,20060416,2,16,4,2006,0,1
1095,20060404,2,4,4,2006,2,1
1097,20060403,2,3,4,2006,1,1
1099,20060404,2,4,4,2006,2,1
1101,20060401,2,1,4,2006,6,1
1102,20060401,2,1,4,2006,6,1
1103,20060405,2,5,4,2006,3,1
1104,20060402,2,2,4,2006,0,1
1105,20060404,2,4,4,2006,2,1
1106,20060404,2,4,4,2006,2,1
1107,20060408,2,8,4,2006,6,1
1108,20060411,2,11,4,2006,2,1
1109,20060408,2,8,4,2006,6,1
1110,20060408,2,8,4,2006,6,1
1112,20060409,2,9,4,2006,0,1
1113,20060412,2,12,4,2006,3,1
1115,20060408,2,8,4,2006,6,1
1117,20060408,2,8,4,2006,6,1
1118,20060408,2,8,4,2006,6,1
1119,20060408,2,8,4,2006,6,1
1120,20060408,2,8,4,2006,6,1
1121,20060405,2,5,4,2006,3,1
1122,20060408,2,8,4,2006,6,1
1124,20060409,2,9,4,2006,0,1
1125,20060405,2,5,4,2006,3,1
1126,20060406,2,6,4,2006,4,1
1128,20060401,2,1,4,2006,6,1
1133,20060408,2,8,4,2006,6,1
1134,20060406,2,6,4,2006,4,1
1135,20060406,2,6,4,2006,4,1
1136,20060409,2,9,4,2006,0,1
1141,20060404,2,4,4,2006,2,1
1142,20060409,2,9,4,2006,0,1
1147,20060406,2,6,4,2006,4,1
1150,20060408,2,8,4,2006,6,1
1155,20060406,2,6,4,2006,4,1
1157,20060405,2,5,4,2006,3,1
1158,20060404,2,4,4,2006,2,1
1159,20060404,2,4,4,2006,2,1
1160,20060404,2,4,4,2006,2,1
1161,20060406,2,6,4,2006,4,1
1162,20060408,2,8,4,2006,6,1
1163,20060408,2,8,4,2006,6,1
1164,20060404,2,4,4,2006,2,1
1165,20060404,2,4,4,2006,2,1
1166,20060403,2,3,4,2006,1,1
1167,20060408,2,8,4,2006,6,1
1168,20060408,2,8,4,2006,6,1
1170,20060409,2,9,4,2006,0,1
1174,20060408,2,8,4,2006,6,1
1175,20060408,2,8,4,2006,6,1
1176,20060409,2,9,4,2006,0,1
1177,20060412,2,12,4,2006,3,1
1178,20060409,2,9,4,2006,0,1
1180,20060409,2,9,4,2006,0,1
1181,20060409,2,9,4,2006,0,1
1182,20060408,2,8,4,2006,6,1
1183,20060408,2,8,4,2006,6,1
1184,20060408,2,8,4,2006,6,1
1187,20060409,2,9,4,2006,0,1
1188,20060408,2,8,4,2006,6,1
1191,20060409,2,9,4,2006,0,1
1192,20060408,2,8,4,2006,6,1
1193,20060409,2,9,4,2006,0,1
1194,20060409,2,9,4,2006,0,1
1195,20060409,2,9,4,2006,0,1
1196,20060409,2,9,4,2006,0,1
1197,20060408,2,8,4,2006,6,1
1198,20060409,2,9,4,2006,0,1
1199,20060409,2,9,4,2006,0,1
1200,20060405,2,5,4,2006,3,1
1201,20060409,2,9,4,2006,0,1
1202,20060405,2,5,4,2006,3,1
1203,20060405,2,5,4,2006,3,1
1204,20060408,2,8,4,2006,6,1
1205,20060408,2,8,4,2006,6,1
1206,20060405,2,5,4,2006,3,1
1207,20060408,2,8,4,2006,6,1
1208,20060409,2,9,4,2006,0,1
1209,20060405,2,5,4,2006,3,1
1210,20060411,2,11,4,2006,2,1
1211,20060410,2,10,4,2006,1,1
1214,20060411,2,11,4,2006,2,1
1215,20060411,2,11,4,2006,2,1
1216,20060411,2,11,4,2006,2,1
1217,20060411,2,11,4,2006,2,1
1218,20060408,2,8,4,2006,6,1
1221,20060409,2,9,4,2006,0,1
1223,20060409,2,9,4,2006,0,1
1225,20060409,2,9,4,2006,0,1
1226,20060404,2,4,4,2006,2,1
1227,20060404,2,4,4,2006,2,1
1228,20060405,2,5,4,2006,3,1
1229,20060409,2,9,4,2006,0,1
1230,20060409,2,9,4,2006,0,1
1235,20060403,2,3,4,2006,1,1
1236,20060409,2,9,4,2006,0,1
1237,20060405,2,5,4,2006,3,1
1238,20060403,2,3,4,2006,1,1
1239,20060408,2,8,4,2006,6,1
1241,20060507,2,7,5,2006,0,0
1242,20060411,2,11,4,2006,2,1
1244,20060409,2,9,4,2006,0,1
1247,20060411,2,11,4,2006,2,1
1248,20060408,2,8,4,2006,6,1
1249,20060408,2,8,4,2006,6,1
1250,20060409,2,9,4,2006,0,1
1251,20060405,2,5,4,2006,3,1
1254,20060409,2,9,4,2006,0,1
1256,20060415,2,15,4,2006,6,1
1257,20060412,2,12,4,2006,3,1
1258,20060328,2,28,3,2006,2,0
1259,20060410,2,10,4,2006,1,1
1262,20060405,2,5,4,2006,3,1
1263,20060405,2,5,4,2006,3,1
1264,20060405,2,5,4,2006,3,1
1265,20060405,2,5,4,2006,3,1
1266,20060409,2,9,4,2006,0,1
1267,20060409,2,9,4,2006,0,1
1268,20060408,2,8,4,2006,6,1
1269,20060409,2,9,4,2006,0,1
1270,20060409,2,9,4,2006,0,1
1271,20060408,2,8,4,2006,6,1
1272,20060409,2,9,4,2006,0,1
1273,20060409,2,9,4,2006,0,1
1274,20060408,2,8,4,2006,6,1
1279,20060409,2,9,4,2006,0,1
1281,20060429,2,29,4,2006,6,0
1284,20060409,2,9,4,2006,0,1
1285,20060409,2,9,4,2006,0,1
1286,20060409,2,9,4,2006,0,1
1288,20060405,2,5,4,2006,3,1
1289,20060408,2,8,4,2006,6,1
1290,20060409,2,9,4,2006,0,1
1292,20060405,2,5,4,2006,3,1
1293,20060408,2,8,4,2006,6,1
1294,20060409,2,9,4,2006,0,1
1295,20060409,2,9,4,2006,0,1
1300,20060327,2,27,3,2006,1,0
1301,20060403,2,3,4,2006,1,1
1302,20060402,2,2,4,2006,0,1
1303,20060405,2,5,4,2006,3,1
1304,20060404,2,4,4,2006,2,1
1305,20060401,2,1,4,2006,6,1
1306,20060320,2,20,3,2006,1,0
