hh_id,part_id,part_age,part_gender
TW1100105,1100105,47,M
TW1100108,1100108,45,F
TW1100118,1100118,77,F
TW1100121,1100121,43,F
TW1100126,1100126,11,M
TW1100129,1100129,71,F
TW1100130,1100130,80,F
TW1100132,1100132,37,F
TW1100145,1100145,30,M
TW1100150,1100150,22,M
TW1100152,1100152,13,F
TW1100156,1100156,27,F
TW1100159,1100159,49,M
TW1100161,1100161,42,M
TW1100162,1100162,41,M
TW1100164,1100164,9,M
TW1100167,1100167,8,M
TW1100171,1100171,14,F
TW1100173,1100173,59,M
TW1100189,1100189,50,F
TW1100301,1100301,19,M
TW1100307,1100307,40,F
TW1100308,1100308,51,F
TW1100310,1100310,48,F
TW1100311,1100311,32,F
TW1100315,1100315,35,M
TW1100318,1100318,40,M
TW1100322,1100322,57,M
TW1100324,1100324,7,M
TW1100325,1100325,36,M
TW1100330,1100330,31,M
TW1100335,1100335,20,F
TW1100338,1100338,51,F
TW1100339,1100339,25,M
TW1100341,1100341,41,M
TW1100342,1100342,89,M
TW1100343,1100343,51,F
TW1100344,1100344,11,M
TW1100350,1100350,39,F
TW1100351,1100351,25,M
TW1100352,1100352,57,F
TW1100355,1100355,29,M
TW1100356,1100356,3,M
TW1100360,1100360,16,M
TW1100367,1100367,4,F
TW1100378,1100378,89,M
TW1100379,1100379,17,F
TW1100383,1100383,49,F
TW1100384,1100384,20,F
TW1100388,1100388,74,F
TW1100390,1100390,50,F
TW1106102,1106102,47,F
TW1106105,1106105,62,F
TW1106106,1106106,56,M
TW1106111,1106111,10,F
TW1106112,1106112,61,M
TW1106117,1106117,59,M
TW1106122,1106122,75,M
TW1106123,1106123,35,F
TW1106124,1106124,69,F
TW1106125,1106125,46,F
TW1106128,1106128,33,M
TW1106132,1106132,55,M
TW1106135,1106135,12,M
TW1106138,1106138,63,M
TW1106139,1106139,34,F
TW1106141,1106141,8,F
TW1106145,1106145,3,M
TW1106147,1106147,58,M
TW1106154,1106154,51,M
TW1106159,1106159,9,F
TW1106305,1106305,5,F
TW1106306,1106306,77,F
TW1106312,1106312,79,M
TW1106313,1106313,36,M
TW1106315,1106315,47,F
TW1106318,1106318,2,F
TW1106320,1106320,12,F
TW1106324,1106324,62,M
TW1106325,1106325,44,M
TW1106327,1106327,54,F
TW1106328,1106328,52,M
TW1106332,1106332,55,F
TW1106334,1106334,82,F
TW1106336,1106336,36,F
TW1106337,1106337,65,M
TW1106344,1106344,59,F
TW1106345,1106345,89,M
TW1106348,1106348,57,F
TW1106349,1106349,36,M
TW1106355,1106355,24,F
TW1106356,1106356,33,M
TW1106358,1106358,59,F
TW1106359,1106359,7,F
TW1106360,1106360,27,M
TW1106361,1106361,24,F
TW1106362,1106362,26,M
TW1110101,1110101,62,M
TW1110103,1110103,61,M
TW1110104,1110104,51,F
TW1110105,1110105,54,F
TW1110108,1110108,45,F
TW1110110,1110110,10,F
TW1110113,1110113,2,M
TW1110115,1110115,68,F
TW1110116,1110116,11,F
TW1110117,1110117,13,M
TW1110120,1110120,19,F
TW1110122,1110122,6,F
TW1110123,1110123,37,M
TW1110128,1110128,16,F
TW1110129,1110129,57,M
TW1110132,1110132,10,F
TW1110135,1110135,70,M
TW1110137,1110137,89,F
TW1110145,1110145,44,F
TW1110146,1110146,32,F
TW1110148,1110148,68,F
TW1110153,1110153,82,M
TW1110157,1110157,68,M
TW1110160,1110160,30,F
TW1110164,1110164,32,M
TW1110165,1110165,52,F
TW1110170,1110170,61,F
TW1110304,1110304,74,M
TW1110305,1110305,32,F
TW1110307,1110307,25,F
TW1110315,1110315,19,F
TW1110316,1110316,36,M
TW1110317,1110317,70,M
TW1110318,1110318,53,F
TW1110323,1110323,33,M
TW1110325,1110325,38,F
TW1110326,1110326,68,M
TW1110331,1110331,18,M
TW1110334,1110334,70,F
TW1110335,1110335,12,F
TW1110336,1110336,22,M
TW1110337,1110337,48,F
TW1110340,1110340,12,M
TW1110343,1110343,63,F
TW1110344,1110344,17,M
TW1110345,1110345,19,F
TW1110348,1110348,62,F
TW1110356,1110356,26,M
TW1110358,1110358,53,F
TW1110359,1110359,83,M
TW1110360,1110360,17,F
TW1110361,1110361,48,F
TW1110363,1110363,19,M
TW1110366,1110366,20,M
TW1114102,1114102,32,F
TW1114105,1114105,48,F
TW1114108,1114108,70,M
TW1114110,1114110,63,M
TW1114112,1114112,12,M
TW1114114,1114114,76,M
TW1114116,1114116,29,M
TW1114127,1114127,27,M
TW1114130,1114130,19,F
TW1114137,1114137,27,M
TW1114141,1114141,52,M
TW1114147,1114147,59,F
TW1114167,1114167,32,M
TW1114171,1114171,6,M
TW1114175,1114175,50,F
TW1114177,1114177,50,F
TW1114188,1114188,84,M
TW1114192,1114192,42,M
TW1114194,1114194,55,F
TW1114195,1114195,61,F
TW1114201,1114201,53,F
TW1114203,1114203,12,M
TW1114204,1114204,82,F
TW1114205,1114205,57,F
TW1114207,1114207,57,M
TW1114211,1114211,25,M
TW1114214,1114214,56,F
TW1114216,1114216,78,M
TW1114219,1114219,59,F
TW1114220,1114220,58,M
TW1114302,1114302,31,M
TW1114304,1114304,34,F
TW1114307,1114307,48,F
TW1114311,1114311,13,M
TW1114315,1114315,7,F
TW1114321,1114321,53,M
TW1114329,1114329,31,M
TW1114330,1114330,59,F
TW1114331,1114331,4,M
TW1114332,1114332,63,M
TW1114333,1114333,52,F
TW1114335,1114335,74,M
TW1114337,1114337,50,F
TW1114338,1114338,15,F
TW1114351,1114351,33,F
TW1114362,1114362,56,F
TW1114367,1114367,45,F
TW1114369,1114369,60,M
TW1114370,1114370,45,F
TW1114371,1114371,6,M
TW1114372,1114372,8,M
TW1114385,1114385,17,F
TW1114390,1114390,35,F
TW1114391,1114391,47,M
TW1114394,1114394,18,F
TW1114396,1114396,10,M
TW1114409,1114409,78,M
TW1114410,1114410,63,F
TW1114419,1114419,54,M
TW1114420,1114420,63,M
TW1205106,1205106,44,M
TW1205107,1205107,55,M
TW1205109,1205109,13,M
TW1205115,1205115,33,F
TW1205116,1205116,3,M
TW1205119,1205119,8,M
TW1205120,1205120,18,F
TW1205122,1205122,23,F
TW1205123,1205123,23,F
TW1205126,1205126,48,M
TW1205129,1205129,48,M
TW1205135,1205135,32,F
TW1205143,1205143,18,F
TW1205152,1205152,56,M
TW1205154,1205154,43,F
TW1205156,1205156,57,M
TW1205157,1205157,53,M
TW1205158,1205158,19,F
TW1205165,1205165,26,F
TW1205172,1205172,35,F
TW1205176,1205176,13,F
TW1205301,1205301,47,M
TW1205302,1205302,57,M
TW1205304,1205304,45,M
TW1205305,1205305,12,F
TW1205306,1205306,20,F
TW1205309,1205309,40,M
TW1205310,1205310,2,F
TW1205313,1205313,40,M
TW1205316,1205316,70,F
TW1205321,1205321,17,F
TW1205325,1205325,35,M
TW1205328,1205328,32,F
TW1205329,1205329,34,M
TW1205332,1205332,55,M
TW1205334,1205334,41,M
TW1205335,1205335,42,F
TW1205336,1205336,4,F
TW1205341,1205341,17,F
TW1205342,1205342,25,M
TW1205347,1205347,35,F
TW1205348,1205348,19,M
TW1205353,1205353,48,M
TW1205355,1205355,66,F
TW1205358,1205358,37,M
TW1205362,1205362,36,M
TW1205363,1205363,13,M
TW1205374,1205374,42,M
TW1205376,1205376,75,F
TW1205377,1205377,1,F
TW1205378,1205378,27,M
TW1220102,1220102,73,F
TW1220106,1220106,20,M
TW1220108,1220108,66,F
TW1220111,1220111,13,F
TW1220117,1220117,14,M
TW1220119,1220119,16,F
TW1220121,1220121,24,F
TW1220124,1220124,53,M
TW1220129,1220129,18,F
TW1220131,1220131,34,M
TW1220134,1220134,12,M
TW1220135,1220135,11,F
TW1220136,1220136,1,M
TW1220138,1220138,29,M
TW1220144,1220144,62,F
TW1220145,1220145,53,M
TW1220148,1220148,38,F
TW1220151,1220151,15,M
TW1220152,1220152,62,F
TW1220154,1220154,3,M
TW1220160,1220160,55,M
TW1220302,1220302,65,M
TW1220303,1220303,30,M
TW1220306,1220306,27,M
TW1220307,1220307,8,F
TW1220309,1220309,3,F
TW1220310,1220310,24,M
TW1220313,1220313,70,M
TW1220316,1220316,57,F
TW1220317,1220317,33,M
TW1220318,1220318,63,F
TW1220319,1220319,27,F
TW1220322,1220322,70,F
TW1220323,1220323,7,M
TW1220324,1220324,22,F
TW1220325,1220325,51,F
TW1220327,1220327,32,M
TW1220328,1220328,17,M
TW1220337,1220337,14,F
TW1220338,1220338,62,M
TW1220342,1220342,3,M
TW1220345,1220345,11,M
TW1220350,1220350,72,M
TW1220351,1220351,49,M
TW1220353,1220353,29,M
TW1220355,1220355,62,F
TW1220356,1220356,4,F
TW1220358,1220358,32,M
TW1221101,1221101,61,F
TW1221102,1221102,26,M
TW1221105,1221105,58,M
TW1221108,1221108,34,M
TW1221109,1221109,32,F
TW1221110,1221110,48,F
TW1221115,1221115,32,F
TW1221119,1221119,7,M
TW1221122,1221122,34,M
TW1221125,1221125,79,M
TW1221128,1221128,80,M
TW1221130,1221130,63,F
TW1221132,1221132,50,M
TW1221135,1221135,28,M
TW1221136,1221136,55,F
TW1221137,1221137,49,M
TW1221140,1221140,51,F
TW1221141,1221141,1,F
TW1221145,1221145,28,M
TW1221148,1221148,29,F
TW1221149,1221149,60,F
TW1221155,1221155,46,M
TW1221156,1221156,17,M
TW1221161,1221161,23,F
TW1221162,1221162,56,M
TW1221163,1221163,51,M
TW1221164,1221164,54,M
TW1221167,1221167,45,M
TW1221172,1221172,27,M
TW1221175,1221175,55,F
TW1221178,1221178,41,M
TW1221184,1221184,71,M
TW1221190,1221190,59,M
TW1221306,1221306,32,F
TW1221312,1221312,31,F
TW1221316,1221316,43,F
TW1221317,1221317,48,F
TW1221322,1221322,26,M
TW1221325,1221325,34,M
TW1221326,1221326,50,F
TW1221331,1221331,4,M
TW1221333,1221333,20,F
TW1221335,1221335,83,M
TW1221337,1221337,51,M
TW1221340,1221340,16,F
TW1221341,1221341,28,F
TW1221342,1221342,12,M
TW1221343,1221343,46,F
TW1221345,1221345,58,F
TW1221349,1221349,25,M
TW1221351,1221351,40,M
TW1221358,1221358,70,F
TW1221359,1221359,4,F
TW1221364,1221364,43,M
TW1221368,1221368,50,F
TW1221369,1221369,57,M
TW1221370,1221370,50,M
TW1221372,1221372,5,F
TW1221374,1221374,56,M
TW1221375,1221375,48,F
TW1221377,1221377,27,F
TW1221378,1221378,30,M
TW1221380,1221380,14,M
TW1221381,1221381,44,F
TW1221382,1221382,8,M
TW1221383,1221383,27,M
TW1221384,1221384,56,F
TW1221385,1221385,54,M
TW1221389,1221389,54,M
TW1241101,1241101,48,F
TW1241106,1241106,19,M
TW1241107,1241107,20,F
TW1241111,1241111,50,M
TW1241112,1241112,54,F
TW1241117,1241117,44,M
TW1241121,1241121,18,F
TW1241122,1241122,26,F
TW1241123,1241123,64,F
TW1241127,1241127,30,F
TW1241129,1241129,60,M
TW1241132,1241132,42,F
TW1241135,1241135,71,M
TW1241136,1241136,74,M
TW1241138,1241138,57,M
TW1241141,1241141,59,M
TW1241142,1241142,39,F
TW1241145,1241145,33,F
TW1241146,1241146,62,M
TW1241147,1241147,25,M
TW1241148,1241148,54,M
TW1241153,1241153,32,F
TW1241155,1241155,39,M
TW1241308,1241308,18,M
TW1241309,1241309,39,M
TW1241311,1241311,28,M
TW1241314,1241314,26,M
TW1241317,1241317,31,F
TW1241319,1241319,38,F
TW1241321,1241321,30,M
TW1241322,1241322,11,M
TW1241323,1241323,30,M
TW1241324,1241324,28,M
TW1241325,1241325,25,M
TW1241327,1241327,32,M
TW1241328,1241328,49,M
TW1241329,1241329,53,M
TW1241336,1241336,63,F
TW1241337,1241337,55,M
TW1241339,1241339,58,M
TW1241340,1241340,19,M
TW1241341,1241341,43,F
TW1241343,1241343,35,F
TW1241345,1241345,18,F
TW1241351,1241351,36,F
TW1241355,1241355,33,F
TW1241356,1241356,15,F
TW1242104,1242104,7,M
TW1242106,1242106,29,M
TW1242107,1242107,5,M
TW1242108,1242108,22,M
TW1242113,1242113,52,F
TW1242120,1242120,9,F
TW1242121,1242121,5,F
TW1242122,1242122,51,M
TW1242129,1242129,27,M
TW1242130,1242130,6,M
TW1242133,1242133,64,M
TW1242136,1242136,37,M
TW1242139,1242139,11,F
TW1242141,1242141,50,M
TW1242144,1242144,10,M
TW1242145,1242145,42,F
TW1242148,1242148,62,F
TW1242149,1242149,16,M
TW1242150,1242150,37,F
TW1242151,1242151,16,F
TW1242152,1242152,51,F
TW1242155,1242155,16,M
TW1242157,1242157,64,F
TW1242158,1242158,53,F
TW1242302,1242302,25,M
TW1242305,1242305,58,F
TW1242306,1242306,30,F
TW1242307,1242307,30,M
TW1242308,1242308,37,F
TW1242314,1242314,13,M
TW1242316,1242316,10,F
TW1242317,1242317,59,F
TW1242321,1242321,21,M
TW1242322,1242322,34,F
TW1242323,1242323,32,F
TW1242324,1242324,16,M
TW1242325,1242325,43,M
TW1242329,1242329,7,M
TW1242331,1242331,64,F
TW1242333,1242333,57,F
TW1242334,1242334,64,M
TW1242335,1242335,27,M
TW1242338,1242338,55,F
TW1242342,1242342,16,F
TW1242349,1242349,39,M
TW1242350,1242350,54,F
TW1242353,1242353,49,F
TW1242356,1242356,42,M
TW1247102,1247102,14,M
TW1247103,1247103,6,M
TW1247104,1247104,8,F
TW1247108,1247108,71,M
TW1247111,1247111,3,F
TW1247116,1247116,39,F
TW1247126,1247126,30,M
TW1247131,1247131,1,F
TW1247133,1247133,10,F
TW1247135,1247135,40,F
TW1247138,1247138,59,F
TW1247143,1247143,38,F
TW1247147,1247147,7,F
TW1247153,1247153,19,M
TW1247154,1247154,37,F
TW1247155,1247155,39,M
TW1247157,1247157,47,F
TW1247158,1247158,46,F
TW1247160,1247160,29,F
TW1247301,1247301,42,M
TW1247302,1247302,12,F
TW1247303,1247303,10,F
TW1247305,1247305,29,F
TW1247307,1247307,6,M
TW1247309,1247309,76,F
TW1247310,1247310,24,M
TW1247315,1247315,22,F
TW1247328,1247328,20,F
TW1247329,1247329,41,F
TW1247330,1247330,31,M
TW1247334,1247334,35,F
TW1247335,1247335,62,F
TW1247336,1247336,21,M
TW1247339,1247339,74,F
TW1247346,1247346,47,F
TW1247347,1247347,15,M
TW1247349,1247349,3,F
TW1247351,1247351,9,F
TW1247352,1247352,46,M
TW1247357,1247357,14,F
TW1247358,1247358,37,M
TW1260101,1260101,63,F
TW1260104,1260104,15,F
TW1260105,1260105,76,F
TW1260107,1260107,34,M
TW1260110,1260110,57,F
TW1260113,1260113,38,F
TW1260114,1260114,2,M
TW1260115,1260115,42,M
TW1260119,1260119,51,M
TW1260120,1260120,54,F
TW1260123,1260123,21,F
TW1260125,1260125,72,F
TW1260127,1260127,8,M
TW1260128,1260128,18,M
TW1260129,1260129,27,M
TW1260130,1260130,29,F
TW1260132,1260132,22,M
TW1260133,1260133,48,M
TW1260134,1260134,2,F
TW1260135,1260135,11,F
TW1260136,1260136,12,M
TW1260137,1260137,68,M
TW1260138,1260138,26,F
TW1260142,1260142,36,F
TW1260143,1260143,29,M
TW1260144,1260144,22,F
TW1260147,1260147,2,M
TW1260151,1260151,42,M
TW1260153,1260153,11,F
TW1260156,1260156,37,M
TW1260158,1260158,59,M
TW1260159,1260159,41,F
TW1260160,1260160,58,F
TW1260302,1260302,27,M
TW1260303,1260303,74,F
TW1260306,1260306,17,F
TW1260307,1260307,28,M
TW1260308,1260308,40,F
TW1260309,1260309,51,M
TW1260310,1260310,42,M
TW1260311,1260311,58,M
TW1260313,1260313,10,M
TW1260316,1260316,54,F
TW1260317,1260317,9,F
TW1260318,1260318,74,M
TW1260319,1260319,37,F
TW1260323,1260323,70,M
TW1260326,1260326,9,F
TW1260328,1260328,79,F
TW1260329,1260329,47,M
TW1260331,1260331,68,F
TW1260332,1260332,3,F
TW1260337,1260337,46,M
TW1260339,1260339,31,F
TW1260340,1260340,55,F
TW1260342,1260342,29,M
TW1260343,1260343,22,M
TW1260347,1260347,56,F
TW1260348,1260348,14,F
TW1260355,1260355,63,M
TW1260356,1260356,11,M
TW1304101,1304101,5,F
TW1304102,1304102,18,F
TW1304103,1304103,29,F
TW1304107,1304107,10,M
TW1304108,1304108,63,F
TW1304111,1304111,55,M
TW1304112,1304112,26,M
TW1304114,1304114,41,F
TW1304115,1304115,1,F
TW1304116,1304116,59,M
TW1304118,1304118,18,F
TW1304121,1304121,13,M
TW1304123,1304123,10,M
TW1304124,1304124,55,M
TW1304125,1304125,9,F
TW1304127,1304127,58,F
TW1304128,1304128,62,F
TW1304131,1304131,16,M
TW1304132,1304132,62,F
TW1304135,1304135,16,F
TW1304301,1304301,58,F
TW1304305,1304305,24,M
TW1304306,1304306,67,F
TW1304308,1304308,32,M
TW1304310,1304310,54,F
TW1304312,1304312,54,F
TW1304314,1304314,92,F
TW1304315,1304315,39,F
TW1304316,1304316,79,F
TW1304317,1304317,72,F
TW1304318,1304318,35,F
TW1304319,1304319,16,F
TW1304320,1304320,73,F
TW1304322,1304322,29,M
TW1304324,1304324,81,F
TW1304325,1304325,53,M
TW1304326,1304326,30,M
TW1304327,1304327,84,M
TW1304328,1304328,2,F
TW1304329,1304329,69,F
TW1304330,1304330,75,F
TW1304331,1304331,13,F
TW1304332,1304332,25,M
TW1304333,1304333,80,F
TW1304335,1304335,15,F
TW1304336,1304336,21,M
TW1320101,1320101,22,M
TW1320104,1320104,17,M
TW1320105,1320105,10,F
TW1320106,1320106,14,M
TW1320107,1320107,16,M
TW1320110,1320110,47,F
TW1320111,1320111,34,F
TW1320112,1320112,40,F
TW1320114,1320114,18,M
TW1320115,1320115,50,M
TW1320117,1320117,69,F
TW1320118,1320118,17,F
TW1320123,1320123,46,F
TW1320124,1320124,34,M
TW1320125,1320125,6,M
TW1320126,1320126,38,F
TW1320128,1320128,41,F
TW1320129,1320129,8,M
TW1320132,1320132,14,F
TW1320136,1320136,44,M
TW1320137,1320137,4,F
TW1320141,1320141,46,M
TW1320143,1320143,7,M
TW1320145,1320145,28,F
TW1320146,1320146,19,M
TW1320148,1320148,31,M
TW1320149,1320149,20,M
TW1320150,1320150,12,M
TW1320151,1320151,48,F
TW1320153,1320153,53,M
TW1320154,1320154,72,M
TW1320155,1320155,56,M
TW1320156,1320156,29,M
TW1320157,1320157,53,M
TW1320158,1320158,44,F
TW1320159,1320159,43,M
TW1320301,1320301,88,F
TW1320306,1320306,35,F
TW1320307,1320307,28,M
TW1320308,1320308,44,F
TW1320310,1320310,9,F
TW1320311,1320311,24,M
TW1320315,1320315,20,M
TW1320316,1320316,75,F
TW1320319,1320319,9,M
TW1320320,1320320,44,M
TW1320322,1320322,40,F
TW1320324,1320324,75,F
TW1320325,1320325,54,M
TW1320327,1320327,55,M
TW1320328,1320328,34,F
TW1320329,1320329,19,M
TW1320330,1320330,57,F
TW1320333,1320333,10,M
TW1320334,1320334,36,F
TW1320336,1320336,65,M
TW1320338,1320338,14,M
TW1320339,1320339,45,F
TW1320341,1320341,6,F
TW1320342,1320342,51,M
TW1320343,1320343,26,M
TW1320348,1320348,44,M
TW1320349,1320349,1,F
TW1320351,1320351,53,F
TW1320352,1320352,18,F
TW1320355,1320355,80,F
TW1320359,1320359,1,M
TW1324102,1324102,38,F
TW1324105,1324105,35,M
TW1324107,1324107,28,M
TW1324109,1324109,16,M
TW1324110,1324110,43,M
TW1324111,1324111,30,F
TW1324112,1324112,14,M
TW1324113,1324113,10,F
TW1324115,1324115,3,M
TW1324116,1324116,16,F
TW1324117,1324117,47,F
TW1324118,1324118,75,F
TW1324119,1324119,50,M
TW1324120,1324120,61,M
TW1324121,1324121,10,M
TW1324122,1324122,51,F
TW1324123,1324123,39,F
TW1324124,1324124,29,M
TW1324126,1324126,42,M
TW1324127,1324127,8,M
TW1324130,1324130,39,M
TW1324131,1324131,42,F
TW1324132,1324132,19,M
TW1324133,1324133,29,M
TW1324134,1324134,5,M
TW1324138,1324138,6,F
TW1324141,1324141,26,F
TW1324143,1324143,10,F
TW1324146,1324146,4,F
TW1324147,1324147,8,F
TW1324149,1324149,23,F
TW1324301,1324301,12,F
TW1324304,1324304,36,F
TW1324306,1324306,29,M
TW1324307,1324307,72,M
TW1324309,1324309,48,M
TW1324310,1324310,15,F
TW1324311,1324311,62,F
TW1324312,1324312,20,M
TW1324313,1324313,56,F
TW1324314,1324314,47,M
TW1324315,1324315,24,M
TW1324317,1324317,10,M
TW1324318,1324318,11,M
TW1324321,1324321,15,F
TW1324323,1324323,22,M
TW1324325,1324325,4,M
TW1324326,1324326,49,F
TW1324327,1324327,22,F
TW1324329,1324329,5,M
TW1324333,1324333,31,M
TW1324334,1324334,67,F
TW1324335,1324335,30,F
TW1324336,1324336,3,F
TW1324337,1324337,54,M
TW1324338,1324338,59,M
TW1324339,1324339,47,M
TW1324340,1324340,73,F
TW1324341,1324341,24,F
TW1324342,1324342,33,M
TW1324343,1324343,62,F
TW1324346,1324346,19,M
TW1324348,1324348,90,F
TW1324350,1324350,21,F
TW1333103,1333103,12,F
TW1333104,1333104,31,F
TW1333105,1333105,35,M
TW1333107,1333107,17,F
TW1333109,1333109,43,F
TW1333110,1333110,48,F
TW1333111,1333111,13,M
TW1333112,1333112,23,M
TW1333113,1333113,44,F
TW1333114,1333114,20,F
TW1333115,1333115,83,M
TW1333119,1333119,59,F
TW1333120,1333120,21,M
TW1333121,1333121,32,F
TW1333122,1333122,40,M
TW1333123,1333123,77,F
TW1333124,1333124,44,F
TW1333126,1333126,34,M
TW1333127,1333127,8,F
TW1333128,1333128,45,M
TW1333130,1333130,52,M
TW1333134,1333134,59,M
TW1333137,1333137,17,M
TW1333139,1333139,24,M
TW1333140,1333140,55,F
TW1333142,1333142,41,F
TW1333145,1333145,23,F
TW1333147,1333147,62,F
TW1333148,1333148,29,F
TW1333149,1333149,21,M
TW1333150,1333150,69,M
TW1333152,1333152,5,F
TW1333301,1333301,40,F
TW1333302,1333302,74,F
TW1333304,1333304,17,M
TW1333306,1333306,73,F
TW1333307,1333307,50,M
TW1333312,1333312,8,F
TW1333313,1333313,36,M
TW1333315,1333315,44,F
TW1333316,1333316,11,M
TW1333317,1333317,29,F
TW1333318,1333318,40,F
TW1333320,1333320,54,M
TW1333321,1333321,35,F
TW1333323,1333323,59,F
TW1333325,1333325,48,M
TW1333328,1333328,15,M
TW1333329,1333329,1,M
TW1333330,1333330,61,F
TW1333333,1333333,71,F
TW1333334,1333334,50,F
TW1333335,1333335,41,M
TW1333337,1333337,21,M
TW1333338,1333338,31,F
TW1333339,1333339,7,M
TW1333341,1333341,31,F
TW1333343,1333343,20,F
TW1333346,1333346,42,M
TW1333347,1333347,50,M
TW1333349,1333349,33,F
TW1333351,1333351,13,F
TW1333352,1333352,86,M
TW1333353,1333353,69,M
TW1351101,1351101,21,M
TW1351102,1351102,51,M
TW1351103,1351103,1,F
TW1351104,1351104,17,M
TW1351106,1351106,71,F
TW1351107,1351107,37,M
TW1351108,1351108,15,F
TW1351109,1351109,76,F
TW1351113,1351113,37,F
TW1351114,1351114,1,M
TW1351115,1351115,55,F
TW1351117,1351117,50,M
TW1351119,1351119,15,M
TW1351120,1351120,24,M
TW1351121,1351121,58,F
TW1351122,1351122,47,F
TW1351123,1351123,38,M
TW1351127,1351127,1,M
TW1351133,1351133,64,M
TW1351136,1351136,48,M
TW1351303,1351303,2,M
TW1351304,1351304,52,F
TW1351305,1351305,32,M
TW1351308,1351308,84,M
TW1351309,1351309,31,M
TW1351311,1351311,79,M
TW1351313,1351313,35,F
TW1351315,1351315,50,M
TW1351316,1351316,4,F
TW1351319,1351319,68,F
TW1351320,1351320,83,F
TW1351321,1351321,74,M
TW1351322,1351322,43,M
TW1351323,1351323,20,F
TW1351324,1351324,34,F
TW1351325,1351325,19,M
TW1351332,1351332,56,F
TW1351333,1351333,67,F
TW1351335,1351335,72,F
TW1351338,1351338,54,F
TW1402104,1402104,27,F
TW1402105,1402105,42,M
TW1402107,1402107,18,F
TW1402111,1402111,71,F
TW1402112,1402112,36,M
TW1402114,1402114,41,M
TW1402115,1402115,2,M
TW1402117,1402117,23,M
TW1402118,1402118,22,M
TW1402119,1402119,1,M
TW1402122,1402122,30,F
TW1402124,1402124,32,M
TW1402128,1402128,32,F
TW1402129,1402129,4,M
TW1402130,1402130,49,M
TW1402131,1402131,33,M
TW1402133,1402133,24,F
TW1402136,1402136,50,M
TW1402142,1402142,54,M
TW1402143,1402143,5,M
TW1402146,1402146,62,F
TW1402147,1402147,26,F
TW1402148,1402148,9,F
TW1402156,1402156,10,F
TW1402158,1402158,40,M
TW1402159,1402159,46,F
TW1402163,1402163,39,M
TW1402164,1402164,36,M
TW1402166,1402166,51,F
TW1402304,1402304,52,M
TW1402307,1402307,75,F
TW1402311,1402311,32,M
TW1402314,1402314,5,F
TW1402315,1402315,42,M
TW1402317,1402317,45,M
TW1402318,1402318,64,M
TW1402320,1402320,23,F
TW1402321,1402321,12,M
TW1402322,1402322,37,F
TW1402325,1402325,52,M
TW1402326,1402326,29,F
TW1402327,1402327,35,F
TW1402329,1402329,43,F
TW1402331,1402331,42,F
TW1402335,1402335,34,F
TW1402337,1402337,5,F
TW1402338,1402338,2,M
TW1402339,1402339,71,M
TW1402340,1402340,69,F
TW1402347,1402347,14,M
TW1402354,1402354,85,F
TW1402357,1402357,22,M
TW1402364,1402364,58,F
TW1406101,1406101,43,M
TW1406102,1406102,15,F
TW1406104,1406104,49,F
TW1406107,1406107,21,F
TW1406109,1406109,40,M
TW1406110,1406110,60,M
TW1406111,1406111,42,M
TW1406112,1406112,2,M
TW1406115,1406115,33,F
TW1406116,1406116,47,F
TW1406117,1406117,1,M
TW1406122,1406122,43,F
TW1406123,1406123,46,F
TW1406124,1406124,47,M
TW1406130,1406130,14,F
TW1406131,1406131,22,M
TW1406132,1406132,54,M
TW1406135,1406135,49,F
TW1406136,1406136,7,F
TW1406137,1406137,12,F
TW1406142,1406142,22,F
TW1406143,1406143,55,M
TW1406144,1406144,66,F
TW1406145,1406145,27,M
TW1406147,1406147,57,M
TW1406148,1406148,82,M
TW1406150,1406150,5,F
TW1406151,1406151,18,M
TW1406154,1406154,54,F
TW1406156,1406156,15,F
TW1406160,1406160,14,M
TW1406161,1406161,7,M
TW1406162,1406162,73,M
TW1406163,1406163,79,F
TW1406164,1406164,26,F
TW1406166,1406166,47,F
TW1406167,1406167,14,M
TW1406168,1406168,58,F
TW1406310,1406310,81,M
TW1406311,1406311,56,F
TW1406315,1406315,49,F
TW1406334,1406334,33,M
TW1406335,1406335,34,M
TW1406336,1406336,14,M
TW1406347,1406347,36,F
TW1406348,1406348,19,M
TW1406349,1406349,31,M
TW1406350,1406350,46,M
TW1406351,1406351,43,F
TW1406352,1406352,21,F
TW1406358,1406358,59,F
TW1406360,1406360,44,F
TW1406361,1406361,45,M
TW1406362,1406362,31,M
TW1406363,1406363,36,M
TW1406366,1406366,27,M
TW1433103,1433103,5,M
TW1433106,1433106,28,F
TW1433107,1433107,87,F
TW1433109,1433109,12,M
TW1433111,1433111,15,F
TW1433113,1433113,24,M
TW1433114,1433114,26,M
TW1433116,1433116,9,F
TW1433117,1433117,37,F
TW1433118,1433118,48,M
TW1433120,1433120,49,M
TW1433121,1433121,55,M
TW1433123,1433123,53,F
TW1433125,1433125,24,F
TW1433127,1433127,54,M
TW1433128,1433128,28,F
TW1433130,1433130,8,F
TW1433132,1433132,95,M
TW1433135,1433135,56,F
TW1433137,1433137,42,F
TW1433138,1433138,52,M
TW1433139,1433139,3,M
TW1433141,1433141,24,M
TW1433142,1433142,17,F
TW1433145,1433145,56,F
TW1433146,1433146,14,F
TW1433148,1433148,15,M
TW1433149,1433149,16,M
TW1433150,1433150,8,F
TW1433155,1433155,52,M
TW1433156,1433156,19,M
TW1433157,1433157,13,F
TW1433302,1433302,28,F
TW1433306,1433306,7,F
TW1433307,1433307,8,M
TW1433310,1433310,29,F
TW1433312,1433312,50,M
TW1433313,1433313,40,F
TW1433314,1433314,35,F
TW1433315,1433315,46,M
TW1433316,1433316,10,M
TW1433318,1433318,1,F
TW1433321,1433321,23,F
TW1433323,1433323,56,F
TW1433324,1433324,18,F
TW1433325,1433325,40,F
TW1433327,1433327,26,F
TW1433329,1433329,31,F
TW1433332,1433332,25,M
TW1433333,1433333,20,M
TW1433334,1433334,51,M
TW1433337,1433337,20,F
TW1433339,1433339,15,M
TW1433341,1433341,46,F
TW1433343,1433343,59,M
TW1433344,1433344,79,F
TW1433349,1433349,28,F
TW1433350,1433350,32,F
TW1433351,1433351,2,F
TW1433354,1433354,57,F
TW1433355,1433355,14,M
TW1433357,1433357,88,M
TW1433358,1433358,69,F
TW1433359,1433359,12,F
TW1503101,1503101,45,M
TW1503102,1503102,3,M
TW1503103,1503103,16,M
TW1503104,1503104,25,F
TW1503106,1503106,21,M
TW1503109,1503109,34,F
TW1503111,1503111,46,M
TW1503114,1503114,59,F
TW1503115,1503115,62,F
TW1503116,1503116,20,M
TW1503118,1503118,31,F
TW1503119,1503119,5,M
TW1503120,1503120,39,F
TW1503121,1503121,23,F
TW1503124,1503124,73,F
TW1503126,1503126,65,M
TW1503128,1503128,12,M
TW1503130,1503130,40,M
TW1503133,1503133,43,M
TW1503135,1503135,54,F
TW1503136,1503136,10,M
TW1503137,1503137,27,F
TW1503138,1503138,1,M
TW1503140,1503140,35,M
TW1503143,1503143,44,M
TW1503144,1503144,58,F
TW1503145,1503145,53,M
TW1503146,1503146,32,M
TW1503147,1503147,48,M
TW1503152,1503152,26,M
TW1503153,1503153,55,M
TW1503156,1503156,47,F
TW1503157,1503157,3,M
TW1503159,1503159,46,M
TW1503301,1503301,41,F
TW1503302,1503302,47,F
TW1503303,1503303,11,M
TW1503304,1503304,50,F
TW1503305,1503305,49,M
TW1503306,1503306,56,F
TW1503307,1503307,75,F
TW1503309,1503309,23,M
TW1503310,1503310,71,F
TW1503312,1503312,19,F
TW1503314,1503314,24,M
TW1503318,1503318,19,F
TW1503319,1503319,78,M
TW1503321,1503321,25,F
TW1503322,1503322,33,F
TW1503323,1503323,70,M
TW1503325,1503325,56,M
TW1503328,1503328,23,F
TW1503329,1503329,15,F
TW1503330,1503330,1,F
TW1503331,1503331,82,F
TW1503333,1503333,10,F
TW1503335,1503335,23,F
TW1503336,1503336,6,M
TW1503337,1503337,44,M
TW1503338,1503338,41,M
TW1503340,1503340,88,M
TW1503341,1503341,24,M
TW1503343,1503343,28,F
TW1503344,1503344,43,F
TW1503345,1503345,55,M
TW1503347,1503347,42,M
TW1503348,1503348,52,F
TW1503349,1503349,45,F
TW1503352,1503352,5,F
TW1503353,1503353,14,F
TW1503354,1503354,35,F
TW1503355,1503355,75,F
TW1503357,1503357,11,F
TW1503358,1503358,72,F
TW1503359,1503359,53,M
TW1524103,1524103,72,M
TW1524105,1524105,16,F
TW1524106,1524106,25,F
TW1524108,1524108,80,F
TW1524109,1524109,50,F
TW1524110,1524110,2,M
TW1524112,1524112,59,M
TW1524113,1524113,51,F
TW1524119,1524119,46,M
TW1524121,1524121,10,M
TW1524122,1524122,71,M
TW1524123,1524123,57,F
TW1524124,1524124,51,F
TW1524125,1524125,15,M
TW1524126,1524126,73,M
TW1524127,1524127,81,M
TW1524128,1524128,57,M
TW1524130,1524130,26,M
TW1524133,1524133,50,F
TW1524134,1524134,46,F
TW1524301,1524301,26,F
TW1524304,1524304,25,F
TW1524306,1524306,65,M
TW1524309,1524309,31,M
TW1524311,1524311,60,F
TW1524312,1524312,7,F
TW1524313,1524313,62,M
TW1524315,1524315,29,M
TW1524316,1524316,30,M
TW1524317,1524317,44,M
TW1524318,1524318,27,M
TW1524319,1524319,52,F
TW1524321,1524321,34,M
TW1524322,1524322,42,M
TW1524323,1524323,23,M
TW1524325,1524325,51,F
TW1524326,1524326,83,F
TW1524327,1524327,11,M
TW1524328,1524328,15,M
TW1524329,1524329,56,M
TW1524330,1524330,20,F
TW1524331,1524331,40,F
TW1524333,1524333,69,M
TW1524334,1524334,52,F
TW1524335,1524335,41,M
TW1542101,1542101,33,M
TW1542102,1542102,76,F
TW1542104,1542104,30,M
TW1542105,1542105,42,M
TW1542107,1542107,45,M
TW1542108,1542108,56,M
TW1542109,1542109,56,F
TW1542110,1542110,82,F
TW1542114,1542114,11,M
TW1542116,1542116,42,F
TW1542117,1542117,70,F
TW1542119,1542119,18,M
TW1542120,1542120,4,M
TW1542122,1542122,51,M
TW1542125,1542125,81,M
TW1542126,1542126,24,M
TW1542128,1542128,49,M
TW1542130,1542130,43,M
TW1542131,1542131,52,F
TW1542132,1542132,51,F
TW1542133,1542133,15,M
TW1542134,1542134,19,F
TW1542136,1542136,17,F
TW1542137,1542137,43,M
TW1542138,1542138,28,F
TW1542139,1542139,74,M
TW1542140,1542140,48,M
TW1542142,1542142,16,M
TW1542143,1542143,55,M
TW1542144,1542144,9,M
TW1542145,1542145,49,M
TW1542148,1542148,19,M
TW1542149,1542149,54,F
TW1542152,1542152,43,F
TW1542153,1542153,68,M
TW1542154,1542154,42,M
TW1542156,1542156,4,F
TW1542158,1542158,55,F
TW1542159,1542159,8,M
TW1542301,1542301,49,M
TW1542305,1542305,50,M
TW1542306,1542306,14,M
TW1542308,1542308,54,M
TW1542309,1542309,27,F
TW1542310,1542310,72,M
TW1542314,1542314,48,F
TW1542315,1542315,16,M
TW1542316,1542316,89,M
TW1542317,1542317,31,M
TW1542318,1542318,57,M
TW1542320,1542320,48,F
TW1542322,1542322,73,F
TW1542325,1542325,59,M
TW1542326,1542326,26,F
TW1542328,1542328,71,F
TW1542329,1542329,71,F
TW1542331,1542331,58,M
TW1542332,1542332,13,M
TW1542334,1542334,37,F
TW1542335,1542335,28,F
TW1542336,1542336,47,M
TW1542338,1542338,30,F
TW1542340,1542340,31,F
TW1542341,1542341,11,F
TW1542344,1542344,50,F
TW1542348,1542348,12,M
TW1542350,1542350,25,F
TW1542353,1542353,29,F
TW1542354,1542354,45,F
TW1542359,1542359,8,M
TW1606101,1606101,31,F
TW1606102,1606102,28,M
TW1606104,1606104,27,M
TW1606105,1606105,11,M
TW1606108,1606108,24,F
TW1606109,1606109,11,M
TW1606110,1606110,17,F
TW1606111,1606111,67,F
TW1606112,1606112,43,F
TW1606113,1606113,80,F
TW1606114,1606114,10,M
TW1606115,1606115,73,M
TW1606117,1606117,13,M
TW1606119,1606119,45,M
TW1606120,1606120,14,F
TW1606124,1606124,68,F
TW1606125,1606125,61,F
TW1606126,1606126,28,F
TW1606127,1606127,27,F
TW1606128,1606128,5,F
TW1606129,1606129,27,F
TW1606130,1606130,17,M
TW1606131,1606131,3,F
TW1606132,1606132,15,F
TW1606133,1606133,4,F
TW1606134,1606134,25,M
TW1606135,1606135,18,M
TW1606137,1606137,48,F
TW1606303,1606303,79,M
TW1606306,1606306,42,F
TW1606307,1606307,18,M
TW1606308,1606308,56,M
TW1606309,1606309,33,F
TW1606310,1606310,7,F
TW1606313,1606313,57,M
TW1606315,1606315,40,F
TW1606317,1606317,13,M
TW1606319,1606319,41,M
TW1606320,1606320,42,F
TW1606322,1606322,13,M
TW1606323,1606323,73,M
TW1606327,1606327,56,F
TW1606328,1606328,23,M
TW1606329,1606329,17,M
TW1606330,1606330,37,M
TW1606331,1606331,55,M
TW1606333,1606333,2,F
TW1606334,1606334,17,F
TW1606335,1606335,28,M
TW1606336,1606336,47,M
TW1606338,1606338,50,M
TW1616101,1616101,31,F
TW1616103,1616103,35,F
TW1616104,1616104,70,M
TW1616105,1616105,67,M
TW1616106,1616106,51,M
TW1616107,1616107,32,M
TW1616108,1616108,22,M
TW1616112,1616112,62,F
TW1616115,1616115,19,F
TW1616116,1616116,39,M
TW1616117,1616117,50,F
TW1616119,1616119,47,F
TW1616120,1616120,55,F
TW1616121,1616121,43,F
TW1616123,1616123,6,M
TW1616124,1616124,40,M
TW1616125,1616125,1,F
TW1616126,1616126,22,F
TW1616128,1616128,49,M
TW1616130,1616130,44,M
TW1616304,1616304,55,F
TW1616305,1616305,21,M
TW1616306,1616306,49,M
TW1616307,1616307,75,M
TW1616308,1616308,56,F
TW1616311,1616311,52,M
TW1616312,1616312,43,M
TW1616313,1616313,52,F
TW1616315,1616315,56,F
TW1616318,1616318,75,M
TW1616319,1616319,50,M
TW1616320,1616320,24,F
TW1616322,1616322,19,M
TW1616323,1616323,9,M
TW1616324,1616324,7,M
TW1616325,1616325,16,F
TW1616327,1616327,26,M
TW1616328,1616328,20,M
TW1616329,1616329,77,M
TW1616330,1616330,19,M
TW1623102,1623102,74,F
TW1623103,1623103,76,M
TW1623104,1623104,52,M
TW1623106,1623106,49,M
TW1623108,1623108,30,M
TW1623109,1623109,74,F
TW1623110,1623110,5,M
TW1623111,1623111,16,F
TW1623113,1623113,37,F
TW1623114,1623114,31,F
TW1623115,1623115,43,F
TW1623118,1623118,36,F
TW1623119,1623119,34,F
TW1623120,1623120,61,F
TW1623122,1623122,58,M
TW1623123,1623123,44,M
TW1623126,1623126,79,F
TW1623127,1623127,29,F
TW1623129,1623129,34,F
TW1623130,1623130,42,M
TW1623303,1623303,38,M
TW1623304,1623304,17,M
TW1623305,1623305,76,M
TW1623306,1623306,47,M
TW1623307,1623307,19,M
TW1623309,1623309,16,F
TW1623310,1623310,84,M
TW1623311,1623311,55,M
TW1623312,1623312,68,F
TW1623315,1623315,15,M
TW1623316,1623316,15,M
TW1623317,1623317,74,M
TW1623318,1623318,32,F
TW1623319,1623319,70,M
TW1623320,1623320,92,F
TW1623321,1623321,69,M
TW1623322,1623322,57,M
TW1623323,1623323,10,M
TW1623324,1623324,18,M
TW1623325,1623325,40,M
TW1623326,1623326,5,M
TW1643101,1643101,78,F
TW1643102,1643102,47,F
TW1643103,1643103,42,F
TW1643106,1643106,13,M
TW1643107,1643107,64,M
TW1643108,1643108,73,M
TW1643110,1643110,15,F
TW1643111,1643111,30,F
TW1643112,1643112,68,M
TW1643113,1643113,8,M
TW1643115,1643115,69,F
TW1643118,1643118,25,M
TW1643120,1643120,22,F
TW1643121,1643121,3,M
TW1643122,1643122,35,M
TW1643123,1643123,19,M
TW1643124,1643124,75,M
TW1643125,1643125,1,F
TW1643127,1643127,79,F
TW1643128,1643128,56,M
TW1643302,1643302,1,M
TW1643303,1643303,22,M
TW1643305,1643305,59,M
TW1643310,1643310,16,M
TW1643312,1643312,48,M
TW1643313,1643313,32,F
TW1643315,1643315,26,M
TW1643316,1643316,32,M
TW1643319,1643319,51,M
TW1643322,1643322,77,F
TW1643323,1643323,8,M
TW1643326,1643326,7,F
TW1704103,1704103,35,F
TW1704106,1704106,2,F
TW1704107,1704107,28,F
TW1704109,1704109,15,M
TW1704112,1704112,56,F
TW1704115,1704115,48,F
TW1704116,1704116,31,M
TW1704117,1704117,47,M
TW1704120,1704120,13,F
TW1704121,1704121,8,M
TW1704124,1704124,22,M
TW1704126,1704126,5,F
TW1704127,1704127,35,M
TW1704129,1704129,66,M
TW1704131,1704131,62,M
TW1704139,1704139,56,F
TW1704140,1704140,26,F
TW1704145,1704145,22,F
TW1704146,1704146,53,M
TW1704149,1704149,2,M
TW1704151,1704151,58,M
TW1704153,1704153,39,F
TW1704155,1704155,75,M
TW1704157,1704157,2,F
TW1704158,1704158,47,F
TW1704162,1704162,12,M
TW1704165,1704165,31,F
TW1704166,1704166,30,M
TW1704167,1704167,43,F
TW1704174,1704174,15,M
TW1704182,1704182,43,M
TW1704183,1704183,13,F
TW1704184,1704184,42,M
TW1704302,1704302,52,M
TW1704306,1704306,79,M
TW1704311,1704311,27,F
TW1704313,1704313,56,M
TW1704314,1704314,71,F
TW1704315,1704315,34,M
TW1704317,1704317,14,F
TW1704324,1704324,70,F
TW1704326,1704326,38,M
TW1704332,1704332,18,F
TW1704337,1704337,87,F
TW1704338,1704338,34,F
TW1704351,1704351,80,M
TW1704353,1704353,45,M
TW1704355,1704355,63,F
TW1704356,1704356,14,F
TW1704359,1704359,51,M
TW1704361,1704361,15,F
TW1704362,1704362,82,M
TW1704365,1704365,8,M
TW1704366,1704366,33,M
TW1704367,1704367,34,F
TW1704369,1704369,54,M
TW1704371,1704371,45,F
TW1704375,1704375,29,F
TW1704376,1704376,60,F
TW1704377,1704377,47,F
TW1704378,1704378,71,M
TW1704380,1704380,43,F
TW1704382,1704382,26,M
TW1718102,1718102,14,M
TW1718103,1718103,39,F
TW1718104,1718104,27,M
TW1718106,1718106,44,M
TW1718107,1718107,45,M
TW1718109,1718109,63,M
TW1718111,1718111,15,F
TW1718112,1718112,24,F
TW1718115,1718115,50,M
TW1718117,1718117,56,F
TW1718118,1718118,46,M
TW1718119,1718119,53,F
TW1718121,1718121,32,M
TW1718123,1718123,98,F
TW1718124,1718124,12,F
TW1718125,1718125,51,F
TW1718126,1718126,25,M
TW1718127,1718127,6,M
TW1718128,1718128,30,M
TW1718130,1718130,55,M
TW1718131,1718131,6,M
TW1718301,1718301,80,M
TW1718302,1718302,50,M
TW1718303,1718303,25,F
TW1718305,1718305,40,F
TW1718307,1718307,63,M
TW1718312,1718312,40,F
TW1718313,1718313,3,M
TW1718315,1718315,12,M
TW1718317,1718317,10,M
TW1718318,1718318,55,F
TW1718322,1718322,75,F
TW1718324,1718324,70,M
TW1718325,1718325,25,M
TW1718326,1718326,58,M
TW1718327,1718327,25,F
TW1718328,1718328,18,F
TW1718329,1718329,37,M
TW1718330,1718330,2,M
TW1718331,1718331,37,M
TW1718332,1718332,26,M
TW1806101,1806101,55,M
TW1806103,1806103,4,F
TW1806104,1806104,83,F
TW1806106,1806106,25,M
TW1806107,1806107,5,M
TW1806113,1806113,55,M
TW1806115,1806115,34,F
TW1806116,1806116,48,F
TW1806118,1806118,19,M
TW1806119,1806119,62,F
TW1806120,1806120,49,F
TW1806122,1806122,37,M
TW1806124,1806124,28,F
TW1806127,1806127,33,M
TW1806128,1806128,61,M
TW1806133,1806133,79,F
TW1806136,1806136,49,M
TW1806137,1806137,40,M
TW1806138,1806138,49,F
TW1806141,1806141,34,M
TW1806142,1806142,52,F
TW1806143,1806143,1,M
TW1806149,1806149,37,F
TW1806150,1806150,35,F
TW1806151,1806151,1,F
TW1806152,1806152,35,M
TW1806153,1806153,30,F
TW1806301,1806301,30,F
TW1806302,1806302,30,F
TW1806307,1806307,53,F
TW1806310,1806310,28,F
TW1806314,1806314,16,M
TW1806317,1806317,47,F
TW1806318,1806318,54,F
TW1806320,1806320,10,F
TW1806321,1806321,69,F
TW1806323,1806323,8,M
TW1806324,1806324,15,F
TW1806325,1806325,38,F
TW1806326,1806326,15,M
TW1806327,1806327,11,M
TW1806328,1806328,17,F
TW1806330,1806330,13,M
TW1806332,1806332,18,F
TW1806336,1806336,42,M
TW1806337,1806337,61,F
TW1806339,1806339,49,F
TW1806340,1806340,34,F
TW1806341,1806341,74,M
TW1806343,1806343,49,F
TW1806345,1806345,44,M
TW1806346,1806346,52,M
TW1806348,1806348,86,F
TW1806349,1806349,2,F
TW1806350,1806350,51,M
TW1806351,1806351,31,M
TW1806352,1806352,81,F
TW1806353,1806353,58,F
TW1811101,1811101,2,F
TW1811102,1811102,38,F
TW1811105,1811105,76,M
TW1811106,1811106,46,F
TW1811107,1811107,45,M
TW1811112,1811112,46,F
TW1811113,1811113,2,M
TW1811114,1811114,70,F
TW1811116,1811116,65,M
TW1811119,1811119,38,F
TW1811120,1811120,5,M
TW1811121,1811121,10,M
TW1811123,1811123,27,F
TW1811124,1811124,24,M
TW1811133,1811133,16,F
TW1811135,1811135,42,F
TW1811139,1811139,54,F
TW1811141,1811141,49,M
TW1811143,1811143,22,F
TW1811145,1811145,49,F
TW1811146,1811146,59,F
TW1811148,1811148,44,M
TW1811152,1811152,18,F
TW1811153,1811153,53,M
TW1811154,1811154,6,F
TW1811155,1811155,22,F
TW1811157,1811157,17,F
TW1811160,1811160,61,M
TW1811161,1811161,70,M
TW1811162,1811162,61,F
TW1811166,1811166,37,M
TW1811305,1811305,55,M
TW1811307,1811307,18,F
TW1811309,1811309,35,M
TW1811310,1811310,42,M
TW1811312,1811312,62,F
TW1811313,1811313,52,F
TW1811315,1811315,18,F
TW1811316,1811316,24,M
TW1811317,1811317,40,M
TW1811318,1811318,43,F
TW1811320,1811320,46,F
TW1811323,1811323,15,M
TW1811328,1811328,24,M
TW1811329,1811329,54,F
TW1811331,1811331,31,F
TW1811332,1811332,85,F
TW1811333,1811333,54,F
TW1811335,1811335,74,F
TW1811338,1811338,47,F
TW1811339,1811339,71,M
TW1811347,1811347,14,F
TW1811349,1811349,57,M
TW1811350,1811350,34,M
TW1811356,1811356,46,F
TW1811358,1811358,51,F
TW1811359,1811359,43,F
TW1811360,1811360,39,F
TW1811362,1811362,36,F
TW1811365,1811365,51,M
TW1811366,1811366,33,M
TW1811367,1811367,9,M
TW1814101,1814101,33,M
TW1814104,1814104,44,M
TW1814106,1814106,32,F
TW1814107,1814107,34,F
TW1814111,1814111,17,M
TW1814112,1814112,1,M
TW1814114,1814114,22,M
TW1814124,1814124,44,F
TW1814126,1814126,34,F
TW1814127,1814127,6,F
TW1814128,1814128,55,F
TW1814129,1814129,82,F
TW1814130,1814130,36,M
TW1814132,1814132,38,F
TW1814134,1814134,50,M
TW1814135,1814135,6,F
TW1814143,1814143,23,M
TW1814145,1814145,45,M
TW1814147,1814147,36,F
TW1814150,1814150,60,F
TW1814151,1814151,65,F
TW1814152,1814152,37,F
TW1814153,1814153,59,M
TW1814154,1814154,17,M
TW1814157,1814157,23,M
TW1814158,1814158,7,F
TW1814160,1814160,50,M
TW1814161,1814161,44,M
TW1814162,1814162,67,F
TW1814163,1814163,12,M
TW1814168,1814168,39,M
TW1814302,1814302,13,F
TW1814303,1814303,36,M
TW1814304,1814304,32,M
TW1814305,1814305,53,M
TW1814306,1814306,13,M
TW1814307,1814307,32,F
TW1814308,1814308,56,M
TW1814309,1814309,33,M
TW1814310,1814310,3,M
TW1814311,1814311,10,F
TW1814323,1814323,25,F
TW1814324,1814324,61,M
TW1814326,1814326,85,M
TW1814327,1814327,25,M
TW1814328,1814328,16,M
TW1814329,1814329,45,M
TW1814330,1814330,44,F
TW1814337,1814337,77,F
TW1814338,1814338,58,F
TW1814339,1814339,3,F
TW1814341,1814341,48,M
TW1814346,1814346,73,M
TW1814347,1814347,22,M
TW1814350,1814350,31,M
TW1814351,1814351,29,M
TW1814354,1814354,5,F
TW1814356,1814356,7,M
TW1814361,1814361,54,M
TW1814363,1814363,84,F
TW1814365,1814365,30,F
TW1814368,1814368,52,M
TW1830101,1830101,56,F
TW1830102,1830102,33,F
TW1830103,1830103,31,F
TW1830105,1830105,52,M
TW1830110,1830110,70,F
TW1830112,1830112,43,F
TW1830113,1830113,79,M
TW1830114,1830114,48,M
TW1830115,1830115,47,M
TW1830116,1830116,3,F
TW1830118,1830118,61,F
TW1830120,1830120,9,F
TW1830121,1830121,71,M
TW1830125,1830125,22,F
TW1830127,1830127,32,M
TW1830129,1830129,60,M
TW1830132,1830132,9,M
TW1830135,1830135,54,M
TW1830136,1830136,61,F
TW1830138,1830138,21,M
TW1830140,1830140,19,F
TW1830143,1830143,10,F
TW1830144,1830144,78,F
TW1830145,1830145,13,M
TW1830149,1830149,11,F
TW1830154,1830154,17,M
TW1830155,1830155,60,F
TW1830156,1830156,95,M
TW1830159,1830159,37,F
TW1830160,1830160,24,M
TW1830301,1830301,19,M
TW1830304,1830304,10,M
TW1830306,1830306,58,F
TW1830309,1830309,34,F
TW1830310,1830310,48,M
TW1830312,1830312,77,M
TW1830313,1830313,60,F
TW1830314,1830314,72,F
TW1830315,1830315,68,F
TW1830316,1830316,58,F
TW1830317,1830317,41,F
TW1830319,1830319,26,M
TW1830321,1830321,68,F
TW1830322,1830322,42,M
TW1830323,1830323,68,F
TW1830325,1830325,83,M
TW1830326,1830326,66,F
TW1830327,1830327,18,M
TW1830329,1830329,48,F
TW1830331,1830331,81,M
TW1830334,1830334,78,M
TW1830336,1830336,66,F
TW1830337,1830337,33,M
TW1830338,1830338,33,M
TW1830339,1830339,34,F
TW1830347,1830347,43,M
TW1830353,1830353,78,M
TW1830357,1830357,13,M
TW1830358,1830358,3,M
TW1830360,1830360,54,M
TW1931101,1931101,35,F
TW1931102,1931102,20,F
TW1931103,1931103,48,F
TW1931104,1931104,54,M
TW1931105,1931105,67,F
TW1931106,1931106,75,F
TW1931107,1931107,62,M
TW1931108,1931108,44,M
TW1931109,1931109,66,M
TW1931110,1931110,63,M
TW1931111,1931111,17,M
TW1931113,1931113,63,F
TW1931114,1931114,45,M
TW1931115,1931115,17,F
TW1931117,1931117,43,M
TW1931118,1931118,36,F
TW1931122,1931122,36,F
TW1931123,1931123,71,F
TW1931125,1931125,74,F
TW1931126,1931126,60,M
TW1931127,1931127,58,M
TW1931128,1931128,14,M
TW1931130,1931130,33,M
TW1931131,1931131,87,F
TW1931133,1931133,81,M
TW1931134,1931134,40,F
TW1931135,1931135,60,M
TW1931136,1931136,55,F
TW1931137,1931137,40,F
TW1931138,1931138,7,M
TW1931139,1931139,23,F
TW1931140,1931140,10,F
TW1931302,1931302,17,M
TW1931304,1931304,56,F
TW1931305,1931305,65,M
TW1931307,1931307,32,M
TW1931310,1931310,65,F
TW1931311,1931311,22,M
TW1931314,1931314,58,F
TW1931315,1931315,66,M
TW1931316,1931316,17,F
TW1931319,1931319,36,F
TW1931320,1931320,75,M
TW1931321,1931321,52,M
TW1931322,1931322,77,F
TW1931323,1931323,18,F
TW1931324,1931324,84,F
TW1931325,1931325,51,F
TW1931330,1931330,85,F
TW1931331,1931331,14,M
TW1931333,1931333,47,M
TW1931334,1931334,9,M
TW1931335,1931335,13,M
TW1931336,1931336,16,F
TW1931337,1931337,50,M
TW1931338,1931338,23,F
TW1931340,1931340,52,M
TW1950101,1950101,55,F
TW1950102,1950102,18,M
TW1950105,1950105,54,F
TW1950106,1950106,42,M
TW1950109,1950109,47,M
TW1950111,1950111,61,F
TW1950116,1950116,41,F
TW1950121,1950121,21,M
TW1950123,1950123,10,F
TW1950130,1950130,14,M
TW1950131,1950131,82,F
TW1950133,1950133,26,F
TW1950135,1950135,68,M
TW1950136,1950136,54,F
TW1950138,1950138,40,M
TW1950143,1950143,62,F
TW1950144,1950144,60,M
TW1950150,1950150,4,F
TW1950153,1950153,33,F
TW1950157,1950157,1,M
TW1950158,1950158,29,M
TW1950162,1950162,17,F
TW1950167,1950167,67,M
TW1950169,1950169,62,M
TW1950170,1950170,54,F
TW1950304,1950304,12,M
TW1950306,1950306,38,F
TW1950309,1950309,23,M
TW1950310,1950310,55,M
TW1950311,1950311,54,F
TW1950313,1950313,61,M
TW1950315,1950315,50,F
TW1950318,1950318,62,M
TW1950327,1950327,24,M
TW1950331,1950331,2,F
TW1950333,1950333,22,M
TW1950341,1950341,14,F
TW1950344,1950344,36,M
TW1950346,1950346,17,F
TW1950347,1950347,50,F
TW1950348,1950348,5,F
TW1950349,1950349,66,F
TW1950351,1950351,75,M
TW1950352,1950352,52,M
TW1950355,1950355,84,F
TW1950358,1950358,59,F
TW1950362,1950362,29,M
TW1950363,1950363,36,F
TW1950364,1950364,9,M
TW1950365,1950365,59,M
TW1950366,1950366,81,F
TW2231102,2231102,13,M
TW2231103,2231103,29,F
TW2231105,2231105,49,M
TW2231107,2231107,24,M
TW2231108,2231108,24,F
TW2231109,2231109,9,F
TW2231113,2231113,31,F
TW2231114,2231114,85,F
TW2231115,2231115,73,F
TW2231116,2231116,44,M
TW2231119,2231119,82,F
TW2231120,2231120,42,M
TW2231122,2231122,39,M
TW2231126,2231126,58,M
TW2231128,2231128,68,F
TW2231129,2231129,38,F
TW2231131,2231131,78,M
TW2231132,2231132,45,F
TW2231134,2231134,42,F
TW2231135,2231135,10,M
TW2231136,2231136,17,M
TW2231139,2231139,7,F
TW2231143,2231143,55,M
TW2231145,2231145,43,F
TW2231146,2231146,49,F
TW2231147,2231147,19,M
TW2231148,2231148,7,F
TW2231151,2231151,49,M
TW2231153,2231153,19,F
TW2231158,2231158,46,M
TW2231159,2231159,55,F
TW2231160,2231160,62,F
TW2300101,2300101,59,M
TW2300104,2300104,9,F
TW2300105,2300105,39,M
TW2300106,2300106,56,M
TW2300107,2300107,8,M
TW2300109,2300109,50,M
TW2300111,2300111,65,F
TW2300112,2300112,26,M
TW2300113,2300113,47,F
TW2300114,2300114,7,M
TW2300116,2300116,50,M
TW2300117,2300117,40,M
TW2300119,2300119,26,M
TW2300121,2300121,86,F
TW2300122,2300122,57,M
TW2300127,2300127,80,F
TW2300128,2300128,51,M
TW2300129,2300129,41,F
TW2300133,2300133,17,F
TW2300134,2300134,46,M
TW2300136,2300136,19,F
TW2300140,2300140,44,M
TW2300141,2300141,61,F
TW2300142,2300142,54,M
TW2300144,2300144,18,M
TW2300147,2300147,15,F
TW2300148,2300148,43,M
TW2300149,2300149,54,F
TW2300150,2300150,27,M
TW2300151,2300151,83,M
TW2300153,2300153,40,M
TW2300155,2300155,62,F
TW2630101,2630101,15,M
TW2630103,2630103,39,M
TW2630104,2630104,47,M
TW2630107,2630107,43,F
TW2630108,2630108,21,F
TW2630109,2630109,1,F
TW2630110,2630110,14,M
TW2630113,2630113,60,M
TW2630114,2630114,21,F
TW2630115,2630115,25,F
TW2630116,2630116,16,M
TW2630117,2630117,7,M
TW2630118,2630118,61,F
TW2630119,2630119,20,M
TW2630121,2630121,24,M
TW2630122,2630122,4,F
TW2711102,2711102,62,M
TW2711104,2711104,12,F
TW2711105,2711105,20,F
TW2711108,2711108,58,F
TW2711110,2711110,6,F
TW2711113,2711113,13,F
TW2711114,2711114,51,M
TW2711115,2711115,77,F
TW2711122,2711122,1,M
TW2711124,2711124,7,M
TW2711129,2711129,22,F
TW2711130,2711130,54,F
TW2711131,2711131,71,M
TW2711133,2711133,27,M
TW2711134,2711134,28,F
TW2711136,2711136,24,F
TW2711137,2711137,4,M
TW2711138,2711138,38,F
TW2811104,2811104,51,M
TW2811109,2811109,96,F
TW2811112,2811112,17,M
TW2811115,2811115,60,M
TW2811116,2811116,3,F
TW2811117,2811117,17,F
TW2811118,2811118,2,M
TW2811119,2811119,53,F
TW2811121,2811121,15,F
TW2811124,2811124,76,F
TW2811125,2811125,50,M
TW2811126,2811126,48,M
TW2811128,2811128,66,M
TW2811129,2811129,77,F
TW2811133,2811133,27,F
TW2811136,2811136,50,M
TW2811137,2811137,13,M
TW2811140,2811140,56,F
