"part_id","sday_id","day","month","year","dayofweek","holiday"
1856,20101029,29,10,2010,5,"0"
2251,20101120,20,11,2010,3,"0"
5294,20101027,27,10,2010,3,"0"
5966,20101025,25,10,2010,1,"0"
6286,20101120,20,11,2010,6,"0"
6927,20101027,27,10,2010,3,"0"
9930,20101028,28,10,2010,4,"0"
10419,20101116,16,11,2010,2,"0"
10504,20101026,26,10,2010,2,"0"
12958,20101027,27,10,2010,3,"0"
19607,20101117,17,11,2010,3,"0"
21748,20101118,18,11,2010,4,"0"
22259,20101029,29,10,2010,5,"0"
25946,20101117,17,11,2010,3,"0"
27902,20101117,17,11,2010,3,"0"
27905,20101027,27,10,2010,3,"0"
29501,20101115,15,11,2010,1,"0"
31741,20101027,27,10,2010,3,"0"
32126,20101026,26,10,2010,2,"0"
33118,20101025,25,10,2010,1,"0"
36037,20101115,15,11,2010,1,"0"
36421,20101028,28,10,2010,4,"0"
38226,20101022,22,10,2010,5,"0"
39743,20101206,6,12,2010,1,"0"
40026,20110131,31,1,2011,1,"0"
40027,20110127,27,1,2011,4,"0"
40028,20110206,6,2,2011,0,"0"
40029,20110126,26,1,2011,3,"0"
40030,20110205,5,2,2011,6,"0"
40032,20110202,2,2,2011,3,"0"
40033,20110131,31,1,2011,1,"0"
40034,20110201,1,2,2011,2,"0"
40036,20110127,27,1,2011,4,"0"
41931,20101027,27,10,2010,3,"0"
42430,20101029,29,10,2010,5,"0"
43226,20101029,29,10,2010,5,"0"
43404,20101028,28,10,2010,4,"0"
45114,20101027,27,10,2010,3,"0"
46508,20101028,28,10,2010,4,"0"
46568,20101117,17,11,2010,3,"0"
46753,20101026,26,10,2010,2,"0"
46755,20101115,15,11,2010,1,"0"
48977,20101028,28,10,2010,4,"0"
50042,20110126,26,1,2011,3,"0"
50046,20110201,1,2,2011,2,"0"
50047,20110203,3,2,2011,4,"0"
50049,20110203,3,2,2011,4,"0"
50050,20110205,5,2,2011,6,"0"
54681,20101028,28,10,2010,4,"0"
55197,20101025,25,10,2010,4,"0"
55976,20101115,15,11,2010,1,"0"
56016,20101116,16,11,2010,2,"0"
59635,20101026,26,10,2010,2,"0"
59730,20101028,28,10,2010,4,"0"
60001,20110211,11,2,2011,5,"0"
60002,20110210,10,2,2011,4,"0"
60003,20110208,8,2,2011,2,"0"
60004,20110209,9,2,2011,3,"0"
60005,20110211,11,2,2011,5,"0"
60006,20110206,6,2,2011,0,"0"
60007,20110206,6,2,2011,0,"0"
60008,20110207,7,2,2011,1,"0"
60009,20110206,6,2,2011,0,"0"
60011,20110206,6,2,2011,0,"0"
60012,20110206,6,2,2011,0,"0"
65989,20101115,15,11,2010,1,"0"
72620,20101029,29,10,2010,5,"0"
77167,20101116,16,11,2010,2,"0"
78144,20101029,29,10,2010,5,"0"
81043,20101214,14,12,2010,2,"0"
81678,20101031,31,10,2010,0,"1"
81991,20101117,17,11,2010,3,"0"
84346,20101117,17,11,2010,3,"0"
92192,20101117,17,11,2010,3,"0"
93834,20101027,27,10,2010,3,"0"
97902,20101103,3,11,2010,3,"1"
101292,20101118,18,11,2010,4,"0"
101499,20101117,17,11,2010,3,"0"
101565,20101025,25,10,2010,1,"0"
102388,20101117,17,11,2010,3,"0"
104728,20101110,10,11,2010,3,"0"
108387,20101125,25,11,2010,4,"0"
108837,20101026,26,10,2010,6,"0"
111403,20101103,3,11,2010,3,"1"
113146,20101120,20,11,2010,2,"0"
115983,20101028,28,10,2010,4,"0"
118408,20101116,16,11,2010,2,"0"
118535,20101029,29,10,2010,5,"0"
120038,20101025,25,10,2010,1,"0"
120152,20101115,15,11,2010,1,"0"
120226,20101027,27,10,2010,3,"0"
123951,20101026,26,10,2010,2,"0"
124592,20101029,29,10,2010,5,"0"
127249,20101119,19,11,2010,5,"0"
127270,20101117,17,11,2010,3,"0"
127299,20101117,17,11,2010,3,"0"
129718,20101026,26,10,2010,2,"0"
130779,20101026,26,10,2010,2,"0"
132169,20101128,28,11,2010,0,"0"
132701,20101025,25,10,2010,1,"0"
133609,20101118,18,11,2010,4,"0"
140370,20101117,17,11,2010,3,"0"
143921,20101027,27,10,2010,3,"0"
147268,20101027,27,10,2010,3,"0"
147532,20101027,27,10,2010,3,"0"
151212,20101117,17,11,2010,3,"0"
154799,20101026,26,10,2010,2,"0"
160773,20101116,16,11,2010,2,"0"
163265,20101106,6,11,2010,6,"1"
163924,20101028,28,10,2010,4,"0"
170596,20101202,2,12,2010,4,"0"
170729,20101120,20,11,2010,6,"0"
170929,20101117,17,11,2010,3,"0"
172249,20101029,29,10,2010,5,"0"
174345,20101027,27,10,2010,3,"0"
178287,20101115,15,11,2010,1,"0"
181118,20101028,28,10,2010,4,"0"
181882,20101121,21,11,2010,0,"0"
184160,20101026,26,10,2010,2,"0"
188189,20101024,24,10,2010,0,"0"
188749,20101027,27,10,2010,3,"0"
191529,20101029,29,10,2010,5,"0"
192682,20101029,29,10,2010,5,"0"
201795,20101127,27,11,2010,6,"0"
205052,20101128,28,11,2010,0,"0"
210174,20101117,17,11,2010,3,"0"
213544,20101026,26,10,2010,2,"0"
215665,20101029,29,10,2010,5,"0"
216250,20101027,27,10,2010,3,"0"
216622,20101026,26,10,2010,2,"0"
217612,20101127,27,11,2010,6,"0"
218307,20101128,28,11,2010,0,"0"
218575,20101128,28,11,2010,0,"0"
221582,20101028,28,10,2010,4,"0"
222889,20101116,16,11,2010,2,"0"
223825,20101117,17,11,2010,3,"0"
225664,20101026,26,10,2010,2,"0"
227760,20101029,29,10,2010,5,"0"
231634,20101116,16,11,2010,2,"0"
236095,20101118,18,11,2010,4,"0"
237254,20101117,17,11,2010,3,"0"
238070,20101204,4,12,2010,6,"0"
239183,20101127,27,11,2010,6,"0"
239374,20101121,21,11,2010,0,"0"
241778,20101029,29,10,2010,5,"0"
243369,20101029,29,10,2010,5,"0"
244303,20101027,27,10,2010,3,"0"
244706,20101028,28,10,2010,4,"0"
249821,20101029,29,10,2010,5,"0"
255010,20101119,19,11,2010,5,"0"
256146,20101027,27,10,2010,3,"0"
258605,20101027,27,10,2010,3,"0"
262080,20101115,15,11,2010,1,"0"
270985,20101116,16,11,2010,2,"0"
274203,20101027,27,10,2010,3,"0"
278685,20101029,29,10,2010,5,"0"
279254,20101220,20,12,2010,1,"0"
280492,20101027,27,10,2010,3,"0"
282627,20101128,28,11,2010,0,"0"
285321,20101026,26,10,2010,2,"0"
287388,20101029,29,10,2010,5,"0"
291891,20101107,7,11,2010,0,"1"
293498,20101118,18,11,2010,4,"0"
295573,20101116,16,11,2010,2,"0"
296341,20101029,29,10,2010,5,"0"
299253,20101117,17,11,2010,3,"0"
301380,20101025,25,10,2010,1,"0"
301390,20101024,24,10,2010,0,"0"
301545,20101026,26,10,2010,2,"0"
302280,20101025,25,10,2010,1,"0"
302511,20101022,22,10,2010,5,"0"
310248,20101116,16,11,2010,2,"0"
320422,20101116,16,11,2010,2,"0"
321110,20101104,4,11,2010,4,"1"
321267,20101028,28,10,2010,4,"0"
327374,20101027,27,10,2010,3,"0"
328869,20101124,24,11,2010,3,"0"
332397,20101025,25,10,2010,1,"0"
333698,20101128,28,11,2010,0,"0"
333803,20101116,16,11,2010,2,"0"
334010,20101025,25,10,2010,1,"0"
343842,20101119,19,11,2010,5,"0"
348080,20101029,29,10,2010,5,"0"
350282,20101117,17,11,2010,3,"0"
351232,20101116,16,11,2010,2,"0"
352221,20101217,17,12,2010,5,"0"
354251,20101116,16,11,2010,2,"0"
356060,20101028,28,10,2010,4,"0"
357065,20101116,16,11,2010,2,"0"
358257,20101117,17,11,2010,3,"0"
358496,20101025,25,10,2010,1,"0"
358599,20101027,27,10,2010,3,"0"
359305,20101023,23,10,2010,6,"0"
359677,20101022,22,10,2010,6,"0"
364557,20101205,5,12,2010,0,"0"
370614,20101117,17,11,2010,3,"0"
374335,20101028,28,10,2010,4,"0"
375326,20101130,30,11,2010,2,"0"
379514,20101028,28,10,2010,4,"0"
384555,20101116,16,11,2010,2,"0"
384769,20101027,27,10,2010,3,"0"
386213,20101117,17,11,2010,2,"0"
386919,20101022,22,10,2010,0,"0"
387316,20101029,29,10,2010,5,"0"
390853,20101027,27,10,2010,3,"0"
390885,20101105,5,11,2010,5,"1"
395326,20101107,7,11,2010,0,"1"
398508,20101115,15,11,2010,1,"0"
400839,20101106,6,11,2010,6,"1"
401108,20101129,29,11,2010,1,"0"
403196,20101116,16,11,2010,2,"0"
413191,20101117,17,11,2010,3,"0"
423858,20101110,10,11,2010,3,"0"
426803,20101103,3,11,2010,3,"1"
427469,20101125,25,11,2010,4,"0"
429622,20101214,14,12,2010,2,"0"
433959,20101102,2,11,2010,2,"1"
434554,20101105,5,11,2010,5,"1"
437552,20101028,28,10,2010,4,"0"
440307,20101106,6,11,2010,6,"1"
440673,20101027,27,10,2010,3,"0"
444168,20101103,3,11,2010,3,"1"
445518,20101220,20,12,2010,1,"0"
447699,20101104,4,11,2010,4,"1"
450487,20101211,11,12,2010,6,"0"
452932,20101107,7,11,2010,0,"1"
459120,20101106,6,11,2010,6,"1"
461022,20101105,5,11,2010,5,"1"
462393,20101223,23,12,2010,4,"0"
475876,20101031,31,10,2010,0,"1"
479362,20101115,15,11,2010,1,"0"
483004,20101108,8,11,2010,1,"0"
483452,20101219,19,12,2010,0,"0"
484521,20101106,6,11,2010,6,"1"
485163,20101117,17,11,2010,3,"0"
487913,20101025,25,10,2010,1,"0"
493829,20101101,1,11,2010,1,"1"
494521,20101104,4,11,2010,4,"1"
496477,20101028,28,10,2010,4,"0"
498382,20101222,22,12,2010,3,"0"
498428,20101103,3,11,2010,3,"1"
499299,20101027,27,10,2010,3,"0"
502804,20101105,5,11,2010,5,"1"
505287,20101221,21,12,2010,2,"0"
510954,20101028,28,10,2010,4,"0"
512085,20101120,20,11,2010,3,"0"
519786,20101102,2,11,2010,2,"1"
519853,20101118,18,11,2010,4,"0"
526803,20101103,3,11,2010,3,"1"
527040,20101029,29,10,2010,5,"0"
527208,20101108,8,11,2010,1,"0"
527263,20101104,4,11,2010,4,"1"
531555,20101118,18,11,2010,4,"0"
533030,20101108,8,11,2010,1,"0"
534460,20101102,2,11,2010,2,"1"
534636,20101206,6,12,2010,1,"0"
537177,20101027,27,10,2010,3,"0"
545163,20101116,16,11,2010,2,"0"
545368,20101128,28,11,2010,0,"0"
545556,20101112,12,11,2010,5,"0"
546107,20101115,15,11,2010,1,"0"
546929,20101104,4,11,2010,4,"1"
547516,20101211,11,12,2010,6,"0"
548628,20101111,11,11,2010,4,"1"
551273,20101211,11,12,2010,6,"0"
553002,20101107,7,11,2010,0,"1"
553393,20101105,5,11,2010,5,"1"
556142,20101208,8,12,2010,3,"0"
556706,20101104,4,11,2010,4,"1"
561144,20101029,29,10,2010,5,"0"
566160,20101029,29,10,2010,5,"0"
566343,20101117,17,11,2010,3,"0"
566367,20101026,26,10,2010,2,"0"
571109,20101106,6,11,2010,6,"1"
571324,20101120,20,11,2010,6,"0"
572734,20101127,27,11,2010,6,"0"
576031,20101028,28,10,2010,4,"0"
576680,20101116,16,11,2010,2,"0"
581550,20101024,24,10,2010,0,"0"
583315,20101029,29,10,2010,5,"0"
584049,20101028,28,10,2010,4,"0"
584918,20101101,1,11,2010,1,"1"
592766,20101118,18,11,2010,4,"0"
593600,20101118,18,11,2010,4,"0"
594259,20101108,8,11,2010,1,"0"
597056,20101205,5,12,2010,0,"0"
598711,20101222,22,12,2010,3,"0"
603778,20101104,4,11,2010,4,"1"
604026,20101026,26,10,2010,2,"0"
604197,20101103,3,11,2010,3,"1"
606424,20101115,15,11,2010,1,"0"
611896,20101028,28,10,2010,4,"0"
616530,20101115,15,11,2010,1,"0"
617467,20101116,16,11,2010,2,"0"
617545,20101116,16,11,2010,2,"0"
621307,20101026,26,10,2010,2,"0"
621662,20101116,16,11,2010,2,"0"
624215,20101117,17,11,2010,3,"0"
625175,20101118,18,11,2010,4,"0"
625820,20101027,27,10,2010,3,"0"
628628,20101127,27,11,2010,6,"0"
628763,20101124,24,11,2010,3,"0"
629762,20101116,16,11,2010,2,"0"
633492,20101105,5,11,2010,5,"1"
636625,20110102,2,1,2011,0,"1"
637994,20101103,3,11,2010,3,"1"
642349,20101106,6,11,2010,6,"1"
645379,20101108,8,11,2010,1,"0"
645787,20101224,24,12,2010,5,"0"
649428,20101105,5,11,2010,5,"1"
649802,20101028,28,10,2010,4,"0"
651226,20101115,15,11,2010,1,"0"
652965,20101028,28,10,2010,4,"0"
659083,20101108,8,11,2010,1,"0"
662605,20101117,17,11,2010,3,"0"
662679,20101107,7,11,2010,0,"1"
663437,20101128,28,11,2010,0,"0"
664572,20101023,23,10,2010,6,"0"
665108,20101025,25,10,2010,1,"0"
665471,20101021,21,10,2010,4,"0"
675532,20101004,4,10,2010,4,"0"
677245,20101214,14,12,2010,2,"0"
683568,20101102,2,11,2010,2,"1"
683661,20101101,1,11,2010,1,"1"
683960,20101027,27,10,2010,3,"0"
684191,20101108,8,11,2010,1,"0"
687187,20101031,31,10,2010,0,"1"
688896,20101102,2,11,2010,2,"1"
690022,20101105,5,11,2010,5,"1"
690218,20101106,6,11,2010,4,"1"
691231,20101115,15,11,2010,1,"0"
694847,20101108,8,11,2010,1,"0"
697572,20101105,5,11,2010,5,"1"
699139,20101109,9,11,2010,2,"0"
699832,20101026,26,10,2010,2,"0"
705053,20101028,28,10,2010,4,"0"
706453,20101109,9,11,2010,2,"0"
712628,20101118,18,11,2010,4,"0"
713613,20110122,22,1,2011,6,"0"
716531,20101118,18,11,2010,4,"0"
717301,20101026,26,10,2010,2,"0"
717368,20101107,7,11,2010,0,"1"
718005,20101124,24,11,2010,3,"0"
720636,20101221,21,12,2010,2,"0"
721660,20101217,17,12,2010,5,"0"
728399,20101109,9,11,2010,2,"0"
729271,20101118,18,11,2010,4,"0"
730678,20101117,17,11,2010,3,"0"
731030,20101114,14,11,2010,0,"0"
731543,20101206,6,12,2010,1,"0"
731775,20101103,3,11,2010,3,"1"
735293,20101219,19,12,2010,0,"0"
737602,20101027,27,10,2010,3,"0"
739384,20101113,13,11,2010,6,"0"
739663,20101119,19,11,2010,5,"0"
740381,20101205,5,12,2010,0,"0"
746979,20101104,4,11,2010,4,"1"
747173,20101110,10,11,2010,3,"0"
748866,20101104,4,11,2010,4,"1"
749014,20101026,26,10,2010,2,"0"
751429,20101117,17,11,2010,3,"0"
754840,20101026,26,10,2010,2,"0"
755264,20101027,27,10,2010,3,"0"
756792,20101117,17,11,2010,3,"0"
759592,20101117,17,11,2010,3,"0"
760289,20101107,7,11,2010,0,"1"
764060,20101221,21,12,2010,2,"0"
766042,20101209,9,12,2010,4,"0"
767949,20101116,16,11,2010,2,"0"
771592,20101224,24,12,2010,5,"0"
772138,20101106,6,11,2010,6,"1"
774736,20101115,15,11,2010,1,"0"
775087,20101116,16,11,2010,2,"0"
781682,20101029,29,10,2010,5,"0"
787147,20101103,3,11,2010,3,"1"
787539,20101101,1,11,2010,1,"1"
790064,20101101,1,11,2010,1,"1"
791137,20101026,26,10,2010,2,"0"
792729,20101103,3,11,2010,3,"1"
793721,20101106,6,11,2010,6,"1"
797468,20101115,15,11,2010,1,"0"
797667,20101028,28,10,2010,4,"0"
798806,20101027,27,10,2010,3,"0"
798895,20101117,17,11,2010,3,"0"
799900,20101115,15,11,2010,1,"0"
801970,20101118,18,11,2010,4,"0"
802686,20101118,18,11,2010,4,"0"
802823,20101117,17,11,2010,3,"0"
802832,20101029,29,10,2010,5,"0"
813637,20101101,1,11,2010,1,"1"
814881,20101208,8,12,2010,3,"0"
826660,20101101,1,11,2010,1,"1"
831234,20101024,24,10,2010,0,"0"
831518,20101023,23,10,2010,6,"0"
832009,20101223,23,12,2010,4,"0"
834865,20101118,18,11,2010,4,"0"
837008,20101116,16,11,2010,2,"0"
837912,20101106,6,11,2010,6,"1"
841628,20101107,7,11,2010,0,"1"
844285,20101128,28,11,2010,0,"0"
844699,20101105,5,11,2010,5,"1"
845019,20101027,27,10,2010,3,"0"
845035,20101108,8,11,2010,1,"0"
850275,20101116,16,11,2010,2,"0"
851575,20101102,2,11,2010,2,"1"
853727,20101030,30,10,2010,0,"1"
853919,20101116,16,11,2010,2,"0"
854253,20101028,28,10,2010,4,"0"
856642,20101103,3,11,2010,3,"1"
859753,20101108,8,11,2010,1,"0"
862923,20101108,8,11,2010,1,"0"
866483,20101101,1,11,2010,1,"1"
866536,20101130,30,11,2010,2,"0"
868501,20101102,2,11,2010,2,"1"
869204,20101107,7,11,2010,0,"1"
869675,20101115,15,11,2010,1,"0"
871264,20101031,31,10,2010,0,"1"
874422,20101104,4,11,2010,4,"1"
876164,20101115,15,11,2010,1,"0"
878600,20101105,5,11,2010,5,"1"
878809,20101103,3,11,2010,3,"1"
879982,20101029,29,10,2010,5,"0"
881301,20101028,28,10,2010,4,"0"
883085,20101108,8,11,2010,1,"0"
883511,20101101,1,11,2010,1,"1"
884944,20101102,2,11,2010,2,"1"
885323,20101108,8,11,2010,1,"0"
886395,20101029,29,10,2010,5,"0"
892394,20101026,26,10,2010,2,"0"
892572,20101021,21,10,2010,4,"0"
895396,20101115,15,11,2010,1,"0"
898358,20101104,4,11,2010,4,"1"
899590,20101029,29,10,2010,5,"0"
901352,20101118,18,11,2010,4,"0"
901586,20101106,6,11,2010,6,"1"
902398,20101102,2,11,2010,2,"1"
902660,20101105,5,11,2010,5,"1"
905077,20101108,8,11,2010,1,"0"
906618,20101101,1,11,2010,1,"1"
907565,20101029,29,10,2010,5,"0"
909993,20101031,31,10,2010,0,"1"
910862,20101123,23,11,2010,2,"0"
913997,20101109,9,11,2010,2,"0"
915270,20101109,9,11,2010,2,"0"
921579,20101102,2,11,2010,2,"1"
926690,20101031,31,10,2010,0,"1"
930186,20101026,26,10,2010,2,"0"
930187,20101203,3,12,2010,5,"0"
930308,20101026,26,10,2010,2,"0"
930356,20101025,25,10,2010,1,"0"
930901,20101029,29,10,2010,5,"0"
930964,20101026,26,10,2010,2,"0"
931504,20101027,27,10,2010,3,"0"
936337,20101202,2,12,2010,4,"0"
938549,20101117,17,11,2010,3,"0"
944692,20101105,5,11,2010,5,"1"
944749,20101105,5,11,2010,5,"1"
944990,20101105,5,11,2010,5,"1"
945296,20101108,8,11,2010,1,"0"
945501,20101028,28,10,2010,4,"0"
946711,20101004,4,10,2010,4,"0"
952348,20101108,8,11,2010,1,"0"
953000,20101028,28,10,2010,4,"0"
959305,20101029,29,10,2010,5,"0"
962023,20101108,8,11,2010,1,"0"
964077,20101223,23,12,2010,4,"0"
964389,20101103,3,11,2010,3,"1"
967582,20101128,28,11,2010,0,"0"
968599,20101104,4,11,2010,4,"1"
969754,20101115,15,11,2010,1,"0"
972028,20101104,4,11,2010,4,"1"
975577,20101031,31,10,2010,4,"1"
979882,20101026,26,10,2010,2,"0"
980672,20101101,1,11,2010,1,"1"
981565,20101029,29,10,2010,5,"0"
981597,20101023,23,10,2010,6,"0"
983741,20101027,27,10,2010,3,"0"
985649,20101127,27,11,2010,6,"0"
988228,20101107,7,11,2010,0,"1"
990252,20101107,7,11,2010,0,"1"
990294,20101026,26,10,2010,2,"0"
990329,20101122,22,11,2010,1,"0"
990337,20101108,8,11,2010,1,"0"
992362,20101109,9,11,2010,2,"0"
996719,20101116,16,11,2010,2,"0"
1000843,20101106,6,11,2010,6,"1"
1003610,20101022,22,10,2010,5,"0"
1005126,20101023,23,10,2010,6,"0"
1005762,20101028,28,10,2010,4,"0"
1005905,20101105,5,11,2010,5,"1"
1011828,20101104,4,11,2010,4,"1"
1016821,20101102,2,11,2010,2,"1"
1017095,20101115,15,11,2010,1,"0"
1019095,20101223,23,12,2010,4,"0"
1019574,20101027,27,10,2010,3,"0"
1026157,20101027,27,10,2010,3,"0"
1027212,20101028,28,10,2010,4,"0"
1028025,20101121,21,11,2010,0,"0"
1029936,20101104,4,11,2010,4,"1"
1030663,20101106,6,11,2010,6,"1"
1037871,20101115,15,11,2010,1,"0"
1041723,20101029,29,10,2010,5,"0"
1043071,20101115,15,11,2010,1,"0"
1051948,20101118,18,11,2010,4,"0"
1053693,20101103,3,11,2010,3,"1"
1054233,20101207,7,12,2010,2,"0"
1057283,20101026,26,10,2010,2,"0"
1057506,20101029,29,10,2010,5,"0"
1060168,20101105,5,11,2010,5,"1"
1064981,20101101,1,11,2010,1,"1"
1067418,20101107,7,11,2010,0,"1"
1068095,20101101,1,11,2010,1,"1"
1068149,20101106,6,11,2010,6,"1"
1068877,20101029,29,10,2010,5,"0"
1072212,20101117,17,11,2010,3,"0"
1072456,20101117,17,11,2010,3,"0"
1075546,20101204,4,12,2010,6,"0"
1076443,20101104,4,11,2010,4,"1"
1081630,20101218,18,12,2010,6,"0"
1084847,20101106,6,11,2010,6,"1"
1085840,20101028,28,10,2010,4,"0"
1086599,20101115,15,11,2010,1,"0"
1088788,20101221,21,12,2010,2,"0"
1090305,20101027,27,10,2010,3,"0"
1091460,20101120,20,11,2010,6,"0"
1096591,20101028,28,10,2010,4,"0"
1104249,20101115,15,11,2010,1,"0"
1105569,20101118,18,11,2010,4,"0"
1107712,20101026,26,10,2010,2,"0"
1113927,20101103,3,11,2010,3,"1"
1114184,20101203,3,12,2010,5,"0"
1114887,20101104,4,11,2010,4,"1"
1115018,20101103,3,11,2010,3,"1"
1117070,20101104,4,11,2010,4,"1"
1123048,20101124,24,11,2010,3,"0"
1126974,20101115,15,11,2010,1,"0"
1128879,20101120,20,11,2010,6,"0"
1129094,20101129,29,11,2010,1,"0"
1136587,20101105,5,11,2010,5,"1"
1138872,20101109,9,11,2010,2,"0"
1139114,20101104,4,11,2010,4,"1"
1139663,20101103,3,11,2010,3,"1"
1142837,20101122,22,11,2010,1,"0"
1142887,20101106,6,11,2010,6,"1"
1143659,20101205,5,12,2010,0,"0"
1143801,20101117,17,11,2010,3,"0"
1144615,20101029,29,10,2010,5,"0"
1149676,20110115,15,1,2011,6,"0"
1152737,20101023,23,10,2010,6,"0"
1154720,20101007,7,10,2010,3,"0"
1158201,20101027,27,10,2010,3,"0"
1158611,20101031,31,10,2010,0,"1"
1159748,20101026,26,10,2010,2,"0"
1161155,20101107,7,11,2010,0,"1"
1161194,20101204,4,12,2010,6,"0"
1163713,20101102,2,11,2010,2,"1"
1164032,20101107,7,11,2010,0,"1"
1164069,20101031,31,10,2010,0,"1"
1164567,20101106,6,11,2010,6,"1"
1167219,NA,NA,NA,2010,NA,NA
1168759,20101026,26,10,2010,2,"0"
1169919,20101031,31,10,2010,0,"1"
1174403,20101121,21,11,2010,0,"0"
1179706,20101209,9,12,2010,4,"0"
1186038,20101108,8,11,2010,1,"0"
1186234,20101202,2,12,2010,4,"0"
1189640,20101104,4,11,2010,4,"1"
1190016,20101027,27,10,2010,3,"0"
1191518,20101102,2,11,2010,2,"1"
1192108,20101107,7,11,2010,0,"1"
1196216,20101023,23,10,2010,6,"0"
1196611,20101117,17,11,2010,3,"0"
1203886,20101026,26,10,2010,2,"0"
1204174,20101107,7,11,2010,0,"1"
1207442,20101116,16,11,2010,2,"0"
1207547,20101202,2,12,2010,4,"0"
1208537,20101116,16,11,2010,2,"0"
1215498,20101105,5,11,2010,5,"1"
1218302,20101031,31,10,2010,0,"1"
1219128,20101206,6,12,2010,1,"0"
1220261,20101218,18,12,2010,6,"0"
1221734,20101120,20,11,2010,6,"0"
1221862,20101117,17,11,2010,3,"0"
1230767,20101104,4,11,2010,4,"1"
1230823,20101115,15,11,2010,1,"0"
1231269,20101028,28,10,2010,4,"0"
1234370,20101104,4,11,2010,4,"1"
1237639,20101103,3,11,2010,3,"1"
1240798,20101105,5,11,2010,5,"1"
1242890,20101101,1,11,2010,1,"1"
1245737,20101026,26,10,2010,2,"0"
1245844,20101114,14,11,2010,0,"0"
1249311,20101026,26,10,2010,2,"0"
1250302,20101021,21,10,2010,4,"0"
1250694,20101024,24,10,2010,0,"0"
1256412,20101128,28,11,2010,0,"0"
1257498,20101106,6,11,2010,6,"1"
1260167,20101201,1,12,2010,1,"0"
1262512,20101118,18,11,2010,4,"0"
1264568,20101106,6,11,2010,6,"1"
1266981,20101115,15,11,2010,1,"0"
1268013,20101027,27,10,2010,3,"0"
1273277,20101026,26,10,2010,2,"0"
1273449,20101103,3,11,2010,3,"1"
1273685,20101125,25,11,2010,4,"0"
1280349,20101208,8,12,2010,3,"0"
1280774,20101108,8,11,2010,1,"0"
1281859,20101104,4,11,2010,4,"1"
1281955,20101109,9,11,2010,2,"0"
1285390,20101118,18,11,2010,4,"0"
1288568,20101102,2,11,2010,3,"1"
1289390,20101028,28,10,2010,4,"0"
1289728,20101024,24,10,2010,0,"0"
1289836,20101117,17,11,2010,3,"0"
1290552,20101029,29,10,2010,5,"0"
1293783,20110119,19,1,2011,3,"0"
1294183,20101029,29,10,2010,5,"0"
1295545,20101118,18,11,2010,4,"0"
1296975,20101026,26,10,2010,2,"0"
1299019,20101107,7,11,2010,0,"1"
1306089,20101028,28,10,2010,4,"0"
1310075,20101127,27,11,2010,6,"0"
1310696,20101029,29,10,2010,5,"0"
1325029,20101028,28,10,2010,4,"0"
1336510,20101118,18,11,2010,4,"0"
1340820,20101222,22,12,2010,3,"0"
1342863,20101025,25,10,2010,1,"0"
1346824,20101028,28,10,2010,4,"0"
1346909,20101108,8,11,2010,1,"0"
1348959,20101002,2,10,2010,2,"0"
1352674,20101127,27,11,2010,6,"0"
1352968,20101109,9,11,2010,2,"0"
1354524,20101115,15,11,2010,1,"0"
1357391,20101104,4,11,2010,4,"1"
1358280,20101026,26,10,2010,2,"0"
1361510,20101127,27,11,2010,6,"0"
1370065,20101105,5,11,2010,5,"1"
1372432,20101109,9,11,2010,2,"0"
1375124,20101106,6,11,2010,6,"1"
1378696,20101201,1,12,2010,3,"0"
1378993,20101117,17,11,2010,3,"0"
1379123,20101026,26,10,2010,2,"0"
1382751,20101103,3,11,2010,3,"1"
1384393,20101109,9,11,2010,2,"0"
1385400,20101101,1,11,2010,1,"1"
1391789,20101211,11,12,2010,6,"0"
1393380,20101028,28,10,2010,4,"0"
1397854,20101029,29,10,2010,5,"0"
1397948,20101128,28,11,2010,0,"0"
1398226,20101104,4,11,2010,4,"1"
1398299,20101106,6,11,2010,6,"1"
1403246,20101106,6,11,2010,6,"1"
1403382,20101105,5,11,2010,5,"1"
1404809,20110108,8,1,2011,6,"1"
1407117,20101119,19,11,2010,5,"0"
1409165,20101117,17,11,2010,3,"0"
1409385,20101117,17,11,2010,3,"0"
1411279,20101102,2,11,2010,2,"1"
1420558,20101106,6,11,2010,6,"1"
1422353,20101023,23,10,2010,6,"0"
1425561,20101127,27,11,2010,6,"0"
1428182,20101128,28,11,2010,0,"0"
1428300,20101121,21,11,2010,0,"0"
1429667,20101119,19,11,2010,5,"0"
1429847,20101101,1,11,2010,1,"1"
1436300,20101116,16,11,2010,2,"0"
1436931,20101121,21,11,2010,0,"0"
1451224,20101103,3,11,2010,3,"1"
1452695,20101115,15,11,2010,1,"0"
1453162,20101128,28,11,2010,0,"0"
1455031,20101029,29,10,2010,5,"0"
1459913,20101028,28,10,2010,4,"0"
1461819,20101121,21,11,2010,1,"0"
1472986,20101108,8,11,2010,1,"0"
1473067,20101110,10,11,2010,3,"0"
1473125,20101107,7,11,2010,0,"1"
1475520,20101130,30,11,2010,2,"0"
1476145,20101029,29,10,2010,5,"0"
1478840,20101028,28,10,2010,4,"0"
1481870,20101102,2,11,2010,2,"1"
1482261,20101119,19,11,2010,5,"0"
1489215,20101107,7,11,2010,0,"1"
1491454,20101126,26,11,2010,5,"0"
1494532,20110119,19,1,2011,3,"0"
1495481,20101102,2,11,2010,2,"1"
1496421,20101031,31,10,2010,0,"1"
1500946,20101119,19,11,2010,5,"0"
1504206,20101117,17,11,2010,3,"0"
1504650,20101118,18,11,2010,4,"0"
1505530,20101121,21,11,2010,0,"0"
1509942,20101116,16,11,2010,2,"0"
1510259,20101104,4,11,2010,4,"1"
1523563,20101121,21,11,2010,0,"0"
1523808,20101031,31,10,2010,0,"1"
1524177,20101027,27,10,2010,3,"0"
1530368,20101027,27,10,2010,3,"0"
1532781,20101106,6,11,2010,6,"1"
1541431,20101208,8,12,2010,3,"0"
1549459,20101116,16,11,2010,2,"0"
1554236,20101106,6,11,2010,6,"1"
1558381,20101127,27,11,2010,6,"0"
1558614,20101210,10,12,2010,5,"0"
1559561,20101218,18,12,2010,6,"0"
1576626,20101116,16,11,2010,2,"0"
1576712,20101127,27,11,2010,6,"0"
1578453,20101127,27,11,2010,6,"0"
1579597,20101128,28,11,2010,0,"0"
1584740,20101116,16,11,2010,2,"0"
1586919,20101028,28,10,2010,4,"0"
1588703,20101104,4,11,2010,3,"1"
1590034,20101106,6,11,2010,6,"1"
1590470,20101029,29,10,2010,5,"0"
1590819,20101109,9,11,2010,2,"0"
1591007,NA,NA,NA,2010,NA,NA
1595935,20101029,29,10,2010,5,"0"
1598270,20101027,27,10,2010,3,"0"
1599519,20101106,6,11,2010,6,"1"
1600998,20101118,18,11,2010,4,"0"
1605343,20101223,23,12,2010,4,"0"
1606352,20101121,21,11,2010,0,"0"
1608191,20101026,26,10,2010,2,"0"
1609278,20101025,25,10,2010,1,"0"
1611006,20101104,4,11,2010,4,"1"
1612529,20101105,5,11,2010,5,"1"
1612821,20101103,3,11,2010,3,"1"
1613849,20101128,28,11,2010,0,"0"
1621562,20101102,2,11,2010,2,"1"
1621788,20101105,5,11,2010,5,"1"
1623954,20101127,27,11,2010,6,"0"
1627099,20101121,21,11,2010,0,"0"
1630521,20101202,2,12,2010,4,"0"
1630675,20101119,19,11,2010,5,"0"
1630704,20101204,4,12,2010,6,"0"
1631056,20101106,6,11,2010,6,"1"
1647083,20101223,23,12,2010,4,"0"
1649738,20101127,27,11,2010,6,"0"
1653677,20101031,31,10,2010,0,"1"
1654038,20101101,1,11,2010,1,"1"
1659158,20101115,15,11,2010,1,"0"
1659735,20101027,27,10,2010,3,"0"
1661851,20101102,2,11,2010,2,"1"
1672154,20101029,29,10,2010,5,"0"
1673852,20101029,29,10,2010,5,"0"
1674715,20101128,28,11,2010,0,"0"
1674957,20101129,29,11,2010,1,"0"
1680353,20101117,17,11,2010,3,"0"
1681269,20101206,6,12,2010,1,"0"
1681278,20101115,15,11,2010,1,"0"
1690648,20110115,15,1,2011,6,"0"
1692420,20101028,28,10,2010,4,"0"
1692552,20101026,26,10,2010,2,"0"
1692657,20101116,16,11,2010,2,"0"
1693429,20101115,15,11,2010,1,"0"
1693807,20101116,16,11,2010,2,"0"
1695775,20101110,10,11,2010,3,"0"
1696768,20101109,9,11,2010,2,"0"
1698777,20101107,7,11,2010,0,"1"
1709030,20101117,17,11,2010,3,"0"
1722766,20101028,28,10,2010,4,"0"
1723856,20101028,28,10,2010,4,"0"
1725215,20101023,23,10,2010,6,"0"
1725978,20101022,22,10,2010,5,"0"
1726426,20101025,25,10,2010,1,"0"
1730744,20101026,26,10,2010,2,"0"
1742042,20101119,19,11,2010,5,"0"
1752099,20101127,27,11,2010,6,"0"
1756238,20101108,8,11,2010,1,"0"
1760053,20101128,28,11,2010,0,"0"
1764272,20101115,15,11,2010,1,"0"
1772799,20101109,9,11,2010,2,"0"
1773458,20101106,6,11,2010,6,"1"
1782073,20101029,29,10,2010,5,"0"
1782328,20101029,29,10,2010,5,"0"
1783909,20101115,15,11,2010,1,"0"
1792042,20101201,1,12,2010,3,"0"
1792225,20101120,20,11,2010,6,"0"
1792280,20101115,15,11,2010,1,"0"
1800887,20101128,28,11,2010,0,"0"
1802415,20101106,6,11,2010,6,"1"
1806241,20101108,8,11,2010,1,"0"
1812729,20101029,29,10,2010,5,"0"
1816406,20101120,20,11,2010,6,"0"
1831685,20101028,28,10,2010,4,"0"
1831686,20101028,28,10,2010,4,"0"
1845479,20101107,7,11,2010,0,"1"
1847859,20101110,10,11,2010,3,"0"
1852219,20101115,15,11,2010,1,"0"
1853372,20101029,29,10,2010,5,"0"
1853417,20101023,23,10,2010,6,"0"
1855251,20101023,23,10,2010,6,"0"
1855531,20101028,28,10,2010,5,"0"
1855719,20101115,15,11,2010,1,"0"
1857424,20101121,21,11,2010,0,"0"
1870264,20101122,22,11,2010,1,"0"
1872396,20101111,11,11,2010,4,"1"
1873453,20101105,5,11,2010,5,"1"
1875588,20101106,6,11,2010,6,"1"
1879039,20101121,21,11,2010,0,"0"
1883604,20101022,22,10,2010,5,"0"
1884589,20101116,16,11,2010,2,"0"
1884850,20101030,30,10,2010,6,"1"
1884960,20101021,21,10,2010,4,"0"
1885217,20101022,22,10,2010,5,"0"
1885830,20101028,28,10,2010,4,"0"
1897845,20101214,14,12,2010,2,"0"
1898184,20101209,9,12,2010,4,"0"
1898958,20101210,10,12,2010,5,"0"
1903720,20101126,26,11,2010,5,"0"
1905662,20101118,18,11,2010,3,"0"
1907281,20101212,12,12,2010,0,"0"
1910577,20101208,8,12,2010,3,"0"
1912031,20101118,18,11,2010,4,"0"
1912923,20101127,27,11,2010,6,"0"
1913741,20101208,8,12,2010,4,"0"
1917048,20101209,9,12,2010,4,"0"
1918747,20101107,7,11,2010,0,"1"
1920918,20101128,28,11,2010,0,"0"
1926226,20101120,20,11,2010,6,"0"
1934483,20101208,8,12,2010,3,"0"
1934666,20101119,19,11,2010,5,"0"
1942939,20101214,14,12,2010,2,"0"
1944122,20101028,28,10,2010,4,"0"
1956565,20101121,21,11,2010,0,"0"
1956865,20101127,27,11,2010,6,"0"
1963183,20101024,24,10,2010,0,"0"
1963806,20101214,14,12,2010,2,"0"
1968886,20101208,8,12,2010,3,"0"
1969308,20101213,13,12,2010,1,"0"
1969565,20101210,10,12,2010,5,"0"
1971182,20101109,9,11,2010,2,"0"
1984762,20101201,1,12,2010,3,"0"
1995289,20101028,28,10,2010,4,"0"
1998644,20101107,7,11,2010,0,"1"
2000279,20101217,17,12,2010,5,"0"
2013264,20101214,14,12,2010,2,"0"
2015361,20101111,11,11,2010,4,"1"
2017841,20101213,13,12,2010,1,"0"
2023250,20101028,28,10,2010,4,"0"
2023267,20101128,28,11,2010,0,"0"
2024100,20101128,28,11,2010,0,"0"
2025318,20101028,28,10,2010,4,"0"
2029873,20101212,12,12,2010,0,"0"
2034097,20101210,10,12,2010,5,"0"
2034768,20101117,17,11,2010,3,"0"
2035239,20101211,11,12,2010,6,"0"
2038087,20101027,27,10,2010,3,"0"
2053694,20101223,23,12,2010,4,"0"
2079701,20101103,3,11,2010,3,"1"
2083865,20101029,29,10,2010,5,"0"
2090081,20101024,24,10,2010,0,"0"
2090355,20101029,29,10,2010,5,"0"
2097163,20101103,3,11,2010,3,"1"
2098284,20101118,18,11,2010,4,"0"
2109257,20101105,5,11,2010,5,"1"
2112961,20101127,27,11,2010,6,"0"
2122475,20101029,29,10,2010,5,"0"
2126389,20101106,6,11,2010,6,"1"
2130421,20101105,5,11,2010,5,"1"
2141029,20110114,14,1,2011,6,"0"
2145953,20101023,23,10,2010,6,"0"
2146450,20101115,15,11,2010,1,"0"
2148092,20101029,29,10,2010,5,"0"
2148224,20101023,23,10,2010,6,"0"
2156217,20101105,5,11,2010,5,"1"
2157328,20101109,9,11,2010,2,"0"
2158527,20101130,30,11,2010,2,"0"
2159002,20101130,30,11,2010,2,"0"
2159165,20101012,12,10,2010,5,"0"
2161229,20101129,29,11,2010,1,"0"
2161921,20101027,27,10,2010,3,"0"
2166193,20101128,28,11,2010,0,"0"
2167690,20101104,4,11,2010,4,"1"
2173304,20101115,15,11,2010,1,"0"
2173609,20101108,8,11,2010,1,"0"
2194071,20101107,7,11,2010,0,"1"
2194402,20101110,10,11,2010,3,"0"
2194970,20101111,11,11,2010,4,"1"
2198621,20101115,15,11,2010,1,"0"
2204434,20101110,10,11,2010,3,"0"
2207682,20101222,22,12,2010,3,"0"
2212889,20101023,23,10,2010,6,"0"
2213163,20101029,29,10,2010,5,"0"
2215213,20101028,28,10,2010,4,"0"
2216393,20101127,27,11,2010,6,"0"
2231203,20101029,29,10,2010,5,"0"
2235426,20101120,20,11,2010,6,"0"
2243534,20101205,5,12,2010,0,"0"
2254465,20101021,21,10,2010,4,"0"
2254570,20101026,26,10,2010,2,"0"
2254629,20101027,27,10,2010,3,"0"
2255082,20101021,21,10,2010,4,"0"
2255249,20101027,27,10,2010,3,"0"
2256184,20110119,19,1,2011,3,"0"
2261418,20101027,27,10,2010,3,"0"
2280661,20110114,14,1,2011,5,"0"
2302570,20101128,28,11,2010,0,"0"
2302954,20101221,21,12,2010,2,"0"
2311137,20101116,16,11,2010,2,"0"
2324845,20101023,23,10,2010,6,"0"
2325643,20101025,25,10,2010,1,"0"
2326885,20101021,21,10,2010,4,"0"
2327768,20101027,27,10,2010,3,"0"
2329893,20101029,29,10,2010,5,"0"
2331796,20101226,26,12,2010,0,"1"
2339109,20101106,6,11,2010,6,"1"
2345233,20101119,19,11,2010,5,"0"
2345241,20101204,4,12,2010,6,"0"
2347121,20101028,28,10,2010,4,"0"
2349737,20101127,27,11,2010,6,"0"
2352535,20101110,10,11,2010,3,"0"
2353447,20101208,8,12,2010,3,"0"
2356378,20101129,29,11,2010,1,"0"
2357646,20101117,17,11,2010,3,"0"
2362593,20101105,5,11,2010,5,"1"
2383026,20101104,4,11,2010,4,"1"
2383406,20101115,15,11,2010,1,"0"
2392348,20101026,26,10,2010,2,"0"
2392886,20101026,26,10,2010,2,"0"
2398359,20101029,29,10,2010,5,"0"
2403223,20101125,25,11,2010,4,"0"
2422923,20101110,10,11,2010,3,"0"
2435901,20101128,28,11,2010,0,"0"
2442978,20101121,21,11,2010,0,"0"
2448928,20110119,19,1,2011,3,"0"
2452963,20101117,17,11,2010,3,"0"
2473323,20101215,15,12,2010,3,"0"
2482913,20101026,26,10,2010,2,"0"
2485951,20101106,6,11,2010,6,"1"
2489802,20101127,27,11,2010,6,"0"
2496352,20101202,2,12,2010,5,"0"
2496631,20101202,2,12,2010,4,"0"
2501732,20101106,6,11,2010,6,"1"
2505741,20101121,21,11,2010,0,"0"
2511699,20101110,10,11,2010,3,"0"
2516851,20110116,16,1,2011,0,"0"
2528049,20101027,27,10,2010,3,"0"
2528346,20101129,29,11,2010,1,"0"
2533469,20101117,17,11,2010,3,"0"
2541959,20101106,6,11,2010,6,"1"
2545230,20101025,25,10,2010,1,"0"
2546079,20101029,29,10,2010,5,"0"
2553198,20101029,29,10,2010,5,"0"
2556108,20101104,4,11,2010,4,"1"
2585315,20101128,28,11,2010,0,"0"
2589048,20101105,5,11,2010,5,"1"
2591605,20101104,4,11,2010,4,"1"
2591733,20101105,5,11,2010,5,"1"
2598797,20101110,10,11,2010,3,"0"
2601374,20101127,27,11,2010,6,"0"
2603127,20101103,3,11,2010,3,"1"
2605968,20101108,8,11,2010,1,"0"
2607214,20110115,15,1,2011,6,"0"
2613423,20101204,4,12,2010,6,"0"
2613518,20101101,1,11,2010,1,"1"
2613661,20101107,7,11,2010,0,"1"
2621453,20101115,15,11,2010,1,"0"
2626384,20101109,9,11,2010,2,"0"
2626551,20101101,1,11,2010,1,"1"
2627768,20101103,3,11,2010,3,"1"
2631063,20101102,2,11,2010,2,"1"
2636496,20101104,4,11,2010,4,"1"
2638432,20101107,7,11,2010,0,"1"
2645271,20101105,5,11,2010,5,"1"
2647640,20101201,1,12,2010,3,"0"
2651459,20101117,17,11,2010,3,"0"
2656084,20101102,2,11,2010,2,"1"
2661109,20101103,3,11,2010,3,"1"
2672187,20101202,2,12,2010,4,"0"
2672467,20101101,1,11,2010,1,"1"
2673573,20101105,5,11,2010,5,"1"
2675315,20101101,1,11,2010,1,"1"
2676206,20101104,4,11,2010,4,"1"
2678767,20101103,3,11,2010,3,"1"
2678931,20101104,4,11,2010,4,"1"
2681720,20101202,2,12,2010,4,"0"
2686104,20101023,23,10,2010,6,"0"
2686343,20101029,29,10,2010,1,"0"
2691672,20101108,8,11,2010,1,"0"
2691920,20101107,7,11,2010,0,"1"
2692321,20101102,2,11,2010,2,"1"
2692840,20101105,5,11,2010,5,"1"
2697780,20101106,6,11,2010,6,"1"
2701654,20101104,4,11,2010,4,"1"
2712498,20101101,1,11,2010,1,"1"
2713330,20101101,1,11,2010,1,"1"
2714119,20101105,5,11,2010,5,"1"
2715793,20101107,7,11,2010,0,"1"
2723580,20101115,15,11,2010,1,"0"
2723674,20101117,17,11,2010,3,"0"
2724060,20101028,28,10,2010,4,"0"
2724293,20101103,3,11,2010,3,"1"
2729287,20101104,4,11,2010,4,"1"
2736727,20101108,8,11,2010,1,"0"
2736739,20101105,5,11,2010,5,"1"
2740099,20101110,10,11,2010,3,"0"
2747591,20101104,4,11,2010,4,"1"
2748362,20101106,6,11,2010,6,"1"
2751127,20101104,4,11,2010,4,"1"
2756729,20101107,7,11,2010,0,"1"
2757722,20101224,24,12,2010,5,"0"
2759044,20101108,8,11,2010,1,"0"
2759099,20101008,8,10,2010,1,"0"
2759539,20101105,5,11,2010,5,"1"
2759712,20101104,4,11,2010,4,"1"
2763650,20101105,5,11,2010,5,"1"
2763672,20101104,4,11,2010,4,"1"
2766265,20101104,4,11,2010,4,"1"
2783682,20101106,6,11,2010,6,"1"
2789698,20101104,4,11,2010,4,"1"
2790360,20101106,6,11,2010,6,"1"
2792458,20101105,5,11,2010,5,"1"
2793199,20101107,7,11,2010,0,"1"
2795082,20101107,7,11,2010,0,"1"
2803622,20101209,9,12,2010,4,"0"
2803803,20101104,4,11,2010,4,"1"
2806325,20101103,3,11,2010,3,"1"
2807433,20101107,7,11,2010,0,"1"
2811754,20101102,2,11,2010,2,"1"
2813396,20101107,7,11,2010,0,"1"
2814886,20101103,3,11,2010,3,"1"
2815216,20101109,9,11,2010,2,"0"
2820105,20101102,2,11,2010,2,"1"
2822648,20101128,28,11,2010,0,"0"
2822879,20101101,1,11,2010,1,"1"
2828287,20101202,2,12,2010,4,"0"
2828289,20101107,7,11,2010,0,"1"
2831477,20101103,3,11,2010,3,"1"
2838088,20101103,3,11,2010,3,"1"
2839538,20101105,5,11,2010,5,"1"
2846027,20101104,4,11,2010,4,"1"
2849488,20101103,3,11,2010,3,"1"
2850711,20101126,26,11,2010,5,"0"
2850744,20101028,28,10,2010,4,"0"
2853154,20101117,17,11,2010,3,"0"
2854574,20101101,1,11,2010,1,"1"
2854577,20101103,3,11,2010,3,"1"
2859073,20101108,8,11,2010,1,"0"
2859602,20101108,8,11,2010,1,"0"
2862381,20101101,1,11,2010,1,"1"
2862666,20101106,6,11,2010,6,"1"
2863098,20101106,6,11,2010,6,"1"
2863317,20101104,4,11,2010,4,"1"
2863402,20101106,6,11,2010,6,"1"
2869092,20101102,2,11,2010,2,"1"
2869751,20101104,4,11,2010,4,"1"
2869977,20101112,12,11,2010,5,"0"
2872531,20101022,22,10,2010,5,"0"
2873291,20101117,17,11,2010,3,"0"
2873818,20101020,20,10,2010,3,"0"
2874154,20101025,25,10,2010,1,"0"
2874238,20101107,7,11,2010,0,"1"
2874275,20101027,27,10,2010,3,"0"
2875299,20101107,7,11,2010,0,"1"
2885647,20101204,4,12,2010,6,"0"
2895951,20101105,5,11,2010,5,"1"
2900193,20101103,3,11,2010,3,"1"
2901209,20101024,24,10,2010,0,"0"
2901622,20101112,12,11,2010,5,"0"
2905592,20101111,11,11,2010,4,"1"
2923174,20101104,4,11,2010,4,"1"
2926408,20101102,2,11,2010,2,"1"
2935186,20101105,5,11,2010,5,"1"
2942079,20101031,31,10,2010,0,"1"
2942861,20101025,25,10,2010,1,"0"
2943593,20101024,24,10,2010,0,"0"
2947350,20101108,8,11,2010,1,"0"
2969313,20101109,9,11,2010,2,"0"
2969409,20110203,3,2,2011,5,"0"
2972217,20101022,22,10,2010,5,"0"
2972721,20101026,26,10,2010,2,"0"
2972727,20101116,16,11,2010,2,"0"
2972831,20101022,22,10,2010,5,"0"
2973496,20101027,27,10,2010,4,"0"
2973613,20101027,27,10,2010,3,"0"
2990269,20101021,21,10,2010,4,"0"
2990782,20101027,27,10,2010,3,"0"
2991037,20101115,15,11,2010,1,"0"
2991813,20101023,23,10,2010,6,"0"
2992377,20101028,28,10,2010,4,"0"
2999216,20101202,2,12,2010,4,"0"
3010930,20101108,8,11,2010,1,"0"
3027330,20101203,3,12,2010,5,"0"
3033245,20101027,27,10,2010,3,"0"
3047228,20101201,1,12,2010,3,"0"
3062775,20101029,29,10,2010,5,"0"
3063599,20101023,23,10,2010,6,"0"
3070672,20101110,10,11,2010,3,"0"
3085638,20101027,27,10,2010,3,"0"
3127647,20101024,24,10,2010,0,"0"
3127992,20101115,15,11,2010,1,"0"
3128574,20101111,11,11,2010,4,"1"
3153147,20101106,6,11,2010,6,"1"
3156518,20101226,26,12,2010,0,"1"
3158478,20101127,27,11,2010,6,"0"
3158840,20101125,25,11,2010,4,"0"
3175159,20101025,25,10,2010,1,"0"
3176610,20101022,22,10,2010,5,"0"
3176717,20101023,23,10,2010,6,"0"
3177046,20101024,24,10,2010,0,"0"
3177561,20101024,24,10,2010,0,"0"
3178343,20101023,23,10,2010,6,"0"
3188446,20101105,5,11,2010,5,"1"
3191149,20101022,22,10,2010,5,"0"
3192158,20101121,21,11,2010,4,"0"
3192933,20101022,22,10,2010,5,"0"
3194141,20101027,27,10,2010,3,"0"
3209918,20101205,5,12,2010,0,"0"
3222849,20101110,10,11,2010,3,"0"
3261696,20101026,26,10,2010,2,"0"
3261917,20101025,25,10,2010,1,"0"
3262575,20101117,17,11,2010,3,"0"
3271329,20101127,27,11,2010,6,"0"
3278391,20101130,30,11,2010,6,"0"
3285691,20101026,26,10,2010,2,"0"
3285840,20101022,22,10,2010,5,"0"
3286217,20101024,24,10,2010,0,"0"
3287075,20101028,28,10,2010,4,"0"
3306379,20110115,15,1,2011,4,"0"
3314428,20101110,10,11,2010,2,"0"
3321264,20101111,11,11,2010,4,"1"
3349833,20101022,22,10,2010,5,"0"
3349908,20101025,25,10,2010,1,"0"
3360192,20101107,7,11,2010,0,"1"
3366354,20101104,4,11,2010,4,"1"
3383819,20101109,9,11,2010,2,"0"
3389528,20101204,4,12,2010,6,"0"
3403328,20101112,12,11,2010,5,"0"
3405262,20101106,6,11,2010,6,"1"
3405822,20101105,5,11,2010,5,"1"
3409379,20101115,15,11,2010,1,"0"
3417600,20101202,2,12,2010,4,"0"
3440297,20101102,2,11,2010,2,"1"
3443764,20101107,7,11,2010,0,"1"
3447904,20101205,5,12,2010,0,"0"
3452328,20101109,9,11,2010,2,"0"
3452661,20101126,26,11,2010,5,"0"
3454232,20101115,15,11,2010,1,"0"
3461962,20101103,3,11,2010,3,"1"
3479273,20101103,3,11,2010,3,"1"
3492312,20101028,28,10,2010,4,"0"
3498557,20101106,6,11,2010,6,"1"
3543257,20101102,2,11,2010,2,"1"
3552182,20101115,15,11,2010,1,"0"
3559462,20101223,23,12,2010,4,"0"
3565380,20101105,5,11,2010,5,"1"
3568069,20101108,8,11,2010,1,"0"
3592572,20101106,6,11,2010,6,"1"
3592587,20101027,27,10,2010,3,"0"
3600997,20101109,9,11,2010,2,"0"
3616717,20101025,25,10,2010,1,"0"
3617502,20101028,28,10,2010,4,"0"
3617919,20101024,24,10,2010,0,"0"
3641608,20101108,8,11,2010,1,"0"
3653290,20101115,15,11,2010,1,"0"
3656524,20101111,11,11,2010,4,"1"
3659315,20101104,4,11,2010,4,"1"
3670252,20101105,5,11,2010,5,"1"
3672115,20101212,12,12,2010,5,"0"
3678543,20101106,6,11,2010,6,"1"
3684105,20101105,5,11,2010,5,"1"
3693141,20101106,6,11,2010,6,"1"
3698527,20101102,2,11,2010,2,"1"
3701809,20101101,1,11,2010,1,"1"
3705487,20101107,7,11,2010,0,"1"
3708529,20110108,8,1,2011,6,"1"
3710727,20101029,29,10,2010,5,"0"
3711138,20101109,9,11,2010,2,"0"
3711160,20101109,9,11,2010,2,"0"
3711420,20101023,23,10,2010,6,"0"
3713264,20101104,4,11,2010,4,"1"
3713388,20101104,4,11,2010,4,"1"
3716103,20101103,3,11,2010,3,"1"
3724372,20101128,28,11,2010,0,"0"
3728439,20101108,8,11,2010,1,"0"
3742581,20101021,21,10,2010,4,"0"
3743793,20101026,26,10,2010,2,"0"
3749075,20101023,23,10,2010,6,"0"
3749554,20101026,26,10,2010,2,"0"
3755097,20101104,4,11,2010,4,"1"
3755308,20101107,7,11,2010,0,"1"
3761748,20101130,30,11,2010,2,"0"
3774443,20101107,7,11,2010,0,"1"
3796634,20101104,4,11,2010,4,"1"
3813745,20101104,4,11,2010,4,"1"
3817674,20101027,27,10,2010,3,"0"
3817909,20101027,27,10,2010,3,"0"
3827763,20101109,9,11,2010,2,"0"
3844137,20101103,3,11,2010,2,"1"
3852407,20101106,6,11,2010,6,"1"
3856731,20101026,26,10,2010,2,"0"
3861293,20101102,2,11,2010,2,"1"
3867873,20101105,5,11,2010,5,"1"
3868567,20101104,4,11,2010,4,"1"
3873150,20101102,2,11,2010,2,"1"
3891882,20101027,27,10,2010,3,"0"
3901707,20101202,2,12,2010,4,"0"
3909844,20101115,15,11,2010,1,"0"
3911242,20101103,3,11,2010,3,"1"
3926144,20101106,6,11,2010,6,"1"
3928850,20101102,2,11,2010,2,"1"
3929209,20101110,10,11,2010,3,"0"
3952926,20101103,3,11,2010,3,"1"
3961256,20101112,12,11,2010,5,"0"
3975623,20101027,27,10,2010,3,"0"
3975791,20101022,22,10,2010,5,"0"
3978209,20101103,3,11,2010,3,"1"
3985396,20101107,7,11,2010,0,"1"
3997672,20101105,5,11,2010,5,"1"
4000867,20101106,6,11,2010,6,"1"
4021567,20101130,30,11,2010,2,"0"
4051902,20101027,27,10,2010,3,"0"
4053017,20101105,5,11,2010,5,"1"
4058627,20101025,25,10,2010,1,"0"
4058645,20101022,22,10,2010,5,"0"
4064443,20110205,5,2,2011,6,"0"
4067149,20101102,2,11,2010,2,"1"
4074247,20101103,3,11,2010,3,"1"
4085324,20101029,29,10,2010,5,"0"
4089770,20101105,5,11,2010,5,"1"
4090509,20101105,5,11,2010,5,"1"
4092845,20101107,7,11,2010,0,"1"
4093333,20101104,4,11,2010,4,"1"
4093829,20101107,7,11,2010,0,"1"
4141393,20101108,8,11,2010,1,"0"
4161960,20101105,5,11,2010,5,"1"
4162133,20101104,4,11,2010,4,"1"
4172777,20101026,26,10,2010,2,"0"
4173139,20101025,25,10,2010,1,"0"
4175452,20101103,3,11,2010,3,"1"
4178308,20101104,4,11,2010,4,"1"
4194523,20101109,9,11,2010,2,"0"
4194910,20101103,3,11,2010,3,"1"
4196925,20101024,24,10,2010,0,"0"
4220567,20101109,9,11,2010,2,"0"
4222522,20101108,8,11,2010,1,"0"
4234719,20101104,4,11,2010,4,"1"
4243116,20101117,17,11,2010,3,"0"
4244577,20101024,24,10,2010,0,"0"
4246556,20101105,5,11,2010,5,"1"
4262670,20101119,19,11,2010,5,"0"
4285360,20101104,4,11,2010,4,"1"
4285381,20101108,8,11,2010,1,"0"
4302707,20101114,14,11,2010,0,"0"
4305587,20101102,2,11,2010,2,"1"
4313220,20101104,4,11,2010,4,"1"
4334570,20101025,25,10,2010,1,"0"
4334918,20101022,22,10,2010,5,"0"
4346251,20101108,8,11,2010,1,"0"
4357358,20101109,9,11,2010,2,"0"
4357510,20101104,4,11,2010,4,"1"
4379030,20101204,4,12,2010,6,"0"
4391072,20101020,20,10,2010,3,"0"
4403237,20101105,5,11,2010,5,"1"
4409560,20101104,4,11,2010,4,"1"
4438950,20101103,3,11,2010,3,"1"
4444873,20101026,26,10,2010,2,"0"
4445256,20101026,26,10,2010,2,"0"
4461402,20101129,29,11,2010,6,"0"
4462935,20101021,21,10,2010,4,"0"
4483848,20101108,8,11,2010,1,"0"
4484589,20101209,9,12,2010,4,"0"
4486321,20101102,2,11,2010,2,"1"
4499418,20101109,9,11,2010,2,"0"
4499439,20101108,8,11,2010,1,"0"
4502847,20101103,3,11,2010,3,"1"
4505271,20101022,22,10,2010,5,"0"
4509087,20101108,8,11,2010,1,"0"
4521734,20101127,27,11,2010,6,"0"
4532312,20101108,8,11,2010,1,"0"
4540195,20101111,11,11,2010,5,"1"
4551510,20101027,27,10,2010,3,"0"
4554507,20101109,9,11,2010,2,"0"
4569762,20101103,3,11,2010,3,"1"
4586567,20101106,6,11,2010,6,"1"
4595062,20101104,4,11,2010,4,"1"
4606621,20101107,7,11,2010,0,"1"
4616715,20101027,27,10,2010,3,"0"
4617094,20101027,27,10,2010,3,"0"
4617311,20101021,21,10,2010,4,"0"
4618059,20101025,25,10,2010,1,"0"
4638353,20101104,4,11,2010,4,"1"
4639161,20101024,24,10,2010,0,"0"
4639429,20101025,25,10,2010,1,"0"
4669508,20101109,9,11,2010,2,"0"
4676144,20101106,6,11,2010,6,"1"
4705007,20101106,6,11,2010,6,"1"
4711311,20101031,31,10,2010,0,"1"
4716380,20101030,30,10,2010,0,"1"
4720660,20101106,6,11,2010,6,"1"
4728249,20101023,23,10,2010,6,"0"
4729195,20101025,25,10,2010,1,"0"
4743670,20101106,6,11,2010,6,"1"
4750266,20101108,8,11,2010,1,"0"
4753169,20101111,11,11,2010,4,"1"
4782379,20101102,2,11,2010,2,"1"
4793480,20101107,7,11,2010,0,"1"
4806027,20101028,28,10,2010,4,"0"
4816847,20101025,25,10,2010,1,"0"
4817465,20101023,23,10,2010,6,"0"
4833090,20101105,5,11,2010,5,"1"
4836233,20101003,3,10,2010,3,"0"
4838694,20101108,8,11,2010,1,"0"
4840251,20101109,9,11,2010,2,"0"
4843541,20101108,8,11,2010,1,"0"
4845825,20101115,15,11,2010,1,"0"
4846378,20101026,26,10,2010,2,"0"
4857793,20101205,5,12,2010,0,"0"
4864945,20101204,4,12,2010,6,"0"
4871943,20101106,6,11,2010,6,"1"
4879585,20101108,8,11,2010,1,"0"
4894218,20101222,22,12,2010,3,"0"
4907408,20101115,15,11,2010,1,"0"
4911026,20101112,12,11,2010,5,"0"
4913890,20101107,7,11,2010,0,"1"
4915783,20101201,1,12,2010,3,"0"
4931520,20101104,4,11,2010,4,"1"
4936507,20101106,6,11,2010,6,"1"
4951329,20101027,27,10,2010,3,"0"
4952554,20101112,12,11,2010,5,"0"
4953118,20101204,4,12,2010,6,"0"
4967080,20101103,3,11,2010,3,"1"
4975486,20110205,5,2,2011,6,"0"
4990864,20101022,22,10,2010,5,"0"
4991183,20101023,23,10,2010,6,"0"
4994836,20101105,5,11,2010,5,"1"
5006446,20101106,6,11,2010,6,"1"
5049412,20101105,5,11,2010,5,"1"
5070434,20101104,4,11,2010,4,"1"
5074156,20101107,7,11,2010,0,"1"
5091442,20101109,9,11,2010,2,"0"
5096497,20101021,21,10,2010,4,"0"
5098134,20101026,26,10,2010,2,"0"
5098293,20101024,24,10,2010,0,"0"
5102184,20101107,7,11,2010,1,"1"
5108446,20101102,2,11,2010,2,"1"
5110937,20101102,2,11,2010,2,"1"
5111669,20101201,1,12,2010,3,"0"
5114307,20101130,30,11,2010,2,"0"
5119020,20101023,23,10,2010,6,"0"
5152618,20101103,3,11,2010,3,"1"
5154543,20101024,24,10,2010,0,"0"
5154753,20101108,8,11,2010,1,"0"
5155936,20101006,6,10,2010,6,"0"
5157498,20101104,4,11,2010,4,"1"
5181851,20101023,23,10,2010,6,"0"
5182677,20101102,2,11,2010,2,"1"
5182799,20101022,22,10,2010,5,"0"
5189270,20101108,8,11,2010,1,"0"
5207333,20101104,4,11,2010,4,"1"
5226792,20101127,27,11,2010,6,"0"
5244741,20101030,30,10,2010,6,"1"
5253047,20101107,7,11,2010,0,"1"
5270801,20101026,26,10,2010,2,"0"
5271000,20101115,15,11,2010,1,"0"
5271452,20101105,5,11,2010,5,"1"
5271890,20101026,26,10,2010,2,"0"
5273501,20101102,2,11,2010,2,"1"
5308051,20101109,9,11,2010,2,"0"
5309905,20101103,3,11,2010,3,"1"
5340241,20101109,9,11,2010,2,"0"
5348125,20101027,27,10,2010,3,"0"
5349202,20101029,29,10,2010,5,"0"
5349454,20101025,25,10,2010,1,"0"
5358022,20101201,1,12,2010,3,"0"
5358714,20101204,4,12,2010,6,"0"
5366992,20101129,29,11,2010,1,"0"
5367053,20101022,22,10,2010,5,"0"
5367330,20101026,26,10,2010,1,"0"
5403329,20101128,28,11,2010,0,"0"
5404257,20101029,29,10,2010,5,"0"
5404441,20101025,25,10,2010,1,"0"
5407093,20101102,2,11,2010,2,"1"
5424886,20101110,10,11,2010,3,"0"
5446695,20101102,2,11,2010,2,"1"
5462716,20101023,23,10,2010,6,"0"
5468401,20101106,6,11,2010,6,"1"
5473142,20101103,3,11,2010,3,"1"
5480252,20101106,6,11,2010,6,"1"
5481403,20101102,2,11,2010,2,"1"
5494820,20101023,23,10,2010,6,"0"
5495337,20101107,7,11,2010,0,"1"
5515170,20101027,27,10,2010,3,"0"
5535741,20101102,2,11,2010,2,"1"
5558259,20101115,15,11,2010,1,"0"
5558533,20101022,22,10,2010,5,"0"
5587872,20101201,1,12,2010,3,"0"
5597416,20101026,26,10,2010,2,"0"
5607742,20101106,6,11,2010,6,"1"
5618131,20101025,25,10,2010,1,"0"
5620378,20101027,27,10,2010,3,"0"
5636551,20101026,26,10,2010,2,"0"
5664923,20101029,29,10,2010,5,"0"
5665091,20101023,23,10,2010,6,"0"
5673990,20101105,5,11,2010,5,"1"
5679660,20101106,6,11,2010,6,"1"
5684000,20101107,7,11,2010,0,"1"
5691053,20101102,2,11,2010,2,"1"
5695043,20101109,9,11,2010,2,"0"
5705895,20101107,7,11,2010,0,"1"
5723971,20101109,9,11,2010,2,"0"
5726606,20101127,27,11,2010,6,"0"
5746002,20101104,4,11,2010,4,"1"
5747334,20101111,11,11,2010,4,"1"
5748805,20101109,9,11,2010,2,"0"
5748877,20101103,3,11,2010,3,"1"
5752470,20101108,8,11,2010,1,"0"
5753668,20101106,6,11,2010,6,"1"
5785327,20101030,30,10,2010,6,"1"
5785341,20101024,24,10,2010,0,"0"
5786292,20101027,27,10,2010,3,"0"
5786399,20101022,22,10,2010,5,"0"
5789826,20101102,2,11,2010,2,"1"
5821391,20101106,6,11,2010,6,"1"
5852650,20101109,9,11,2010,2,"0"
5857750,20101024,24,10,2010,0,"0"
5860652,20101102,2,11,2010,2,"1"
5861875,20101023,23,10,2010,6,"0"
5870563,20101102,2,11,2010,2,"1"
5895916,20101026,26,10,2010,2,"0"
5897132,20101105,5,11,2010,5,"1"
5901440,20101106,6,11,2010,6,"1"
5903671,20101109,9,11,2010,2,"0"
5915679,20101107,7,11,2010,0,"1"
5929359,20101027,27,10,2010,3,"0"
5932735,20101102,2,11,2010,2,"1"
5935155,20101103,3,11,2010,3,"1"
5955402,20101025,25,10,2010,1,"0"
5963352,20101108,8,11,2010,1,"0"
5971683,20101215,15,12,2010,3,"0"
5974557,20101108,8,11,2010,1,"0"
6048491,20101025,25,10,2010,1,"0"
6069630,20101108,8,11,2010,1,"0"
6077570,20101020,20,10,2010,3,"0"
6079019,20101025,25,10,2010,1,"0"
6092089,20101218,18,12,2010,6,"0"
6115053,20101117,17,11,2010,3,"0"
6158928,20101021,21,10,2010,4,"0"
6159040,20101028,28,10,2010,4,"0"
6163839,20101103,3,11,2010,3,"1"
6192757,20101024,24,10,2010,0,"0"
6193419,20101021,21,10,2010,4,"0"
6199813,20101107,7,11,2010,0,"1"
6234373,20101210,10,12,2010,5,"0"
6279604,20101103,3,11,2010,3,"1"
6279626,20101109,9,11,2010,2,"0"
6283488,20101216,16,12,2010,5,"0"
6284017,20101024,24,10,2010,0,"0"
6284990,20101025,25,10,2010,1,"0"
6285265,20101025,25,10,2010,1,"0"
6285840,20101026,26,10,2010,2,"0"
6292826,20101104,4,11,2010,4,"1"
6299603,20101115,15,11,2010,1,"0"
6304415,20101116,16,11,2010,2,"0"
6306251,20101204,4,12,2010,6,"0"
6335540,20101106,6,11,2010,6,"1"
6338578,20101024,24,10,2010,0,"0"
6358395,20101108,8,11,2010,1,"0"
6366653,20101105,5,11,2010,5,"1"
6438468,20101029,29,10,2010,5,"0"
6438620,20101027,27,10,2010,3,"0"
6439809,20101029,29,10,2010,5,"0"
6465951,20101115,15,11,2010,1,"0"
6489487,20101130,30,11,2010,2,"0"
6492336,20101024,24,10,2010,0,"0"
6592267,20101024,24,10,2010,0,"0"
6592486,20101022,22,10,2010,5,"0"
6592504,20101025,25,10,2010,1,"0"
6632546,20101027,27,10,2010,3,"0"
6642915,20101028,28,10,2010,4,"0"
6695171,20101027,27,10,2010,3,"0"
6704736,20101113,13,11,2010,6,"0"
6731743,20101027,27,10,2010,3,"0"
6734505,20101024,24,10,2010,0,"0"
6752318,20101106,6,11,2010,6,"1"
6759309,20101023,23,10,2010,6,"0"
6760513,20101029,29,10,2010,5,"0"
6761279,20101025,25,10,2010,1,"0"
6796492,20101023,23,10,2010,6,"0"
6796651,20101025,25,10,2010,1,"0"
6818092,20101028,28,10,2010,4,"0"
6818542,20101021,21,10,2010,4,"0"
6818740,20101029,29,10,2010,5,"0"
6820378,20101116,16,11,2010,2,"0"
6840799,20101028,28,10,2010,4,"0"
6862280,20101025,25,10,2010,1,"0"
6864569,20101029,29,10,2010,5,"0"
6901629,20101127,27,11,2010,6,"0"
6908246,20101024,24,10,2010,0,"0"
6965578,20101024,24,10,2010,0,"0"
6965675,20101025,25,10,2010,1,"0"
6965873,20101027,27,10,2010,3,"0"
6966340,20101027,27,10,2010,3,"0"
6966410,20101025,25,10,2010,1,"0"
6966829,20101021,21,10,2010,4,"0"
7015799,20101027,27,10,2010,3,"0"
7032876,20101025,25,10,2010,1,"0"
7067882,20101023,23,10,2010,6,"0"
7069067,20101104,4,11,2010,4,"1"
7070376,20101128,28,11,2010,0,"0"
7087305,20110117,17,1,2011,1,"0"
7161366,20101023,23,10,2010,6,"0"
7161837,20101024,24,10,2010,0,"0"
7161896,20101025,25,10,2010,1,"0"
7183937,20101027,27,10,2010,3,"0"
7191206,20101203,3,12,2010,5,"0"
7245447,20101021,21,10,2010,4,"0"
7265939,20101023,23,10,2010,6,"0"
7294229,20101026,26,10,2010,2,"0"
7294292,20101027,27,10,2010,3,"0"
7294380,20101022,22,10,2010,5,"0"
7294812,20101024,24,10,2010,0,"0"
7338997,20101023,23,10,2010,6,"0"
7351294,20101026,26,10,2010,2,"0"
7352355,20101112,12,11,2010,5,"0"
7420251,20101022,22,10,2010,5,"0"
7421430,20101023,23,10,2010,0,"0"
7422038,20101028,28,10,2010,4,"0"
7422588,20101214,14,12,2010,2,"0"
7489794,20101029,29,10,2010,5,"0"
7491448,20101025,25,10,2010,1,"0"
7532256,20101111,11,11,2010,4,"1"
7565179,20101115,15,11,2010,1,"0"
7623665,20101026,26,10,2010,2,"0"
7624182,20101026,26,10,2010,2,"0"
7624687,20101029,29,10,2010,5,"0"
7625188,20101130,30,11,2010,3,"0"
7680740,20101127,27,11,2010,6,"0"
7722616,20101023,23,10,2010,6,"0"
7724618,20101022,22,10,2010,5,"0"
7736599,20101017,17,10,2010,3,"0"
7736875,20101026,26,10,2010,2,"0"
7811854,20101116,16,11,2010,2,"0"
7843888,20101022,22,10,2010,5,"0"
7844540,20101025,25,10,2010,1,"0"
7845418,20101026,26,10,2010,2,"0"
7845855,20101025,25,10,2010,1,"0"
7846067,20101027,27,10,2010,3,"0"
7846749,20101023,23,10,2010,1,"0"
7898389,20101024,24,10,2010,0,"0"
7922980,20101026,26,10,2010,2,"0"
7923490,20101028,28,10,2010,1,"0"
7950413,20101024,24,10,2010,0,"0"
7951027,20101024,24,10,2010,0,"0"
8016595,20101027,27,10,2010,3,"0"
8017619,20101026,26,10,2010,2,"0"
8018367,20101022,22,10,2010,5,"0"
8044326,20101115,15,11,2010,1,"0"
8044770,20101029,29,10,2010,5,"0"
8055198,20101107,7,11,2010,0,"1"
8055377,20101023,23,10,2010,6,"0"
8055428,20101029,29,10,2010,5,"0"
8055767,20101028,28,10,2010,4,"0"
8077522,20101117,17,11,2010,3,"0"
8102468,20101029,29,10,2010,5,"0"
8103174,20101208,8,12,2010,3,"0"
8160008,20101026,26,10,2010,2,"0"
8161120,20101204,4,12,2010,6,"0"
8181000,20101026,26,10,2010,2,"0"
8208974,20101027,27,10,2010,3,"0"
8209562,20101027,27,10,2010,3,"0"
8229997,20101115,15,11,2010,1,"0"
8298677,20101023,23,10,2010,6,"0"
8299893,20101024,24,10,2010,0,"0"
8315709,20101129,29,11,2010,1,"0"
8316414,20101024,24,10,2010,0,"0"
8317397,20101025,25,10,2010,1,"0"
8346602,20101026,26,10,2010,2,"0"
8400205,20101023,23,10,2010,6,"0"
8402063,20101026,26,10,2010,2,"0"
8403256,20101110,10,11,2010,3,"0"
8440613,20101104,4,11,2010,4,"1"
8449475,20101028,28,10,2010,4,"0"
8461091,20101023,23,10,2010,6,"0"
8488612,20101115,15,11,2010,1,"0"
8489113,20101118,18,11,2010,4,"0"
8515431,20101021,21,10,2010,4,"0"
8515660,20101022,22,10,2010,5,"0"
8515733,20101024,24,10,2010,0,"0"
8516512,20101026,26,10,2010,2,"0"
8542093,20100927,27,9,2010,3,"0"
8543604,20101030,30,10,2010,6,"1"
8568368,20101026,26,10,2010,2,"0"
8569137,20101026,26,10,2010,2,"0"
8570522,20101117,17,11,2010,3,"0"
8575565,20101106,6,11,2010,6,"1"
8608814,20101025,25,10,2010,1,"0"
8609779,20101116,16,11,2010,2,"0"
8610401,20101103,3,11,2010,3,"1"
8635606,20101029,29,10,2010,5,"0"
8635828,20101025,25,10,2010,0,"0"
8693882,20101022,22,10,2010,5,"0"
8695231,20101030,30,10,2010,6,"1"
8701228,20101029,29,10,2010,5,"0"
8719788,20101130,30,11,2010,2,"0"
8755421,20101027,27,10,2010,3,"0"
8760984,20101114,14,11,2010,0,"0"
8784121,20101116,16,11,2010,2,"0"
8828139,20101022,22,10,2010,5,"0"
8828186,20101025,25,10,2010,1,"0"
8829693,20101115,15,11,2010,1,"0"
8829858,20101115,15,11,2010,1,"0"
8830723,20101027,27,10,2010,3,"0"
8831475,20101022,22,10,2010,5,"0"
8831514,20101027,27,10,2010,3,"0"
8882803,20101029,29,10,2010,5,"0"
8883438,20101025,25,10,2010,1,"0"
8884116,20101028,28,10,2010,4,"0"
8969813,20101029,29,10,2010,5,"0"
8970490,20101029,29,10,2010,5,"0"
8998075,20101201,1,12,2010,3,"0"
9055226,20101022,22,10,2010,5,"0"
9069607,20101029,29,10,2010,5,"0"
9176171,20101021,21,10,2010,4,"0"
9176977,20101022,22,10,2010,5,"0"
9177362,20101025,25,10,2010,1,"0"
9210969,20101107,7,11,2010,0,"1"
9270598,20101023,23,10,2010,6,"0"
9271558,20101027,27,10,2010,3,"0"
9281646,20101211,11,12,2010,6,"0"
9300060,20101029,29,10,2010,5,"0"
9300424,20101029,29,10,2010,5,"0"
9300840,20101026,26,10,2010,2,"0"
9301862,20101027,27,10,2010,3,"0"
9325991,20101115,15,11,2010,1,"0"
9328991,20101029,29,10,2010,5,"0"
9352387,20101024,24,10,2010,0,"0"
9396997,20101126,26,11,2010,5,"0"
9414513,20101027,27,10,2010,3,"0"
9414738,20101023,23,10,2010,6,"0"
9446511,20101022,22,10,2010,5,"0"
9481488,20101115,15,11,2010,1,"0"
9482381,20101021,21,10,2010,4,"0"
9482541,20101028,28,10,2010,1,"0"
9488081,20101208,8,12,2010,3,"0"
9516633,20101115,15,11,2010,1,"0"
9570992,20101017,17,10,2010,3,"0"
9610469,20101118,18,11,2010,4,"0"
9654280,20101028,28,10,2010,4,"0"
9657132,20101201,1,12,2010,3,"0"
9657217,20101026,26,10,2010,2,"0"
9697796,20101027,27,10,2010,3,"0"
9699696,20101102,2,11,2010,2,"1"
9700344,20101029,29,10,2010,5,"0"
9751232,20101028,28,10,2010,4,"0"
9761715,20101022,22,10,2010,5,"0"
9762717,20101023,23,10,2010,6,"0"
9763344,20101028,28,10,2010,4,"0"
9764887,20101023,23,10,2010,6,"0"
9779176,20101112,12,11,2010,5,"0"
9781711,20101115,15,11,2010,1,"0"
9810627,20101024,24,10,2010,0,"0"
9810969,20101022,22,10,2010,5,"0"
9811032,20101029,29,10,2010,5,"0"
9827133,20101022,22,10,2010,5,"0"
9827649,20101026,26,10,2010,2,"0"
9829555,20101028,28,10,2010,4,"0"
9829873,20101025,25,10,2010,1,"0"
9859541,20101022,22,10,2010,5,"0"
9902808,20101026,26,10,2010,2,"0"
9904052,20101028,28,10,2010,4,"0"
9904803,20101027,27,10,2010,3,"0"
9905062,20101022,22,10,2010,5,"0"
9905475,20101029,29,10,2010,5,"0"
9935617,20101028,28,10,2010,4,"0"
9947755,20101024,24,10,2010,0,"0"
10000749,20101228,28,12,2010,2,"1"
10000756,20101210,10,12,2010,5,"0"
10000771,20101215,15,12,2010,3,"0"
10000801,20101201,1,12,2010,3,"0"
10000802,20101211,11,12,2010,6,"0"
10000897,20101126,26,11,2010,5,"0"
10000967,20101113,13,11,2010,6,"0"
10001019,20101111,11,11,2010,4,"1"
10001030,20101215,15,12,2010,3,"0"
10001071,20101112,12,11,2010,5,"0"
10001143,20101209,9,12,2010,4,"0"
10001148,20110129,29,1,2011,6,"0"
10001166,20110124,24,1,2011,1,"0"
10001183,20101230,30,12,2010,4,"1"
10001195,20110201,1,2,2011,2,"0"
10001197,20101216,16,12,2010,4,"0"
10001212,20101112,12,11,2010,5,"0"
10001223,20110124,24,1,2011,1,"0"
10001240,20101221,21,12,2010,2,"0"
10001253,20110124,24,1,2011,1,"0"
10001283,20101222,22,12,2010,3,"0"
10001366,20110124,24,1,2011,1,"0"
10001386,20110126,26,1,2011,3,"0"
10001413,20110104,4,1,2011,2,"1"
10001426,20101112,12,11,2010,5,"0"
10001440,20101112,12,11,2010,5,"0"
10001451,20110207,7,2,2011,1,"0"
10001473,20110201,1,2,2011,2,"0"
10001479,20101114,14,11,2010,0,"0"
10001512,20101110,10,11,2010,3,"0"
10001585,20101215,15,12,2010,3,"0"
10001637,20101125,25,11,2010,4,"0"
10001703,20101126,26,11,2010,5,"0"
10001846,20101112,12,11,2010,5,"0"
10001889,20101223,23,12,2010,4,"0"
10001922,20101209,9,12,2010,4,"0"
10001951,20101110,10,11,2010,3,"0"
10001979,20101207,7,12,2010,2,"0"
10001982,20101211,11,12,2010,6,"0"
10001986,20101201,1,12,2010,3,"0"
10002008,20101126,26,11,2010,5,"0"
10002026,20101123,23,11,2010,2,"0"
10002036,20101117,17,11,2010,3,"0"
10002038,20101201,1,12,2010,3,"0"
10002074,20101223,23,12,2010,4,"0"
10002095,20101129,29,11,2010,2,"0"
10002144,20101219,19,12,2010,0,"0"
10002180,20101126,26,11,2010,5,"0"
10002185,20101129,29,11,2010,1,"0"
10002190,20101201,1,12,2010,3,"0"
10002198,20101125,25,11,2010,1,"0"
10002199,20101128,28,11,2010,0,"0"
10002201,20101126,26,11,2010,5,"0"
10002209,20101111,11,11,2010,4,"1"
10002225,20101201,1,12,2010,3,"0"
10002236,20101128,28,11,2010,0,"0"
10002240,20101204,4,12,2010,6,"0"
10002353,20101209,9,12,2010,4,"0"
10002406,20101124,24,11,2010,3,"0"
10002407,20101208,8,12,2010,3,"0"
10002477,20101128,28,11,2010,0,"0"
10002484,20101128,28,11,2010,0,"0"
10002494,20101127,27,11,2010,6,"0"
10002507,20101127,27,11,2010,6,"0"
10002522,20101113,13,11,2010,6,"0"
10002528,20101128,28,11,2010,0,"0"
10002534,20101201,1,12,2010,3,"0"
10002546,20101127,27,11,2010,6,"0"
10002551,20101127,27,11,2010,6,"0"
10002563,20101127,27,11,2010,6,"0"
10002566,20101130,30,11,2010,2,"0"
10002584,20101128,28,11,2010,0,"0"
10002593,20101204,4,12,2010,6,"0"
10002596,20101130,30,11,2010,2,"0"
10002616,20101127,27,11,2010,6,"0"
10002732,20101110,10,11,2010,3,"0"
10002788,20101124,24,11,2010,3,"0"
10002816,20101129,29,11,2010,1,"0"
10002833,20101127,27,11,2010,6,"0"
10002841,20101128,28,11,2010,0,"0"
10002864,20101128,28,11,2010,0,"0"
10002867,20101127,27,11,2010,6,"0"
10002877,20101114,14,11,2010,0,"0"
10002880,20101126,26,11,2010,5,"0"
10002934,20101112,12,11,2010,5,"0"
10002937,20101125,25,11,2010,4,"0"
10002946,20101201,1,12,2010,3,"0"
10002984,20101201,1,12,2010,3,"0"
10003022,20101112,12,11,2010,5,"0"
10003047,20101205,5,12,2010,0,"0"
10003058,20101205,5,12,2010,0,"0"
10003066,20101203,3,12,2010,5,"0"
10003146,20101206,6,12,2010,1,"0"
10003185,20101113,13,11,2010,6,"0"
