"hh_id","country","hh_size"
"BE101856","BE",2
"BE102251","BE",4
"BE105294","BE",2
"BE105966","BE",2
"BE106286","BE",1
"BE106927","BE",5
"BE109930","BE",4
"BE1010419","BE",5
"BE1010504","BE",4
"BE1012958","BE",2
"BE1019607","BE",4
"BE1021748","BE",2
"BE1022259","BE",3
"BE1025946","BE",2
"BE1027902","BE",5
"BE1027905","BE",5
"BE1029501","BE",5
"BE1031741","BE",3
"BE1032126","BE",2
"BE1033118","BE",2
"BE1036037","BE",3
"BE1036421","BE",2
"BE1038226","BE",1
"BE1039743","BE",1
"BE1040026","BE",3
"BE1040027","BE",4
"BE1040028","BE",4
"BE1040029","BE",4
"BE1040030","BE",4
"BE1040032","BE",4
"BE1040033","BE",4
"BE1040034","BE",2
"BE1040036","BE",2
"BE1041931","BE",4
"BE1042430","BE",2
"BE1043226","BE",1
"BE1043404","BE",5
"BE1045114","BE",1
"BE1046508","BE",7
"BE1046568","BE",2
"BE1046753","BE",3
"BE1046755","BE",3
"BE1048977","BE",1
"BE1050042","BE",2
"BE1050046","BE",4
"BE1050047","BE",5
"BE1050049","BE",5
"BE1050050","BE",4
"BE1054681","BE",2
"BE1055197","BE",2
"BE1055976","BE",2
"BE1056016","BE",3
"BE1059635","BE",5
"BE1059730","BE",1
"BE1060001","BE",1
"BE1060002","BE",1
"BE1060003","BE",1
"BE1060004","BE",1
"BE1060005","BE",2
"BE1060006","BE",1
"BE1060007","BE",1
"BE1060008","BE",1
"BE1060009","BE",1
"BE1060011","BE",1
"BE1060012","BE",1
"BE1065989","BE",4
"BE1072620","BE",4
"BE1077167","BE",4
"BE1078144","BE",1
"BE1081043","BE",2
"BE1081678","BE",5
"BE1081991","BE",3
"BE1084346","BE",3
"BE1092192","BE",1
"BE1093834","BE",3
"BE1097902","BE",1
"BE10101292","BE",2
"BE10101499","BE",4
"BE10101565","BE",1
"BE10102388","BE",4
"BE10104728","BE",4
"BE10108387","BE",4
"BE10108837","BE",2
"BE10111403","BE",1
"BE10113146","BE",4
"BE10115983","BE",4
"BE10118408","BE",5
"BE10118535","BE",3
"BE10120038","BE",1
"BE10120152","BE",4
"BE10120226","BE",2
"BE10123951","BE",3
"BE10124592","BE",3
"BE10127249","BE",2
"BE10127270","BE",3
"BE10127299","BE",4
"BE10129718","BE",1
"BE10130779","BE",5
"BE10132169","BE",4
"BE10132701","BE",3
"BE10133609","BE",1
"BE10140370","BE",3
"BE10143921","BE",2
"BE10147268","BE",2
"BE10147532","BE",5
"BE10151212","BE",2
"BE10154799","BE",4
"BE10160773","BE",2
"BE10163265","BE",2
"BE10163924","BE",2
"BE10170596","BE",3
"BE10170729","BE",5
"BE10170929","BE",2
"BE10172249","BE",2
"BE10174345","BE",2
"BE10178287","BE",4
"BE10181118","BE",4
"BE10181882","BE",5
"BE10184160","BE",2
"BE10188189","BE",4
"BE10188749","BE",2
"BE10191529","BE",1
"BE10192682","BE",2
"BE10201795","BE",4
"BE10205052","BE",NA
"BE10210174","BE",5
"BE10213544","BE",2
"BE10215665","BE",2
"BE10216250","BE",4
"BE10216622","BE",1
"BE10217612","BE",3
"BE10218307","BE",4
"BE10218575","BE",3
"BE10221582","BE",2
"BE10222889","BE",1
"BE10223825","BE",2
"BE10225664","BE",2
"BE10227760","BE",4
"BE10231634","BE",2
"BE10236095","BE",5
"BE10237254","BE",5
"BE10238070","BE",2
"BE10239183","BE",2
"BE10239374","BE",4
"BE10241778","BE",4
"BE10243369","BE",2
"BE10244303","BE",4
"BE10244706","BE",4
"BE10249821","BE",2
"BE10255010","BE",2
"BE10256146","BE",3
"BE10258605","BE",3
"BE10262080","BE",2
"BE10270985","BE",4
"BE10274203","BE",3
"BE10278685","BE",5
"BE10279254","BE",5
"BE10280492","BE",3
"BE10282627","BE",1
"BE10285321","BE",3
"BE10287388","BE",3
"BE10291891","BE",1
"BE10293498","BE",1
"BE10295573","BE",5
"BE10296341","BE",4
"BE10299253","BE",4
"BE10301380","BE",4
"BE10301390","BE",4
"BE10301545","BE",4
"BE10302280","BE",3
"BE10302511","BE",2
"BE10310248","BE",2
"BE10320422","BE",4
"BE10321110","BE",4
"BE10321267","BE",2
"BE10327374","BE",5
"BE10328869","BE",4
"BE10332397","BE",2
"BE10333698","BE",2
"BE10333803","BE",1
"BE10334010","BE",3
"BE10343842","BE",5
"BE10348080","BE",3
"BE10350282","BE",2
"BE10351232","BE",4
"BE10352221","BE",2
"BE10354251","BE",1
"BE10356060","BE",4
"BE10357065","BE",3
"BE10358257","BE",4
"BE10358496","BE",2
"BE10358599","BE",4
"BE10359305","BE",2
"BE10359677","BE",2
"BE10364557","BE",4
"BE10370614","BE",4
"BE10374335","BE",6
"BE10375326","BE",3
"BE10379514","BE",1
"BE10384555","BE",4
"BE10384769","BE",3
"BE10386213","BE",3
"BE10386919","BE",4
"BE10387316","BE",3
"BE10390853","BE",1
"BE10390885","BE",1
"BE10395326","BE",5
"BE10398508","BE",5
"BE10400839","BE",1
"BE10401108","BE",3
"BE10403196","BE",4
"BE10413191","BE",4
"BE10423858","BE",4
"BE10426803","BE",2
"BE10427469","BE",4
"BE10429622","BE",1
"BE10433959","BE",1
"BE10434554","BE",4
"BE10437552","BE",3
"BE10440307","BE",6
"BE10440673","BE",3
"BE10444168","BE",2
"BE10445518","BE",4
"BE10447699","BE",3
"BE10450487","BE",5
"BE10452932","BE",2
"BE10459120","BE",2
"BE10461022","BE",5
"BE10462393","BE",2
"BE10475876","BE",2
"BE10479362","BE",2
"BE10483004","BE",2
"BE10483452","BE",4
"BE10484521","BE",3
"BE10485163","BE",6
"BE10487913","BE",2
"BE10493829","BE",4
"BE10494521","BE",2
"BE10496477","BE",2
"BE10498382","BE",1
"BE10498428","BE",2
"BE10499299","BE",1
"BE10502804","BE",2
"BE10505287","BE",3
"BE10510954","BE",4
"BE10512085","BE",4
"BE10519786","BE",1
"BE10519853","BE",1
"BE10526803","BE",4
"BE10527040","BE",2
"BE10527208","BE",3
"BE10527263","BE",2
"BE10531555","BE",2
"BE10533030","BE",4
"BE10534460","BE",1
"BE10534636","BE",3
"BE10537177","BE",4
"BE10545163","BE",4
"BE10545368","BE",2
"BE10545556","BE",8
"BE10546107","BE",2
"BE10546929","BE",4
"BE10547516","BE",4
"BE10548628","BE",5
"BE10551273","BE",4
"BE10553002","BE",4
"BE10553393","BE",4
"BE10556142","BE",4
"BE10556706","BE",5
"BE10561144","BE",3
"BE10566160","BE",3
"BE10566343","BE",3
"BE10566367","BE",6
"BE10571109","BE",4
"BE10571324","BE",1
"BE10572734","BE",2
"BE10576031","BE",5
"BE10576680","BE",2
"BE10581550","BE",2
"BE10583315","BE",4
"BE10584049","BE",3
"BE10584918","BE",3
"BE10592766","BE",4
"BE10593600","BE",2
"BE10594259","BE",2
"BE10597056","BE",4
"BE10598711","BE",3
"BE10603778","BE",2
"BE10604026","BE",3
"BE10604197","BE",1
"BE10606424","BE",2
"BE10611896","BE",4
"BE10616530","BE",1
"BE10617467","BE",4
"BE10617545","BE",3
"BE10621307","BE",4
"BE10621662","BE",3
"BE10624215","BE",2
"BE10625175","BE",2
"BE10625820","BE",4
"BE10628628","BE",5
"BE10628763","BE",3
"BE10629762","BE",2
"BE10633492","BE",1
"BE10636625","BE",3
"BE10637994","BE",2
"BE10642349","BE",2
"BE10645379","BE",1
"BE10645787","BE",4
"BE10649428","BE",2
"BE10649802","BE",5
"BE10651226","BE",6
"BE10652965","BE",4
"BE10659083","BE",5
"BE10662605","BE",6
"BE10662679","BE",3
"BE10663437","BE",4
"BE10664572","BE",2
"BE10665108","BE",2
"BE10665471","BE",3
"BE10675532","BE",2
"BE10677245","BE",3
"BE10683568","BE",2
"BE10683661","BE",1
"BE10683960","BE",2
"BE10684191","BE",2
"BE10687187","BE",2
"BE10688896","BE",4
"BE10690022","BE",2
"BE10690218","BE",1
"BE10691231","BE",4
"BE10694847","BE",4
"BE10697572","BE",2
"BE10699139","BE",4
"BE10699832","BE",6
"BE10705053","BE",3
"BE10706453","BE",2
"BE10712628","BE",2
"BE10713613","BE",4
"BE10716531","BE",3
"BE10717301","BE",2
"BE10717368","BE",2
"BE10718005","BE",3
"BE10720636","BE",5
"BE10721660","BE",3
"BE10728399","BE",1
"BE10729271","BE",4
"BE10730678","BE",4
"BE10731030","BE",3
"BE10731543","BE",5
"BE10731775","BE",6
"BE10735293","BE",3
"BE10737602","BE",6
"BE10739384","BE",2
"BE10739663","BE",4
"BE10740381","BE",2
"BE10746979","BE",2
"BE10747173","BE",4
"BE10748866","BE",4
"BE10749014","BE",3
"BE10751429","BE",2
"BE10754840","BE",4
"BE10755264","BE",3
"BE10756792","BE",4
"BE10759592","BE",4
"BE10760289","BE",4
"BE10764060","BE",5
"BE10766042","BE",4
"BE10767949","BE",5
"BE10771592","BE",6
"BE10772138","BE",2
"BE10774736","BE",4
"BE10775087","BE",4
"BE10781682","BE",2
"BE10787147","BE",4
"BE10787539","BE",2
"BE10790064","BE",3
"BE10791137","BE",3
"BE10792729","BE",2
"BE10793721","BE",2
"BE10797468","BE",4
"BE10797667","BE",5
"BE10798806","BE",2
"BE10798895","BE",3
"BE10799900","BE",4
"BE10801970","BE",4
"BE10802686","BE",1
"BE10802823","BE",1
"BE10802832","BE",4
"BE10813637","BE",2
"BE10814881","BE",4
"BE10826660","BE",5
"BE10831234","BE",3
"BE10831518","BE",2
"BE10832009","BE",3
"BE10834865","BE",4
"BE10837008","BE",6
"BE10837912","BE",3
"BE10841628","BE",3
"BE10844285","BE",3
"BE10844699","BE",2
"BE10845019","BE",4
"BE10845035","BE",2
"BE10850275","BE",3
"BE10851575","BE",5
"BE10853727","BE",4
"BE10853919","BE",4
"BE10854253","BE",5
"BE10856642","BE",6
"BE10859753","BE",3
"BE10862923","BE",6
"BE10866483","BE",4
"BE10866536","BE",3
"BE10868501","BE",5
"BE10869204","BE",4
"BE10869675","BE",2
"BE10871264","BE",1
"BE10874422","BE",1
"BE10876164","BE",2
"BE10878600","BE",4
"BE10878809","BE",2
"BE10879982","BE",6
"BE10881301","BE",4
"BE10883085","BE",2
"BE10883511","BE",2
"BE10884944","BE",3
"BE10885323","BE",2
"BE10886395","BE",1
"BE10892394","BE",3
"BE10892572","BE",3
"BE10895396","BE",4
"BE10898358","BE",4
"BE10899590","BE",5
"BE10901352","BE",1
"BE10901586","BE",4
"BE10902398","BE",1
"BE10902660","BE",6
"BE10905077","BE",1
"BE10906618","BE",2
"BE10907565","BE",2
"BE10909993","BE",2
"BE10910862","BE",4
"BE10913997","BE",4
"BE10915270","BE",3
"BE10921579","BE",3
"BE10926690","BE",2
"BE10930186","BE",1
"BE10930187","BE",5
"BE10930308","BE",3
"BE10930356","BE",4
"BE10930901","BE",1
"BE10930964","BE",4
"BE10931504","BE",2
"BE10936337","BE",5
"BE10938549","BE",2
"BE10944692","BE",3
"BE10944749","BE",2
"BE10944990","BE",2
"BE10945296","BE",4
"BE10945501","BE",3
"BE10946711","BE",4
"BE10952348","BE",2
"BE10953000","BE",4
"BE10959305","BE",4
"BE10962023","BE",5
"BE10964077","BE",4
"BE10964389","BE",3
"BE10967582","BE",2
"BE10968599","BE",4
"BE10969754","BE",3
"BE10972028","BE",5
"BE10975577","BE",2
"BE10979882","BE",4
"BE10980672","BE",3
"BE10981565","BE",4
"BE10981597","BE",2
"BE10983741","BE",2
"BE10985649","BE",5
"BE10988228","BE",3
"BE10990252","BE",2
"BE10990294","BE",2
"BE10990329","BE",2
"BE10990337","BE",5
"BE10992362","BE",4
"BE10996719","BE",5
"BE101000843","BE",2
"BE101003610","BE",1
"BE101005126","BE",4
"BE101005762","BE",7
"BE101005905","BE",4
"BE101011828","BE",2
"BE101016821","BE",2
"BE101017095","BE",5
"BE101019095","BE",1
"BE101019574","BE",4
"BE101026157","BE",2
"BE101027212","BE",2
"BE101028025","BE",4
"BE101029936","BE",2
"BE101030663","BE",2
"BE101037871","BE",3
"BE101041723","BE",2
"BE101043071","BE",5
"BE101051948","BE",4
"BE101053693","BE",4
"BE101054233","BE",3
"BE101057283","BE",3
"BE101057506","BE",3
"BE101060168","BE",2
"BE101064981","BE",2
"BE101067418","BE",5
"BE101068095","BE",2
"BE101068149","BE",2
"BE101068877","BE",1
"BE101072212","BE",4
"BE101072456","BE",4
"BE101075546","BE",4
"BE101076443","BE",2
"BE101081630","BE",4
"BE101084847","BE",4
"BE101085840","BE",5
"BE101086599","BE",4
"BE101088788","BE",2
"BE101090305","BE",3
"BE101091460","BE",2
"BE101096591","BE",1
"BE101104249","BE",3
"BE101105569","BE",4
"BE101107712","BE",3
"BE101113927","BE",2
"BE101114184","BE",4
"BE101114887","BE",1
"BE101115018","BE",2
"BE101117070","BE",2
"BE101123048","BE",5
"BE101126974","BE",4
"BE101128879","BE",2
"BE101129094","BE",5
"BE101136587","BE",2
"BE101138872","BE",3
"BE101139114","BE",4
"BE101139663","BE",4
"BE101142837","BE",NA
"BE101142887","BE",2
"BE101143659","BE",3
"BE101143801","BE",1
"BE101144615","BE",2
"BE101149676","BE",5
"BE101152737","BE",6
"BE101154720","BE",5
"BE101158201","BE",1
"BE101158611","BE",2
"BE101159748","BE",1
"BE101161155","BE",2
"BE101161194","BE",1
"BE101163713","BE",2
"BE101164032","BE",3
"BE101164069","BE",2
"BE101164567","BE",2
"BE101167219","BE",1
"BE101168759","BE",3
"BE101169919","BE",4
"BE101174403","BE",4
"BE101179706","BE",3
"BE101186038","BE",3
"BE101186234","BE",2
"BE101189640","BE",3
"BE101190016","BE",4
"BE101191518","BE",1
"BE101192108","BE",4
"BE101196216","BE",2
"BE101196611","BE",3
"BE101203886","BE",1
"BE101204174","BE",3
"BE101207442","BE",3
"BE101207547","BE",2
"BE101208537","BE",4
"BE101215498","BE",1
"BE101218302","BE",2
"BE101219128","BE",5
"BE101220261","BE",4
"BE101221734","BE",4
"BE101221862","BE",4
"BE101230767","BE",1
"BE101230823","BE",1
"BE101231269","BE",4
"BE101234370","BE",4
"BE101237639","BE",4
"BE101240798","BE",3
"BE101242890","BE",5
"BE101245737","BE",6
"BE101245844","BE",4
"BE101249311","BE",1
"BE101250302","BE",4
"BE101250694","BE",2
"BE101256412","BE",4
"BE101257498","BE",1
"BE101260167","BE",4
"BE101262512","BE",2
"BE101264568","BE",4
"BE101266981","BE",4
"BE101268013","BE",2
"BE101273277","BE",4
"BE101273449","BE",1
"BE101273685","BE",2
"BE101280349","BE",4
"BE101280774","BE",4
"BE101281859","BE",5
"BE101281955","BE",4
"BE101285390","BE",3
"BE101288568","BE",5
"BE101289390","BE",3
"BE101289728","BE",2
"BE101289836","BE",3
"BE101290552","BE",2
"BE101293783","BE",3
"BE101294183","BE",5
"BE101295545","BE",3
"BE101296975","BE",1
"BE101299019","BE",4
"BE101306089","BE",4
"BE101310075","BE",3
"BE101310696","BE",1
"BE101325029","BE",1
"BE101336510","BE",1
"BE101340820","BE",2
"BE101342863","BE",2
"BE101346824","BE",2
"BE101346909","BE",1
"BE101348959","BE",4
"BE101352674","BE",5
"BE101352968","BE",2
"BE101354524","BE",3
"BE101357391","BE",6
"BE101358280","BE",2
"BE101361510","BE",3
"BE101370065","BE",4
"BE101372432","BE",1
"BE101375124","BE",3
"BE101378696","BE",4
"BE101378993","BE",3
"BE101379123","BE",2
"BE101382751","BE",4
"BE101384393","BE",2
"BE101385400","BE",4
"BE101391789","BE",6
"BE101393380","BE",2
"BE101397854","BE",2
"BE101397948","BE",5
"BE101398226","BE",3
"BE101398299","BE",4
"BE101403246","BE",4
"BE101403382","BE",1
"BE101404809","BE",4
"BE101407117","BE",6
"BE101409165","BE",3
"BE101409385","BE",5
"BE101411279","BE",5
"BE101420558","BE",5
"BE101422353","BE",2
"BE101425561","BE",5
"BE101428182","BE",1
"BE101428300","BE",4
"BE101429667","BE",1
"BE101429847","BE",2
"BE101436300","BE",3
"BE101436931","BE",3
"BE101451224","BE",4
"BE101452695","BE",3
"BE101453162","BE",2
"BE101455031","BE",4
"BE101459913","BE",4
"BE101461819","BE",4
"BE101472986","BE",5
"BE101473067","BE",4
"BE101473125","BE",6
"BE101475520","BE",4
"BE101476145","BE",2
"BE101478840","BE",3
"BE101481870","BE",5
"BE101482261","BE",2
"BE101489215","BE",4
"BE101491454","BE",3
"BE101494532","BE",4
"BE101495481","BE",4
"BE101496421","BE",1
"BE101500946","BE",4
"BE101504206","BE",3
"BE101504650","BE",2
"BE101505530","BE",3
"BE101509942","BE",4
"BE101510259","BE",5
"BE101523563","BE",3
"BE101523808","BE",3
"BE101524177","BE",3
"BE101530368","BE",3
"BE101532781","BE",1
"BE101541431","BE",6
"BE101549459","BE",2
"BE101554236","BE",3
"BE101558381","BE",4
"BE101558614","BE",3
"BE101559561","BE",4
"BE101576626","BE",5
"BE101576712","BE",4
"BE101578453","BE",4
"BE101579597","BE",4
"BE101584740","BE",2
"BE101586919","BE",4
"BE101588703","BE",NA
"BE101590034","BE",2
"BE101590470","BE",2
"BE101590819","BE",5
"BE101591007","BE",4
"BE101595935","BE",1
"BE101598270","BE",3
"BE101599519","BE",4
"BE101600998","BE",2
"BE101605343","BE",4
"BE101606352","BE",3
"BE101608191","BE",2
"BE101609278","BE",1
"BE101611006","BE",3
"BE101612529","BE",4
"BE101612821","BE",2
"BE101613849","BE",3
"BE101621562","BE",4
"BE101621788","BE",3
"BE101623954","BE",3
"BE101627099","BE",4
"BE101630521","BE",3
"BE101630675","BE",1
"BE101630704","BE",3
"BE101631056","BE",4
"BE101647083","BE",4
"BE101649738","BE",2
"BE101653677","BE",3
"BE101654038","BE",2
"BE101659158","BE",1
"BE101659735","BE",4
"BE101661851","BE",3
"BE101672154","BE",1
"BE101673852","BE",3
"BE101674715","BE",4
"BE101674957","BE",3
"BE101680353","BE",2
"BE101681269","BE",3
"BE101681278","BE",4
"BE101690648","BE",4
"BE101692420","BE",2
"BE101692552","BE",4
"BE101692657","BE",1
"BE101693429","BE",2
"BE101693807","BE",4
"BE101695775","BE",3
"BE101696768","BE",1
"BE101698777","BE",2
"BE101709030","BE",5
"BE101722766","BE",3
"BE101723856","BE",3
"BE101725215","BE",4
"BE101725978","BE",5
"BE101726426","BE",5
"BE101730744","BE",5
"BE101742042","BE",4
"BE101752099","BE",3
"BE101756238","BE",2
"BE101760053","BE",2
"BE101764272","BE",2
"BE101772799","BE",4
"BE101773458","BE",5
"BE101782073","BE",NA
"BE101782328","BE",4
"BE101783909","BE",5
"BE101792042","BE",3
"BE101792225","BE",5
"BE101792280","BE",3
"BE101800887","BE",3
"BE101802415","BE",2
"BE101806241","BE",5
"BE101812729","BE",1
"BE101816406","BE",2
"BE101831685","BE",2
"BE101831686","BE",5
"BE101845479","BE",3
"BE101847859","BE",4
"BE101852219","BE",3
"BE101853372","BE",2
"BE101853417","BE",1
"BE101855251","BE",2
"BE101855531","BE",1
"BE101855719","BE",4
"BE101857424","BE",5
"BE101870264","BE",2
"BE101872396","BE",3
"BE101873453","BE",3
"BE101875588","BE",5
"BE101879039","BE",4
"BE101883604","BE",3
"BE101884589","BE",4
"BE101884850","BE",2
"BE101884960","BE",1
"BE101885217","BE",4
"BE101885830","BE",2
"BE101897845","BE",4
"BE101898184","BE",4
"BE101898958","BE",4
"BE101903720","BE",5
"BE101905662","BE",2
"BE101907281","BE",4
"BE101910577","BE",4
"BE101912031","BE",1
"BE101912923","BE",4
"BE101913741","BE",2
"BE101917048","BE",5
"BE101918747","BE",4
"BE101920918","BE",4
"BE101926226","BE",5
"BE101934483","BE",4
"BE101934666","BE",5
"BE101942939","BE",5
"BE101944122","BE",3
"BE101956565","BE",4
"BE101956865","BE",2
"BE101963183","BE",2
"BE101963806","BE",1
"BE101968886","BE",5
"BE101969308","BE",5
"BE101969565","BE",3
"BE101971182","BE",NA
"BE101984762","BE",3
"BE101995289","BE",3
"BE101998644","BE",4
"BE102000279","BE",4
"BE102013264","BE",3
"BE102015361","BE",2
"BE102017841","BE",3
"BE102023250","BE",1
"BE102023267","BE",3
"BE102024100","BE",3
"BE102025318","BE",4
"BE102029873","BE",2
"BE102034097","BE",3
"BE102034768","BE",2
"BE102035239","BE",4
"BE102038087","BE",1
"BE102053694","BE",6
"BE102079701","BE",5
"BE102083865","BE",5
"BE102090081","BE",5
"BE102090355","BE",4
"BE102097163","BE",4
"BE102098284","BE",3
"BE102109257","BE",2
"BE102112961","BE",2
"BE102122475","BE",2
"BE102126389","BE",3
"BE102130421","BE",5
"BE102141029","BE",2
"BE102145953","BE",2
"BE102146450","BE",2
"BE102148092","BE",2
"BE102148224","BE",2
"BE102156217","BE",2
"BE102157328","BE",1
"BE102158527","BE",1
"BE102159002","BE",5
"BE102159165","BE",1
"BE102161229","BE",5
"BE102161921","BE",5
"BE102166193","BE",2
"BE102167690","BE",4
"BE102173304","BE",3
"BE102173609","BE",5
"BE102194071","BE",3
"BE102194402","BE",5
"BE102194970","BE",6
"BE102198621","BE",4
"BE102204434","BE",4
"BE102207682","BE",5
"BE102212889","BE",2
"BE102213163","BE",3
"BE102215213","BE",2
"BE102216393","BE",2
"BE102231203","BE",4
"BE102235426","BE",2
"BE102243534","BE",2
"BE102254465","BE",2
"BE102254570","BE",4
"BE102254629","BE",4
"BE102255082","BE",2
"BE102255249","BE",4
"BE102256184","BE",3
"BE102261418","BE",5
"BE102280661","BE",4
"BE102302570","BE",2
"BE102302954","BE",1
"BE102311137","BE",2
"BE102324845","BE",2
"BE102325643","BE",4
"BE102326885","BE",1
"BE102327768","BE",3
"BE102329893","BE",4
"BE102331796","BE",4
"BE102339109","BE",3
"BE102345233","BE",2
"BE102345241","BE",3
"BE102347121","BE",4
"BE102349737","BE",2
"BE102352535","BE",1
"BE102353447","BE",3
"BE102356378","BE",3
"BE102357646","BE",4
"BE102362593","BE",4
"BE102383026","BE",3
"BE102383406","BE",2
"BE102392348","BE",1
"BE102392886","BE",3
"BE102398359","BE",2
"BE102403223","BE",5
"BE102422923","BE",4
"BE102435901","BE",3
"BE102442978","BE",6
"BE102448928","BE",4
"BE102452963","BE",1
"BE102473323","BE",NA
"BE102482913","BE",4
"BE102485951","BE",4
"BE102489802","BE",3
"BE102496352","BE",3
"BE102496631","BE",2
"BE102501732","BE",11
"BE102505741","BE",1
"BE102511699","BE",3
"BE102516851","BE",4
"BE102528049","BE",4
"BE102528346","BE",3
"BE102533469","BE",2
"BE102541959","BE",2
"BE102545230","BE",4
"BE102546079","BE",2
"BE102553198","BE",4
"BE102556108","BE",2
"BE102585315","BE",4
"BE102589048","BE",3
"BE102591605","BE",2
"BE102591733","BE",2
"BE102598797","BE",3
"BE102601374","BE",4
"BE102603127","BE",2
"BE102605968","BE",1
"BE102607214","BE",3
"BE102613423","BE",3
"BE102613518","BE",3
"BE102613661","BE",3
"BE102621453","BE",4
"BE102626384","BE",4
"BE102626551","BE",3
"BE102627768","BE",5
"BE102631063","BE",4
"BE102636496","BE",3
"BE102638432","BE",1
"BE102645271","BE",2
"BE102647640","BE",2
"BE102651459","BE",4
"BE102656084","BE",2
"BE102661109","BE",3
"BE102672187","BE",5
"BE102672467","BE",4
"BE102673573","BE",5
"BE102675315","BE",2
"BE102676206","BE",1
"BE102678767","BE",2
"BE102678931","BE",2
"BE102681720","BE",3
"BE102686104","BE",1
"BE102686343","BE",2
"BE102691672","BE",5
"BE102691920","BE",5
"BE102692321","BE",4
"BE102692840","BE",4
"BE102697780","BE",4
"BE102701654","BE",2
"BE102712498","BE",1
"BE102713330","BE",2
"BE102714119","BE",5
"BE102715793","BE",2
"BE102723580","BE",4
"BE102723674","BE",4
"BE102724060","BE",2
"BE102724293","BE",4
"BE102729287","BE",1
"BE102736727","BE",6
"BE102736739","BE",3
"BE102740099","BE",3
"BE102747591","BE",4
"BE102748362","BE",2
"BE102751127","BE",2
"BE102756729","BE",2
"BE102757722","BE",4
"BE102759044","BE",3
"BE102759099","BE",1
"BE102759539","BE",3
"BE102759712","BE",4
"BE102763650","BE",1
"BE102763672","BE",2
"BE102766265","BE",4
"BE102783682","BE",4
"BE102789698","BE",2
"BE102790360","BE",3
"BE102792458","BE",1
"BE102793199","BE",1
"BE102795082","BE",6
"BE102803622","BE",2
"BE102803803","BE",1
"BE102806325","BE",2
"BE102807433","BE",4
"BE102811754","BE",2
"BE102813396","BE",3
"BE102814886","BE",1
"BE102815216","BE",2
"BE102820105","BE",4
"BE102822648","BE",3
"BE102822879","BE",4
"BE102828287","BE",3
"BE102828289","BE",3
"BE102831477","BE",4
"BE102838088","BE",2
"BE102839538","BE",2
"BE102846027","BE",2
"BE102849488","BE",1
"BE102850711","BE",4
"BE102850744","BE",3
"BE102853154","BE",2
"BE102854574","BE",2
"BE102854577","BE",3
"BE102859073","BE",2
"BE102859602","BE",4
"BE102862381","BE",1
"BE102862666","BE",2
"BE102863098","BE",2
"BE102863317","BE",2
"BE102863402","BE",4
"BE102869092","BE",5
"BE102869751","BE",1
"BE102869977","BE",1
"BE102872531","BE",4
"BE102873291","BE",2
"BE102873818","BE",3
"BE102874154","BE",3
"BE102874238","BE",3
"BE102874275","BE",1
"BE102875299","BE",3
"BE102885647","BE",5
"BE102895951","BE",2
"BE102900193","BE",4
"BE102901209","BE",1
"BE102901622","BE",1
"BE102905592","BE",1
"BE102923174","BE",3
"BE102926408","BE",4
"BE102935186","BE",6
"BE102942079","BE",1
"BE102942861","BE",3
"BE102943593","BE",3
"BE102947350","BE",1
"BE102969313","BE",4
"BE102969409","BE",2
"BE102972217","BE",2
"BE102972721","BE",1
"BE102972727","BE",4
"BE102972831","BE",4
"BE102973496","BE",2
"BE102973613","BE",5
"BE102990269","BE",1
"BE102990782","BE",1
"BE102991037","BE",6
"BE102991813","BE",2
"BE102992377","BE",1
"BE102999216","BE",4
"BE103010930","BE",2
"BE103027330","BE",5
"BE103033245","BE",5
"BE103047228","BE",3
"BE103062775","BE",2
"BE103063599","BE",5
"BE103070672","BE",7
"BE103085638","BE",1
"BE103127647","BE",3
"BE103127992","BE",4
"BE103128574","BE",5
"BE103153147","BE",2
"BE103156518","BE",5
"BE103158478","BE",4
"BE103158840","BE",4
"BE103175159","BE",3
"BE103176610","BE",1
"BE103176717","BE",3
"BE103177046","BE",4
"BE103177561","BE",5
"BE103178343","BE",4
"BE103188446","BE",4
"BE103191149","BE",4
"BE103192158","BE",2
"BE103192933","BE",2
"BE103194141","BE",4
"BE103209918","BE",3
"BE103222849","BE",4
"BE103261696","BE",2
"BE103261917","BE",2
"BE103262575","BE",2
"BE103271329","BE",3
"BE103278391","BE",3
"BE103285691","BE",2
"BE103285840","BE",1
"BE103286217","BE",2
"BE103287075","BE",2
"BE103306379","BE",2
"BE103314428","BE",1
"BE103321264","BE",4
"BE103349833","BE",2
"BE103349908","BE",3
"BE103360192","BE",3
"BE103366354","BE",2
"BE103383819","BE",2
"BE103389528","BE",2
"BE103403328","BE",2
"BE103405262","BE",3
"BE103405822","BE",4
"BE103409379","BE",2
"BE103417600","BE",5
"BE103440297","BE",3
"BE103443764","BE",5
"BE103447904","BE",4
"BE103452328","BE",5
"BE103452661","BE",4
"BE103454232","BE",2
"BE103461962","BE",2
"BE103479273","BE",4
"BE103492312","BE",4
"BE103498557","BE",3
"BE103543257","BE",2
"BE103552182","BE",2
"BE103559462","BE",3
"BE103565380","BE",2
"BE103568069","BE",4
"BE103592572","BE",2
"BE103592587","BE",5
"BE103600997","BE",4
"BE103616717","BE",2
"BE103617502","BE",2
"BE103617919","BE",6
"BE103641608","BE",2
"BE103653290","BE",1
"BE103656524","BE",3
"BE103659315","BE",2
"BE103670252","BE",2
"BE103672115","BE",3
"BE103678543","BE",5
"BE103684105","BE",2
"BE103693141","BE",2
"BE103698527","BE",4
"BE103701809","BE",3
"BE103705487","BE",2
"BE103708529","BE",4
"BE103710727","BE",3
"BE103711138","BE",4
"BE103711160","BE",2
"BE103711420","BE",3
"BE103713264","BE",1
"BE103713388","BE",1
"BE103716103","BE",4
"BE103724372","BE",2
"BE103728439","BE",2
"BE103742581","BE",1
"BE103743793","BE",3
"BE103749075","BE",1
"BE103749554","BE",2
"BE103755097","BE",4
"BE103755308","BE",2
"BE103761748","BE",4
"BE103774443","BE",5
"BE103796634","BE",3
"BE103813745","BE",3
"BE103817674","BE",3
"BE103817909","BE",1
"BE103827763","BE",1
"BE103844137","BE",2
"BE103852407","BE",5
"BE103856731","BE",2
"BE103861293","BE",2
"BE103867873","BE",4
"BE103868567","BE",2
"BE103873150","BE",1
"BE103891882","BE",2
"BE103901707","BE",3
"BE103909844","BE",2
"BE103911242","BE",2
"BE103926144","BE",4
"BE103928850","BE",2
"BE103929209","BE",5
"BE103952926","BE",2
"BE103961256","BE",2
"BE103975623","BE",2
"BE103975791","BE",2
"BE103978209","BE",5
"BE103985396","BE",2
"BE103997672","BE",1
"BE104000867","BE",2
"BE104021567","BE",4
"BE104051902","BE",1
"BE104053017","BE",3
"BE104058627","BE",4
"BE104058645","BE",2
"BE104064443","BE",2
"BE104067149","BE",1
"BE104074247","BE",2
"BE104085324","BE",3
"BE104089770","BE",2
"BE104090509","BE",2
"BE104092845","BE",2
"BE104093333","BE",2
"BE104093829","BE",2
"BE104141393","BE",2
"BE104161960","BE",3
"BE104162133","BE",2
"BE104172777","BE",2
"BE104173139","BE",3
"BE104175452","BE",2
"BE104178308","BE",NA
"BE104194523","BE",5
"BE104194910","BE",3
"BE104196925","BE",4
"BE104220567","BE",3
"BE104222522","BE",4
"BE104234719","BE",7
"BE104243116","BE",2
"BE104244577","BE",2
"BE104246556","BE",4
"BE104262670","BE",4
"BE104285360","BE",4
"BE104285381","BE",4
"BE104302707","BE",4
"BE104305587","BE",2
"BE104313220","BE",3
"BE104334570","BE",2
"BE104334918","BE",3
"BE104346251","BE",4
"BE104357358","BE",2
"BE104357510","BE",2
"BE104379030","BE",4
"BE104391072","BE",2
"BE104403237","BE",4
"BE104409560","BE",2
"BE104438950","BE",5
"BE104444873","BE",5
"BE104445256","BE",3
"BE104461402","BE",4
"BE104462935","BE",4
"BE104483848","BE",5
"BE104484589","BE",4
"BE104486321","BE",3
"BE104499418","BE",1
"BE104499439","BE",1
"BE104502847","BE",2
"BE104505271","BE",1
"BE104509087","BE",2
"BE104521734","BE",3
"BE104532312","BE",1
"BE104540195","BE",4
"BE104551510","BE",3
"BE104554507","BE",4
"BE104569762","BE",2
"BE104586567","BE",6
"BE104595062","BE",2
"BE104606621","BE",1
"BE104616715","BE",2
"BE104617094","BE",1
"BE104617311","BE",2
"BE104618059","BE",5
"BE104638353","BE",4
"BE104639161","BE",3
"BE104639429","BE",4
"BE104669508","BE",2
"BE104676144","BE",1
"BE104705007","BE",3
"BE104711311","BE",4
"BE104716380","BE",3
"BE104720660","BE",3
"BE104728249","BE",4
"BE104729195","BE",4
"BE104743670","BE",5
"BE104750266","BE",4
"BE104753169","BE",6
"BE104782379","BE",5
"BE104793480","BE",4
"BE104806027","BE",3
"BE104816847","BE",2
"BE104817465","BE",2
"BE104833090","BE",4
"BE104836233","BE",4
"BE104838694","BE",5
"BE104840251","BE",3
"BE104843541","BE",3
"BE104845825","BE",2
"BE104846378","BE",3
"BE104857793","BE",3
"BE104864945","BE",2
"BE104871943","BE",2
"BE104879585","BE",2
"BE104894218","BE",2
"BE104907408","BE",3
"BE104911026","BE",4
"BE104913890","BE",3
"BE104915783","BE",2
"BE104931520","BE",2
"BE104936507","BE",3
"BE104951329","BE",2
"BE104952554","BE",2
"BE104953118","BE",5
"BE104967080","BE",1
"BE104975486","BE",5
"BE104990864","BE",4
"BE104991183","BE",2
"BE104994836","BE",6
"BE105006446","BE",3
"BE105049412","BE",2
"BE105070434","BE",2
"BE105074156","BE",3
"BE105091442","BE",2
"BE105096497","BE",2
"BE105098134","BE",1
"BE105098293","BE",5
"BE105102184","BE",1
"BE105108446","BE",4
"BE105110937","BE",4
"BE105111669","BE",4
"BE105114307","BE",3
"BE105119020","BE",2
"BE105152618","BE",NA
"BE105154543","BE",2
"BE105154753","BE",4
"BE105155936","BE",2
"BE105157498","BE",4
"BE105181851","BE",4
"BE105182677","BE",2
"BE105182799","BE",1
"BE105189270","BE",1
"BE105207333","BE",4
"BE105226792","BE",3
"BE105244741","BE",4
"BE105253047","BE",2
"BE105270801","BE",2
"BE105271000","BE",3
"BE105271452","BE",5
"BE105271890","BE",2
"BE105273501","BE",3
"BE105308051","BE",1
"BE105309905","BE",5
"BE105340241","BE",2
"BE105348125","BE",4
"BE105349202","BE",2
"BE105349454","BE",3
"BE105358022","BE",2
"BE105358714","BE",2
"BE105366992","BE",5
"BE105367053","BE",2
"BE105367330","BE",1
"BE105403329","BE",1
"BE105404257","BE",3
"BE105404441","BE",4
"BE105407093","BE",2
"BE105424886","BE",3
"BE105446695","BE",2
"BE105462716","BE",1
"BE105468401","BE",3
"BE105473142","BE",3
"BE105480252","BE",1
"BE105481403","BE",3
"BE105494820","BE",4
"BE105495337","BE",4
"BE105515170","BE",3
"BE105535741","BE",2
"BE105558259","BE",3
"BE105558533","BE",4
"BE105587872","BE",1
"BE105597416","BE",3
"BE105607742","BE",5
"BE105618131","BE",4
"BE105620378","BE",3
"BE105636551","BE",3
"BE105664923","BE",4
"BE105665091","BE",4
"BE105673990","BE",2
"BE105679660","BE",2
"BE105684000","BE",2
"BE105691053","BE",3
"BE105695043","BE",1
"BE105705895","BE",2
"BE105723971","BE",4
"BE105726606","BE",2
"BE105746002","BE",5
"BE105747334","BE",4
"BE105748805","BE",4
"BE105748877","BE",3
"BE105752470","BE",4
"BE105753668","BE",4
"BE105785327","BE",3
"BE105785341","BE",3
"BE105786292","BE",1
"BE105786399","BE",2
"BE105789826","BE",2
"BE105821391","BE",3
"BE105852650","BE",2
"BE105857750","BE",5
"BE105860652","BE",2
"BE105861875","BE",2
"BE105870563","BE",2
"BE105895916","BE",5
"BE105897132","BE",2
"BE105901440","BE",3
"BE105903671","BE",4
"BE105915679","BE",1
"BE105929359","BE",5
"BE105932735","BE",3
"BE105935155","BE",4
"BE105955402","BE",2
"BE105963352","BE",2
"BE105971683","BE",3
"BE105974557","BE",4
"BE106048491","BE",1
"BE106069630","BE",5
"BE106077570","BE",4
"BE106079019","BE",4
"BE106092089","BE",1
"BE106115053","BE",3
"BE106158928","BE",3
"BE106159040","BE",4
"BE106163839","BE",4
"BE106192757","BE",3
"BE106193419","BE",3
"BE106199813","BE",2
"BE106234373","BE",3
"BE106279604","BE",1
"BE106279626","BE",4
"BE106283488","BE",4
"BE106284017","BE",2
"BE106284990","BE",2
"BE106285265","BE",2
"BE106285840","BE",9
"BE106292826","BE",1
"BE106299603","BE",2
"BE106304415","BE",3
"BE106306251","BE",2
"BE106335540","BE",6
"BE106338578","BE",2
"BE106358395","BE",2
"BE106366653","BE",4
"BE106438468","BE",6
"BE106438620","BE",5
"BE106439809","BE",2
"BE106465951","BE",5
"BE106489487","BE",5
"BE106492336","BE",2
"BE106592267","BE",2
"BE106592486","BE",2
"BE106592504","BE",2
"BE106632546","BE",2
"BE106642915","BE",3
"BE106695171","BE",2
"BE106704736","BE",1
"BE106731743","BE",3
"BE106734505","BE",2
"BE106752318","BE",4
"BE106759309","BE",2
"BE106760513","BE",4
"BE106761279","BE",4
"BE106796492","BE",5
"BE106796651","BE",1
"BE106818092","BE",3
"BE106818542","BE",2
"BE106818740","BE",2
"BE106820378","BE",4
"BE106840799","BE",2
"BE106862280","BE",5
"BE106864569","BE",4
"BE106901629","BE",4
"BE106908246","BE",3
"BE106965578","BE",2
"BE106965675","BE",2
"BE106965873","BE",1
"BE106966340","BE",3
"BE106966410","BE",1
"BE106966829","BE",3
"BE107015799","BE",5
"BE107032876","BE",2
"BE107067882","BE",1
"BE107069067","BE",4
"BE107070376","BE",3
"BE107087305","BE",5
"BE107161366","BE",2
"BE107161837","BE",1
"BE107161896","BE",5
"BE107183937","BE",3
"BE107191206","BE",4
"BE107245447","BE",1
"BE107265939","BE",3
"BE107294229","BE",3
"BE107294292","BE",2
"BE107294380","BE",5
"BE107294812","BE",2
"BE107338997","BE",2
"BE107351294","BE",2
"BE107352355","BE",3
"BE107420251","BE",2
"BE107421430","BE",2
"BE107422038","BE",2
"BE107422588","BE",3
"BE107489794","BE",3
"BE107491448","BE",4
"BE107532256","BE",13
"BE107565179","BE",2
"BE107623665","BE",1
"BE107624182","BE",4
"BE107624687","BE",4
"BE107625188","BE",3
"BE107680740","BE",3
"BE107722616","BE",2
"BE107724618","BE",1
"BE107736599","BE",3
"BE107736875","BE",2
"BE107811854","BE",4
"BE107843888","BE",1
"BE107844540","BE",4
"BE107845418","BE",5
"BE107845855","BE",8
"BE107846067","BE",4
"BE107846749","BE",3
"BE107898389","BE",2
"BE107922980","BE",2
"BE107923490","BE",2
"BE107950413","BE",4
"BE107951027","BE",2
"BE108016595","BE",3
"BE108017619","BE",1
"BE108018367","BE",2
"BE108044326","BE",1
"BE108044770","BE",1
"BE108055198","BE",4
"BE108055377","BE",4
"BE108055428","BE",3
"BE108055767","BE",2
"BE108077522","BE",3
"BE108102468","BE",3
"BE108103174","BE",4
"BE108160008","BE",2
"BE108161120","BE",2
"BE108181000","BE",2
"BE108208974","BE",3
"BE108209562","BE",6
"BE108229997","BE",4
"BE108298677","BE",4
"BE108299893","BE",2
"BE108315709","BE",1
"BE108316414","BE",3
"BE108317397","BE",4
"BE108346602","BE",3
"BE108400205","BE",2
"BE108402063","BE",3
"BE108403256","BE",1
"BE108440613","BE",4
"BE108449475","BE",2
"BE108461091","BE",1
"BE108488612","BE",2
"BE108489113","BE",5
"BE108515431","BE",4
"BE108515660","BE",2
"BE108515733","BE",5
"BE108516512","BE",1
"BE108542093","BE",6
"BE108543604","BE",3
"BE108568368","BE",5
"BE108569137","BE",4
"BE108570522","BE",4
"BE108575565","BE",2
"BE108608814","BE",5
"BE108609779","BE",2
"BE108610401","BE",3
"BE108635606","BE",4
"BE108635828","BE",1
"BE108693882","BE",3
"BE108695231","BE",2
"BE108701228","BE",7
"BE108719788","BE",2
"BE108755421","BE",2
"BE108760984","BE",1
"BE108784121","BE",4
"BE108828139","BE",2
"BE108828186","BE",2
"BE108829693","BE",2
"BE108829858","BE",2
"BE108830723","BE",2
"BE108831475","BE",3
"BE108831514","BE",4
"BE108882803","BE",4
"BE108883438","BE",2
"BE108884116","BE",3
"BE108969813","BE",2
"BE108970490","BE",4
"BE108998075","BE",3
"BE109055226","BE",3
"BE109069607","BE",3
"BE109176171","BE",2
"BE109176977","BE",2
"BE109177362","BE",2
"BE109210969","BE",3
"BE109270598","BE",1
"BE109271558","BE",1
"BE109281646","BE",8
"BE109300060","BE",2
"BE109300424","BE",5
"BE109300840","BE",3
"BE109301862","BE",3
"BE109325991","BE",2
"BE109328991","BE",4
"BE109352387","BE",3
"BE109396997","BE",4
"BE109414513","BE",2
"BE109414738","BE",4
"BE109446511","BE",2
"BE109481488","BE",2
"BE109482381","BE",3
"BE109482541","BE",4
"BE109488081","BE",2
"BE109516633","BE",2
"BE109570992","BE",2
"BE109610469","BE",4
"BE109654280","BE",1
"BE109657132","BE",3
"BE109657217","BE",6
"BE109697796","BE",1
"BE109699696","BE",2
"BE109700344","BE",2
"BE109751232","BE",2
"BE109761715","BE",2
"BE109762717","BE",2
"BE109763344","BE",2
"BE109764887","BE",2
"BE109779176","BE",1
"BE109781711","BE",2
"BE109810627","BE",4
"BE109810969","BE",5
"BE109811032","BE",4
"BE109827133","BE",4
"BE109827649","BE",2
"BE109829555","BE",3
"BE109829873","BE",3
"BE109859541","BE",2
"BE109902808","BE",5
"BE109904052","BE",2
"BE109904803","BE",2
"BE109905062","BE",1
"BE109905475","BE",3
"BE109935617","BE",5
"BE109947755","BE",2
"BE1010000749","BE",1
"BE1010000756","BE",1
"BE1010000771","BE",1
"BE1010000801","BE",1
"BE1010000802","BE",2
"BE1010000897","BE",2
"BE1010000967","BE",2
"BE1010001019","BE",2
"BE1010001030","BE",1
"BE1010001071","BE",1
"BE1010001143","BE",2
"BE1010001148","BE",1
"BE1010001166","BE",1
"BE1010001183","BE",1
"BE1010001195","BE",2
"BE1010001197","BE",1
"BE1010001212","BE",1
"BE1010001223","BE",1
"BE1010001240","BE",1
"BE1010001253","BE",1
"BE1010001283","BE",2
"BE1010001366","BE",1
"BE1010001386","BE",1
"BE1010001413","BE",2
"BE1010001426","BE",1
"BE1010001440","BE",1
"BE1010001451","BE",2
"BE1010001473","BE",1
"BE1010001479","BE",3
"BE1010001512","BE",3
"BE1010001585","BE",4
"BE1010001637","BE",3
"BE1010001703","BE",3
"BE1010001846","BE",5
"BE1010001889","BE",5
"BE1010001922","BE",4
"BE1010001951","BE",4
"BE1010001979","BE",5
"BE1010001982","BE",6
"BE1010001986","BE",4
"BE1010002008","BE",4
"BE1010002026","BE",4
"BE1010002036","BE",4
"BE1010002038","BE",3
"BE1010002074","BE",4
"BE1010002095","BE",5
"BE1010002144","BE",6
"BE1010002180","BE",6
"BE1010002185","BE",4
"BE1010002190","BE",5
"BE1010002198","BE",5
"BE1010002199","BE",3
"BE1010002201","BE",4
"BE1010002209","BE",3
"BE1010002225","BE",4
"BE1010002236","BE",3
"BE1010002240","BE",4
"BE1010002353","BE",4
"BE1010002406","BE",4
"BE1010002407","BE",2
"BE1010002477","BE",3
"BE1010002484","BE",4
"BE1010002494","BE",4
"BE1010002507","BE",2
"BE1010002522","BE",2
"BE1010002528","BE",4
"BE1010002534","BE",4
"BE1010002546","BE",3
"BE1010002551","BE",4
"BE1010002563","BE",4
"BE1010002566","BE",4
"BE1010002584","BE",3
"BE1010002593","BE",1
"BE1010002596","BE",4
"BE1010002616","BE",2
"BE1010002732","BE",3
"BE1010002788","BE",6
"BE1010002816","BE",4
"BE1010002833","BE",4
"BE1010002841","BE",6
"BE1010002864","BE",1
"BE1010002867","BE",4
"BE1010002877","BE",3
"BE1010002880","BE",3
"BE1010002934","BE",3
"BE1010002937","BE",4
"BE1010002946","BE",4
"BE1010002984","BE",2
"BE1010003022","BE",5
"BE1010003047","BE",5
"BE1010003058","BE",3
"BE1010003066","BE",2
"BE1010003146","BE",6
"BE1010003185","BE",4
