"part_id","sday_id","day","month","year","dayofweek","decima_date","assign_date","actual_hour"
10105130,"20160205","05","02","2016","5",400.4662269,379,11
10358113,"20150131","31","01","2015","6",30.48431713,28,11
10400394,"20151211","11","12","2015","5",343.7904282,344,18
10495813,"20151113","13","11","2015","5",315.8707407,318,20
10532697,"20150202","02","02","2015","1",31.55771991,30,13
10605717,"20160202","02","02","2016","2",396.8226389,395,19
10667596,"20151126","26","11","2015","4",328.9545718,328,22
10739775,"20150203","03","02","2015","2",32.63982639,27,15
10822794,"20150417","17","04","2015","5",105.7397106,98,17
10946094,"20151124","24","11","2015","2",326.7425694,328,17
10977706,"20160107","07","01","2016","4",370.6903009,352,16
11006409,"20150327","27","03","2015","5",85.48671296,85,11
11037821,"20151231","31","12","2015","4",364.4981944,336,11
11164072,"20160128","28","01","2016","4",391.5468403,349,13
11170632,"20160217","17","02","2016","3",411.8498495,395,20
11249443,"20151130","30","11","2015","1",333.483912,331,11
11256889,"20151112","12","11","2015","4",314.8140394,314,19
11294271,"20151207","07","12","2015","1",339.892662,339,21
11319336,"20150429","29","04","2015","3",118.4348264,109,10
11344005,"20151213","13","12","2015","0",345.7828241,344,18
11417589,"20150411","11","04","2015","6",100.4940046,100,11
11625385,"20151222","22","12","2015","2",354.5785417,352,13
11658139,"20160304","04","03","2016","5",427.7283218,387,17
11724464,"20160105","05","01","2016","2",368.5301968,334,12
11772427,"20150408","08","04","2015","3",96.53459491,79,12
11776171,"20160111","11","01","2016","1",375.4729398,374,11
11837502,"20151219","19","12","2015","6",351.7067477,320,16
11841028,"20150123","23","01","2015","5",21.76645833,13,18
11857415,"20151120","20","11","2015","5",322.7669097,323,18
11870454,"20151216","16","12","2015","3",348.5316667,336,12
12026009,"20150213","13","02","2015","5",42.82700231,42,19
12037142,"20160101","01","01","2016","5",364.5040046,320,12
12066136,"20150725","25","07","2015","6",204.7570486,204,18
12180851,"20151130","30","11","2015","1",332.9643519,331,23
12265942,"20151129","29","11","2015","0",332.109213,331,2
12394988,"20150918","18","09","2015","5",259.5825116,129,13
12464494,"20150402","02","04","2015","4",90.51255787,91,12
12628787,"20151128","28","11","2015","6",330.9026157,334,21
12628960,"20150425","25","04","2015","6",113.6324074,113,15
12689003,"20151222","22","12","2015","2",354.735544,317,17
12751877,"20150429","29","04","2015","3",118.4443519,109,10
12808049,"20160108","08","01","2016","5",371.7615741,375,18
12818986,"20160128","28","01","2016","4",391.5181019,373,12
12935940,"20151216","16","12","2015","3",349.1516667,350,3
12963872,"20151127","27","11","2015","5",329.7279282,331,17
13019341,"20150130","30","01","2015","5",28.74559028,25,17
13167951,"20150813","13","08","2015","4",223.7180556,219,17
13229962,"20160101","01","01","2016","5",364.5689815,336,13
13310788,"20150129","29","01","2015","4",27.8146412,27,19
13317389,"20160105","05","01","2016","2",368.6939931,333,16
13344417,"20151123","23","11","2015","1",325.5918056,323,14
13346161,"20160205","05","02","2016","5",400.4933333,359,11
13376654,"20160131","31","01","2016","0",394.5273727,395,12
13444125,"20150910","10","09","2015","4",251.8340509,251,20
13643403,"20151205","05","12","2015","6",337.7773264,320,18
13750943,"20150918","18","09","2015","5",259.7713426,206,18
13775858,"20151231","31","12","2015","4",364.488588,366,11
13851014,"20150325","25","03","2015","3",83.43427083,32,10
13862807,"20150327","27","03","2015","5",84.70420139,85,16
13884579,"20150506","06","05","2015","3",124.5558218,102,13
13949447,"20151110","10","11","2015","2",312.7688657,314,18
14017158,"20160106","06","01","2016","3",369.5379167,355,12
14055983,"20160105","05","01","2016","2",368.7333681,365,17
14066034,"20150130","30","01","2015","5",28.69769676,25,16
14182942,"20151226","26","12","2015","6",358.7201736,356,17
14184688,"20151218","18","12","2015","5",350.9135417,351,21
14400868,"20151222","22","12","2015","2",354.5889583,333,14
14558526,"20150523","23","05","2015","6",141.6779861,141,16
14679892,"20160218","18","02","2016","4",413.4299769,331,10
14703807,"20150428","28","04","2015","2",116.7853125,91,18
14732388,"20150325","25","03","2015","3",83.43988426,35,10
14847207,"20151125","25","11","2015","3",327.7402083,318,17
14963423,"20151226","26","12","2015","6",359.4991667,356,11
15172510,"20150328","28","03","2015","6",85.88844907,85,21
15207770,"20150326","26","03","2015","4",83.63196759,32,15
15264221,"20160109","09","01","2016","6",372.5886921,370,14
15329748,"20151207","07","12","2015","1",340.0230671,334,0
15392694,"20150423","23","04","2015","4",111.7679514,86,18
15417052,"20151207","07","12","2015","1",339.8010764,339,19
15601792,"20150509","09","05","2015","6",127.5989468,127,14
15608543,"20151218","18","12","2015","5",350.8937616,350,21
15751629,"20151112","12","11","2015","4",315.1779282,314,4
15806456,"20151222","22","12","2015","2",355.4914583,320,11
16030864,"20150326","26","03","2015","4",83.77449074,60,18
16037020,"20151202","02","12","2015","3",334.9098611,334,21
16192203,"20151222","22","12","2015","2",354.5230208,317,12
16291889,"20151226","26","12","2015","6",359.148831,357,3
16305255,"20151217","17","12","2015","4",349.5583681,350,13
16387639,"20150731","31","07","2015","5",210.6651273,210,15
16420388,"20150919","19","09","2015","6",260.5383449,213,12
16541874,"20151228","28","12","2015","1",361.4320023,356,10
16682693,"20151218","18","12","2015","5",351.3721412,351,8
16688087,"20151206","06","12","2015","0",338.7869213,340,18
16870246,"20150427","27","04","2015","1",115.8175,115,19
16993408,"20160212","12","02","2016","5",406.7552894,352,18
17003087,"20150923","23","09","2015","3",265.4701736,234,11
17004422,"20150623","23","06","2015","2",173.4556019,145,10
17175713,"20160107","07","01","2016","4",370.8348958,375,20
17257781,"20150212","12","02","2015","4",41.67550926,42,16
17426732,"20151120","20","11","2015","5",323.4700347,323,11
17429347,"20150403","03","04","2015","5",91.78113426,91,18
17471372,"20151128","28","11","2015","6",330.8562731,331,20
17521021,"20150923","23","09","2015","3",264.7150579,216,17
17604612,"20160124","24","01","2016","0",387.582419,375,13
17706280,"20160106","06","01","2016","3",369.5485069,349,13
17800285,"20151216","16","12","2015","3",348.7064583,336,16
17824455,"20160117","17","01","2016","0",381.4470255,374,10
17851466,"20151219","19","12","2015","6",351.9306481,351,22
17890548,"20150918","18","09","2015","5",259.5026968,145,12
17892155,"20150211","11","02","2015","3",41.43002315,27,10
17897806,"20151222","22","12","2015","2",355.4975694,320,11
17930358,"20160111","11","01","2016","1",374.5716667,374,13
17937580,"20151203","03","12","2015","4",336.3226042,331,7
17984165,"20160121","21","01","2016","4",384.8809375,379,21
18343372,"20150918","18","09","2015","5",259.5497801,98,13
18380719,"20160112","12","01","2016","2",375.6142014,370,14
18382054,"20151220","20","12","2015","0",352.6028819,353,14
18520203,"20150617","17","06","2015","3",166.7454514,145,17
18546643,"20151206","06","12","2015","0",338.6178588,340,14
18555473,"20151223","23","12","2015","3",355.5748264,352,13
18636645,"20151226","26","12","2015","6",358.9726852,356,23
18723147,"20150826","26","08","2015","3",236.7190046,213,17
18918326,"20150122","22","01","2015","4",21.34065972,21,8
18994564,"20151202","02","12","2015","3",334.9024537,328,21
19089426,"20151221","21","12","2015","1",353.829294,353,19
19094963,"20150130","30","01","2015","5",28.73984954,23,17
19150944,"20151127","27","11","2015","5",329.7546412,328,18
19369265,"20150701","01","07","2015","3",180.5187616,180,12
19402654,"20151217","17","12","2015","4",349.824919,350,19
19470267,"20150617","17","06","2015","3",166.6954977,145,16
19555774,"20160206","06","02","2016","6",400.5185301,373,12
19633207,"20151222","22","12","2015","2",354.7309606,317,17
19787052,"20151124","24","11","2015","2",326.744456,328,17
19940509,"20160106","06","01","2016","3",369.5220602,352,12
19963077,"20150223","23","02","2015","1",52.72796296,42,17
19992114,"20151129","29","11","2015","0",331.9574421,331,22
20162067,"20150116","16","01","2015","5",14.94199074,16,22
20456667,"20151128","28","11","2015","6",331.002419,332,0
20542936,"20160101","01","01","2016","5",364.5156481,336,12
20602985,"20150325","25","03","2015","3",82.76444444,81,18
20708861,"20151218","18","12","2015","5",350.9502431,348,22
20931383,"20160206","06","02","2016","6",400.5137269,397,12
21006078,"20151222","22","12","2015","2",354.5498843,333,13
21070328,"20150328","28","03","2015","6",85.57195602,85,13
21091572,"20151129","29","11","2015","0",331.7966782,331,19
21228817,"20151007","07","10","2015","3",278.7070718,280,16
21476608,"20160122","22","01","2016","5",385.8801852,379,21
21493813,"20150403","03","04","2015","5",91.71940972,81,17
21572472,"20150725","25","07","2015","6",204.8821412,204,21
21654428,"20151119","19","11","2015","4",321.6295023,323,15
21975579,"20150423","23","04","2015","4",111.7721528,29,18
22119973,"20151119","19","11","2015","4",321.5083333,323,12
22148144,"20150206","06","02","2015","5",35.63659722,36,15
22301029,"20160105","05","01","2016","2",368.7406019,349,17
22411792,"20160103","03","01","2016","0",367.4089699,366,9
22430958,"20151223","23","12","2015","3",355.8246759,356,19
22804641,"20160107","07","01","2016","4",371.4321991,352,10
22886585,"20160107","07","01","2016","4",370.7006366,375,16
22985548,"20160105","05","01","2016","2",368.7291319,349,17
23007476,"20150327","27","03","2015","5",84.71152778,86,17
23117844,"20160103","03","01","2016","0",366.9153819,366,21
23221606,"20151220","20","12","2015","0",352.7440046,352,17
23440991,"20160126","26","01","2016","2",389.9236458,389,22
23499032,"20160128","28","01","2016","4",391.5132523,373,12
23601144,"20160105","05","01","2016","2",369.4376157,352,10
23631969,"20160113","13","01","2016","3",376.9195949,375,22
23718206,"20150520","20","05","2015","3",139.4257523,141,10
23764485,"20150201","01","02","2015","0",31.41927083,31,10
23869239,"20150127","27","01","2015","2",25.53048611,10,12
23919020,"20150204","04","02","2015","3",33.58962963,27,14
24024370,"20151221","21","12","2015","1",354.4631366,349,11
24024711,"20150917","17","09","2015","4",259.4808796,145,11
24149384,"20151126","26","11","2015","4",328.941412,328,22
24248656,"20160304","04","03","2016","5",427.5303819,331,12
24286762,"20151218","18","12","2015","5",350.6059722,353,14
24370596,"20160206","06","02","2016","6",400.6486806,379,15
24445376,"20150430","30","04","2015","4",118.7835069,98,18
24498627,"20150128","28","01","2015","3",27.41149306,28,9
24533540,"20151126","26","11","2015","4",328.8453241,328,20
24577058,"20150130","30","01","2015","5",28.76001157,23,18
24620397,"20160114","14","01","2016","4",377.8858102,377,21
24638255,"20151201","01","12","2015","2",334.1664583,332,3
24730187,"20151221","21","12","2015","1",354.4972569,336,11
24760713,"20150127","27","01","2015","2",25.53465278,18,12
24809664,"20150828","28","08","2015","5",239.4932523,238,11
25074113,"20160123","23","01","2016","6",386.9453704,387,22
25169140,"20150127","27","01","2015","2",25.61787037,22,14
25281029,"20150422","22","04","2015","3",110.5159722,101,12
25300496,"20160106","06","01","2016","3",370.4603125,352,11
25328987,"20151126","26","11","2015","4",328.8214005,328,19
25419195,"20150121","21","01","2015","3",20.0534375,19,1
25593841,"20150330","30","03","2015","1",88.01474537,85,0
25907403,"20151126","26","11","2015","4",328.6884144,328,16
25993392,"20150326","26","03","2015","4",83.7159375,81,17
26015614,"20150910","10","09","2015","4",252.4982523,145,11
26075094,"20150425","25","04","2015","6",113.6411343,113,15
26343036,"20151231","31","12","2015","4",364.4792245,366,11
26354694,"20160106","06","01","2016","3",369.6255324,349,15
26616425,"20160107","07","01","2016","4",371.011088,370,0
26742090,"20150207","07","02","2015","6",36.78678241,32,18
26937464,"20150203","03","02","2015","2",32.72233796,28,17
27041623,"20150417","17","04","2015","5",105.7818403,102,18
27076603,"20150918","18","09","2015","5",259.7617245,198,18
27250942,"20151216","16","12","2015","3",348.8244444,351,19
27571683,"20160101","01","01","2016","5",364.5006134,336,12
27608939,"20150130","30","01","2015","5",28.78394676,23,18
27715859,"20160206","06","02","2016","6",400.5362963,373,12
27743004,"20151202","02","12","2015","3",334.9382176,334,22
27951738,"20160107","07","01","2016","4",371.4845023,352,11
27992971,"20151124","24","11","2015","2",326.8069792,328,19
28028420,"20150731","31","07","2015","5",210.7584954,213,18
28096802,"20150417","17","04","2015","5",105.7927199,105,19
28241619,"20151221","21","12","2015","1",354.4331019,320,10
28294664,"20151216","16","12","2015","3",348.8515972,350,20
28299235,"20151205","05","12","2015","6",337.943287,340,22
28350064,"20160116","16","01","2016","6",379.8687269,377,20
28422326,"20160115","15","01","2016","5",378.9141551,375,21
28574438,"20151223","23","12","2015","3",355.6267477,320,15
28653088,"20150829","29","08","2015","6",239.6529745,238,15
28718993,"20150127","27","01","2015","2",25.63604167,22,15
28989980,"20151231","31","12","2015","4",363.5963194,366,14
29061212,"20150327","27","03","2015","5",85.39835648,84,9
29157551,"20151209","09","12","2015","3",341.7776157,340,18
29184906,"20150730","30","07","2015","4",209.9912153,209,23
29192718,"20151222","22","12","2015","2",354.5135069,333,12
29277603,"20150418","18","04","2015","6",106.7371181,71,17
29331062,"20160104","04","01","2016","1",368.4900347,334,11
29399075,"20160203","03","02","2016","3",397.5326505,395,12
29411242,"20151211","11","12","2015","5",343.9607755,346,23
29415238,"20150123","23","01","2015","5",21.88230324,21,21
29485037,"20151206","06","12","2015","0",338.6631481,339,15
29632406,"20160109","09","01","2016","6",372.5235301,357,12
29664099,"20150523","23","05","2015","6",141.7195718,141,17
29712625,"20150918","18","09","2015","5",259.6002199,99,14
29894332,"20151208","08","12","2015","2",340.7191088,340,17
29903147,"20160205","05","02","2016","5",400.4192014,379,10
30014205,"20151204","04","12","2015","5",336.9971528,339,23
30022876,"20150128","28","01","2015","3",26.68608796,10,16
30040475,"20150828","28","08","2015","5",238.962419,238,23
30122128,"20151220","20","12","2015","0",352.9723727,351,23
30242809,"20150327","27","03","2015","5",84.93465278,84,22
30325393,"20150325","25","03","2015","3",82.78989583,29,18
30348793,"20151127","27","11","2015","5",329.730463,331,17
30521751,"20151208","08","12","2015","2",340.8888657,340,21
30549698,"20151219","19","12","2015","6",351.6213426,317,14
30864972,"20160205","05","02","2016","5",400.4287616,379,10
30880905,"20150123","23","01","2015","5",21.88123843,22,21
30881166,"20160112","12","01","2016","2",375.8261921,375,19
30922684,"20151213","13","12","2015","0",345.9494329,344,22
30993804,"20151223","23","12","2015","3",355.9864931,346,23
31080111,"20150119","19","01","2015","1",18.0080787,16,0
31112109,"20160103","03","01","2016","0",367.4887153,366,11
31244464,"20151205","05","12","2015","6",337.7458681,320,17
31334995,"20160107","07","01","2016","4",370.6897917,370,16
31377488,"20151219","19","12","2015","6",352.3856944,350,9
31489875,"20150923","23","09","2015","3",265.483912,234,11
31623010,"20160304","04","03","2016","5",427.5410532,373,12
31667835,"20151126","26","11","2015","4",328.7937037,332,19
31689500,"20151202","02","12","2015","3",334.6975926,334,16
31929510,"20151204","04","12","2015","5",337.4848611,324,11
31937300,"20151211","11","12","2015","5",344.0481829,346,1
32053730,"20151206","06","12","2015","0",339.4296181,339,10
32119336,"20160206","06","02","2016","6",400.7140394,397,17
32141401,"20151128","28","11","2015","6",330.9394907,334,22
32179276,"20160104","04","01","2016","1",367.5683449,366,13
32301026,"20150120","20","01","2015","2",18.99274306,16,23
32308292,"20150403","03","04","2015","5",91.75099537,86,18
32332436,"20150325","25","03","2015","3",82.65626157,84,15
32342024,"20160113","13","01","2016","3",377.3760648,374,9
32396588,"20150125","25","01","2015","0",24.47577546,23,11
32488774,"20151231","31","12","2015","4",363.9763079,366,23
32596110,"20150403","03","04","2015","5",91.57483796,34,13
32683957,"20160107","07","01","2016","4",370.500162,352,12
32879731,"20150130","30","01","2015","5",28.79451389,25,19
32951691,"20150201","01","02","2015","0",30.89917824,30,21
33053855,"20151207","07","12","2015","1",340.4522454,339,10
33056691,"20160130","30","01","2016","6",393.694456,373,16
33101941,"20151223","23","12","2015","3",355.6964699,320,16
33231904,"20150123","23","01","2015","5",21.81181713,22,19
33403043,"20150130","30","01","2015","5",28.99607639,27,23
33440850,"20160104","04","01","2016","1",367.9569329,366,22
33476208,"20160107","07","01","2016","4",370.6603472,336,15
33731847,"20160223","23","02","2016","2",417.904456,418,21
33755370,"20150131","31","01","2015","6",29.90347222,30,21
33820112,"20151231","31","12","2015","4",364.443287,366,10
33967483,"20151223","23","12","2015","3",356.399375,356,9
34177785,"20150923","23","09","2015","3",265.4581019,262,10
34262441,"20150308","08","03","2015","0",65.93986111,64,22
34353107,"20160112","12","01","2016","2",375.7984722,377,19
34423945,"20151129","29","11","2015","0",331.6499306,334,15
34505588,"20150124","24","01","2015","6",22.71925926,22,17
34506763,"20160128","28","01","2016","4",391.923831,389,22
34627653,"20151118","18","11","2015","3",320.6345718,318,15
34711388,"20150805","05","08","2015","3",215.6588889,213,15
34773346,"20160206","06","02","2016","6",400.5434606,373,13
34794436,"20151231","31","12","2015","4",363.711956,366,17
34821983,"20151112","12","11","2015","4",314.5118866,314,12
34840824,"20150228","28","02","2015","6",57.68425926,60,16
34931103,"20160107","07","01","2016","4",370.717338,352,17
35145881,"20160116","16","01","2016","6",379.7797338,379,18
35146558,"20151219","19","12","2015","6",351.9296875,351,22
35257030,"20160109","09","01","2016","6",372.9739931,375,23
35266739,"20151109","09","11","2015","1",312.0161806,311,0
35366189,"20151216","16","12","2015","3",348.6932407,333,16
35400897,"20150208","08","02","2015","0",37.91886574,29,22
35411283,"20160105","05","01","2016","2",369.4684954,355,11
35464969,"20151224","24","12","2015","4",357.018287,357,0
35472160,"20160223","23","02","2016","2",417.9535417,418,22
35548946,"20150130","30","01","2015","5",28.80327546,24,19
35572467,"20151116","16","11","2015","1",319.2529051,318,6
35591877,"20150130","30","01","2015","5",28.98001157,28,23
35715759,"20150427","27","04","2015","1",116.4936806,102,11
35788749,"20151225","25","12","2015","5",357.9249421,357,22
35792872,"20151223","23","12","2015","3",355.5687153,336,13
35905977,"20151222","22","12","2015","2",354.5382407,320,12
35951820,"20160201","01","02","2016","1",396.4286227,395,10
35964366,"20150326","26","03","2015","4",83.72793981,71,17
36215849,"20150617","17","06","2015","3",166.6246181,145,14
36292798,"20151216","16","12","2015","3",348.5234606,320,12
36326162,"20150422","22","04","2015","3",110.525463,102,12
36402305,"20151223","23","12","2015","3",356.418125,356,10
36531565,"20150212","12","02","2015","4",41.64695602,42,15
36693538,"20151217","17","12","2015","4",349.8983912,351,21
36741410,"20150724","24","07","2015","5",204.4153588,204,9
36747282,"20160107","07","01","2016","4",370.7027431,352,16
36952004,"20160105","05","01","2016","2",368.6699306,368,16
36996736,"20150326","26","03","2015","4",83.73898148,60,17
37066265,"20151213","13","12","2015","0",345.9134144,339,21
37396748,"20160107","07","01","2016","4",370.7284722,352,17
37420699,"20160111","11","01","2016","1",375.4496991,375,10
37553666,"20150128","28","01","2015","3",26.87795139,28,21
37594009,"20150212","12","02","2015","4",41.59959491,42,14
37770233,"20151218","18","12","2015","5",350.9412269,350,22
37783600,"20151121","21","11","2015","6",323.7009375,323,16
37809153,"20151225","25","12","2015","5",357.8909144,357,21
37827890,"20150130","30","01","2015","5",28.77958333,24,18
38120101,"20160216","16","02","2016","2",410.6764236,397,16
38271972,"20151221","21","12","2015","1",354.4507292,352,10
38409554,"20150423","23","04","2015","4",112.4790509,101,11
38433295,"20160205","05","02","2016","5",400.4121528,373,9
38435951,"20151223","23","12","2015","3",356.4195139,356,10
38500397,"20160107","07","01","2016","4",371.4558565,370,10
38509060,"20151204","04","12","2015","5",336.7264005,332,17
38728677,"20160107","07","01","2016","4",371.4387153,349,10
38819323,"20160103","03","01","2016","0",367.0115741,366,0
38831031,"20160127","27","01","2016","3",390.6496875,336,15
38905939,"20150624","24","06","2015","3",173.7451736,145,17
39045439,"20150402","02","04","2015","4",91.3887037,91,9
39048243,"20150403","03","04","2015","5",91.71584491,81,17
39243081,"20151202","02","12","2015","3",335.0022222,332,0
39273981,"20150122","22","01","2015","4",20.53991898,18,12
39341446,"20160103","03","01","2016","0",366.683125,366,16
39352176,"20151211","11","12","2015","5",343.9894792,339,23
39360542,"20150623","23","06","2015","2",173.4378704,145,10
39635444,"20150811","11","08","2015","2",221.9150926,219,21
39674114,"20150126","26","01","2015","1",25.03575231,23,0
39854810,"20150207","07","02","2015","6",36.75662037,25,18
40023972,"20150325","25","03","2015","3",83.44355324,32,10
40025115,"20150201","01","02","2015","0",30.9983912,32,23
40026972,"20160202","02","02","2016","2",396.6244097,395,14
40228225,"20160106","06","01","2016","3",369.7369329,352,17
40232281,"20160103","03","01","2016","0",366.9107176,366,21
40237141,"20151128","28","11","2015","6",331.1671528,334,4
40254546,"20150623","23","06","2015","2",173.4721065,145,11
40272308,"20151231","31","12","2015","4",363.8665741,366,20
40283356,"20151223","23","12","2015","3",355.5202199,333,12
40338184,"20151216","16","12","2015","3",348.718125,336,17
40350146,"20151208","08","12","2015","2",340.7772801,339,18
40362114,"20150620","20","06","2015","6",169.8648148,169,20
40591509,"20151219","19","12","2015","6",351.9264005,351,22
40817966,"20160103","03","01","2016","0",366.5364815,357,12
40851437,"20150203","03","02","2015","2",32.71229167,27,17
40905140,"20160127","27","01","2016","3",391.4925463,373,11
40940069,"20151231","31","12","2015","4",363.6408333,366,15
41001238,"20150430","30","04","2015","4",118.7627778,32,18
41210102,"20151218","18","12","2015","5",350.6316898,353,15
41323143,"20160107","07","01","2016","4",371.4586343,355,11
41445565,"20160106","06","01","2016","3",369.9316667,365,22
41655665,"20160128","28","01","2016","4",392.4088079,392,9
41829570,"20150523","23","05","2015","6",142.0182176,141,0
41863876,"20150327","27","03","2015","5",84.9446412,84,22
41879117,"20160106","06","01","2016","3",369.6315046,352,15
41893194,"20160212","12","02","2016","5",406.7427662,379,17
41925018,"20150125","25","01","2015","0",23.88744213,22,21
41944507,"20150130","30","01","2015","5",28.54238426,25,13
41974155,"20151208","08","12","2015","2",340.9757523,339,23
42252204,"20150308","08","03","2015","0",66.04038194,59,0
42279695,"20150418","18","04","2015","6",106.7439236,32,17
42281271,"20150403","03","04","2015","5",91.75771991,86,18
42351104,"20160104","04","01","2016","1",367.9523032,366,22
42379809,"20150203","03","02","2015","2",32.87900463,32,21
42475363,"20151208","08","12","2015","2",341.4368171,340,10
42495031,"20160104","04","01","2016","1",367.8801042,350,21
42555022,"20160105","05","01","2016","2",368.6153588,334,14
42642039,"20150930","30","09","2015","3",271.5253241,257,12
42706748,"20150417","17","04","2015","5",106.4265741,102,10
42793015,"20150417","17","04","2015","5",105.8047569,101,19
42818681,"20160107","07","01","2016","4",370.6741088,355,16
42884894,"20151216","16","12","2015","3",348.7354745,351,17
42897756,"20150124","24","01","2015","6",23.45815972,21,10
42922106,"20150326","26","03","2015","4",83.68646991,32,16
42993061,"20151210","10","12","2015","4",342.7403125,344,17
43152321,"20151207","07","12","2015","1",339.5756481,339,13
43187386,"20151128","28","11","2015","6",330.8415856,334,20
43193386,"20151219","19","12","2015","6",351.6941667,317,16
43217961,"20151202","02","12","2015","3",334.5572569,328,13
43269432,"20150325","25","03","2015","3",82.78328704,32,18
43326784,"20151129","29","11","2015","0",332.4274421,331,10
43335279,"20151205","05","12","2015","6",337.5407986,339,12
43404638,"20151220","20","12","2015","0",353.4493519,351,10
43803510,"20150326","26","03","2015","4",83.62232639,35,14
43844651,"20150912","12","09","2015","6",253.5710764,145,13
43862142,"20151223","23","12","2015","3",355.5019792,320,12
43878748,"20150403","03","04","2015","5",91.6671875,43,16
44029573,"20150326","26","03","2015","4",83.61096065,35,14
44160407,"20150702","02","07","2015","4",181.643044,180,15
44169120,"20150918","18","09","2015","5",259.5678819,129,13
44169606,"20150326","26","03","2015","4",83.75263889,60,18
44211423,"20160128","28","01","2016","4",391.5308796,373,12
44255633,"20150310","10","03","2015","2",67.79398148,69,19
44463645,"20150827","27","08","2015","4",237.9711227,238,23
44598621,"20150131","31","01","2015","6",29.72194444,25,17
44623572,"20160112","12","01","2016","2",375.7228125,374,17
44687895,"20151204","04","12","2015","5",336.9469097,339,22
44779421,"20151127","27","11","2015","5",329.8204861,328,19
44867745,"20150328","28","03","2015","6",85.79969907,86,19
44892039,"20150124","24","01","2015","6",22.92626157,21,22
44927185,"20151202","02","12","2015","3",334.9087616,334,21
45067009,"20151221","21","12","2015","1",353.5018634,351,12
45244375,"20150326","26","03","2015","4",83.78326389,43,18
45293310,"20151222","22","12","2015","2",355.4773843,320,11
45357188,"20150130","30","01","2015","5",28.79905093,22,19
45580481,"20150327","27","03","2015","5",84.77377315,85,18
45582659,"20160106","06","01","2016","3",369.551412,359,13
45685244,"20160114","14","01","2016","4",377.7951852,352,19
45740273,"20160108","08","01","2016","5",371.9442824,370,22
45825573,"20160105","05","01","2016","2",368.6711343,368,16
45863335,"20160105","05","01","2016","2",368.6373727,333,15
46025078,"20160131","31","01","2016","0",394.9379514,395,22
46077422,"20160102","02","01","2016","6",365.7178472,366,17
46089917,"20150326","26","03","2015","4",83.64747685,28,15
46221582,"20160122","22","01","2016","5",385.8605903,377,20
46233386,"20160107","07","01","2016","4",370.7236921,355,17
46269850,"20151112","12","11","2015","4",314.9734838,314,23
46351919,"20150127","27","01","2015","2",25.68637731,22,16
46360894,"20160120","20","01","2016","3",383.7922685,374,19
46454142,"20150128","28","01","2015","3",26.74652778,22,17
46464610,"20150126","26","01","2015","1",25.48578704,4,11
46523078,"20150131","31","01","2015","6",29.74344907,25,17
46528593,"20151209","09","12","2015","3",341.8520255,340,20
46626598,"20150923","23","09","2015","3",264.7435764,216,17
46676194,"20151130","30","11","2015","1",332.7128009,328,17
46816817,"20151222","22","12","2015","2",354.5464236,333,13
46838614,"20151205","05","12","2015","6",337.7658449,320,18
46908275,"20151221","21","12","2015","1",354.4709954,352,11
46912449,"20151129","29","11","2015","0",331.7298958,331,17
46957455,"20160118","18","01","2016","1",381.8717245,379,20
46978852,"20150418","18","04","2015","6",106.5218866,102,12
46984835,"20160110","10","01","2016","0",374.4715625,370,11
47267353,"20160205","05","02","2016","5",400.4616204,362,11
47269857,"20151205","05","12","2015","6",337.9218519,340,22
47327306,"20150329","29","03","2015","0",86.63479167,86,15
47344771,"20150403","03","04","2015","5",91.98001157,91,23
47353122,"20160114","14","01","2016","4",377.6629167,365,15
47405812,"20150322","22","03","2015","0",80.49599537,79,11
47447435,"20160114","14","01","2016","4",377.6011806,379,14
47545727,"20160127","27","01","2016","3",390.6545486,373,15
47681562,"20150129","29","01","2015","4",28.49700231,27,11
47747005,"20160127","27","01","2016","3",390.790787,373,18
47790815,"20160205","05","02","2016","5",400.4872685,379,11
47837972,"20160206","06","02","2016","6",400.739294,379,17
48021733,"20151223","23","12","2015","3",355.7010185,320,16
48064114,"20151210","10","12","2015","4",342.8929514,339,21
48112344,"20151129","29","11","2015","0",332.153206,332,3
48245576,"20150210","10","02","2015","2",39.51174769,32,12
48264817,"20150428","28","04","2015","2",116.5002315,102,12
48437164,"20150212","12","02","2015","4",42.4896875,42,11
48451909,"20150216","16","02","2015","1",45.56543981,28,13
48478716,"20160218","18","02","2016","4",413.4438426,349,10
48566599,"20151224","24","12","2015","4",357.4192708,357,10
48583070,"20151113","13","11","2015","5",316.4121181,316,9
48711852,"20160105","05","01","2016","2",369.4621412,352,11
48874542,"20151201","01","12","2015","2",333.9733102,332,23
48885926,"20160304","04","03","2016","5",427.5346528,374,12
49036139,"20151205","05","12","2015","6",337.8771065,340,21
49051874,"20150420","20","04","2015","1",109.4999537,105,11
49059689,"20151117","17","11","2015","2",319.6734028,318,16
49226652,"20160111","11","01","2016","1",375.3889005,375,9
49249560,"20151205","05","12","2015","6",337.725787,320,17
49392448,"20151209","09","12","2015","3",341.9026505,339,21
49616996,"20151214","14","12","2015","1",346.7744213,339,18
49658715,"20151121","21","11","2015","6",323.9759375,323,23
49875021,"20150821","21","08","2015","5",231.84875,231,20
49924420,"20150629","29","06","2015","1",178.8080324,178,19
49995427,"20150128","28","01","2015","3",26.85533565,29,20
50008060,"20151212","12","12","2015","6",344.7176042,331,17
50042587,"20150325","25","03","2015","3",83.4528125,34,10
50074653,"20150326","26","03","2015","4",83.76827546,46,18
50084327,"20151207","07","12","2015","1",339.5097569,339,12
50139229,"20160130","30","01","2016","6",393.6833565,373,16
50322326,"20160109","09","01","2016","6",372.539375,375,12
50386662,"20151228","28","12","2015","1",360.6701389,356,16
50440925,"20151204","04","12","2015","5",336.777581,331,18
50513512,"20150615","15","06","2015","1",165.0185532,163,0
50519942,"20150326","26","03","2015","4",83.60748843,32,14
50618404,"20151216","16","12","2015","3",348.8690046,350,20
50668489,"20160130","30","01","2016","6",393.6439005,362,15
50738539,"20150429","29","04","2015","3",118.4392593,101,10
50883182,"20150417","17","04","2015","5",105.7481944,102,17
50895211,"20150407","07","04","2015","2",95.65606481,97,15
50919735,"20160105","05","01","2016","2",368.7197685,349,17
51017991,"20151221","21","12","2015","1",354.4437384,336,10
51105699,"20150131","31","01","2015","6",29.77346065,27,18
51267470,"20150918","18","09","2015","5",260.4979745,213,11
51273253,"20160128","28","01","2016","4",391.5448032,389,13
51480006,"20150303","03","03","2015","2",60.78960648,60,18
51570411,"20150325","25","03","2015","3",83.45320602,84,10
51580764,"20151105","05","11","2015","4",308.3260069,311,7
51621637,"20160112","12","01","2016","2",375.6810069,374,16
51675219,"20151216","16","12","2015","3",348.8827546,351,21
51688983,"20150918","18","09","2015","5",260.4536343,213,10
51758126,"20160206","06","02","2016","6",400.6709491,379,16
51804787,"20151208","08","12","2015","2",341.4342361,340,10
51816850,"20160303","03","03","2016","4",426.8302662,423,19
51971408,"20150121","21","01","2015","3",19.63253472,21,15
51996739,"20151218","18","12","2015","5",350.6254514,352,15
52252915,"20150215","15","02","2015","0",44.66415509,43,15
52465278,"20151204","04","12","2015","5",336.798912,339,19
52514473,"20150204","04","02","2015","3",33.65342593,32,15
52526919,"20160205","05","02","2016","5",400.475625,379,11
52538370,"20151130","30","11","2015","1",332.9532639,334,22
52644438,"20150617","17","06","2015","3",166.8914931,168,21
52807309,"20151204","04","12","2015","5",336.8896644,339,21
52880532,"20151215","15","12","2015","2",348.4959838,336,11
53035837,"20150130","30","01","2015","5",28.85247685,27,20
53130951,"20151129","29","11","2015","0",331.9070833,331,21
53193716,"20160106","06","01","2016","3",369.7207407,352,17
53326127,"20151223","23","12","2015","3",355.6414583,336,15
53329656,"20151126","26","11","2015","4",328.5867593,328,14
53475379,"20150418","18","04","2015","6",106.5259606,99,12
53478679,"20151219","19","12","2015","6",351.6062616,320,14
53506126,"20160213","13","02","2016","6",407.6277894,333,15
53631408,"20150130","30","01","2015","5",28.50130787,27,12
53689754,"20151208","08","12","2015","2",340.7537153,339,18
53802698,"20151207","07","12","2015","1",339.9158449,339,21
53811246,"20150501","01","05","2015","5",119.6683102,102,16
53894905,"20151203","03","12","2015","4",335.5055787,334,12
53976593,"20150409","09","04","2015","4",98.40136574,86,9
54066249,"20160106","06","01","2016","3",369.5550694,352,13
54148231,"20151222","22","12","2015","2",354.6342245,333,15
54164281,"20160228","28","02","2016","0",422.8716435,423,20
54263537,"20150327","27","03","2015","5",85.00809028,85,0
54279943,"20160206","06","02","2016","6",400.7086921,392,17
54352448,"20160106","06","01","2016","3",369.6389583,352,15
54378468,"20150402","02","04","2015","4",90.57524306,91,13
54470030,"20150507","07","05","2015","4",125.5335648,102,12
54550414,"20150112","12","01","2015","1",11.00133102,10,0
54643422,"20151203","03","12","2015","4",335.7373727,334,17
54775752,"20151221","21","12","2015","1",353.976875,353,23
54787848,"20160111","11","01","2016","1",374.9676389,370,23
54970399,"20150124","24","01","2015","6",23.44105324,23,10
55157168,"20160105","05","01","2016","2",369.4819676,352,11
55212238,"20160103","03","01","2016","0",367.0039468,366,0
55235710,"20160127","27","01","2016","3",390.7149537,373,17
55257573,"20150117","17","01","2015","6",15.50127315,13,12
55327162,"20150418","18","04","2015","6",106.500081,102,12
55349938,"20150328","28","03","2015","6",85.99864583,85,23
55377154,"20160229","29","02","2016","1",424.4486111,397,10
55603182,"20151216","16","12","2015","3",348.6354977,334,15
55607039,"20160106","06","01","2016","3",369.7280093,352,17
55646398,"20160106","06","01","2016","3",370.4916667,352,11
55646506,"20151219","19","12","2015","6",351.7218403,320,17
55697547,"20151209","09","12","2015","3",341.6767708,328,16
55774986,"20150325","25","03","2015","3",83.46728009,34,11
55787046,"20150803","03","08","2015","1",213.8819907,213,21
55816958,"20150918","18","09","2015","5",260.4635995,213,11
55860631,"20160127","27","01","2016","3",391.4984491,373,11
56046687,"20151219","19","12","2015","6",351.749537,349,17
56107256,"20151112","12","11","2015","4",315.0140856,314,0
56189352,"20150131","31","01","2015","6",30.0146875,28,0
56216631,"20160109","09","01","2016","6",373.0021412,375,0
56268855,"20150918","18","09","2015","5",259.6216088,198,14
56299382,"20150325","25","03","2015","3",82.75667824,34,18
56303770,"20150912","12","09","2015","6",253.5394097,145,12
56317255,"20151219","19","12","2015","6",351.7164699,320,17
56633857,"20150427","27","04","2015","1",116.4856944,99,11
56656760,"20151226","26","12","2015","6",358.5005093,357,12
56725452,"20150725","25","07","2015","6",204.5647338,204,13
57065386,"20150204","04","02","2015","3",34.49322917,31,11
57128384,"20160222","22","02","2016","1",417.4440741,352,10
57197274,"20151221","21","12","2015","1",353.9814583,350,23
57300101,"20150623","23","06","2015","2",173.4952894,145,11
57387685,"20151224","24","12","2015","4",356.669294,352,16
57440023,"20160107","07","01","2016","4",370.6653588,349,15
57443819,"20151204","04","12","2015","5",337.0741319,339,1
57487336,"20160205","05","02","2016","5",400.4542014,379,10
57552032,"20151128","28","11","2015","6",330.9439583,334,22
57555724,"20150202","02","02","2015","1",32.42758102,27,10
57646962,"20160206","06","02","2016","6",400.7304167,398,17
57697220,"20151224","24","12","2015","4",357.1406829,357,3
57896969,"20160125","25","01","2016","1",388.9585764,387,23
57928253,"20160306","06","03","2016","0",429.5479398,427,13
57938188,"20150124","24","01","2015","6",23.45805556,22,10
58163225,"20150207","07","02","2015","6",36.79523148,28,19
58408751,"20150509","09","05","2015","6",127.6854167,127,16
58439159,"20160106","06","01","2016","3",370.4489699,349,10
58509536,"20150520","20","05","2015","3",138.7912269,141,18
58573950,"20151231","31","12","2015","4",363.5334954,366,12
58577813,"20150918","18","09","2015","5",259.5212616,145,12
58753797,"20151226","26","12","2015","6",358.879838,357,21
58784815,"20160107","07","01","2016","4",370.5965972,359,14
58971485,"20151113","13","11","2015","5",315.9618056,314,23
59035061,"20160107","07","01","2016","4",371.4428819,349,10
59108938,"20151208","08","12","2015","2",340.5548148,339,13
59199766,"20150207","07","02","2015","6",36.77832176,28,18
59235352,"20160206","06","02","2016","6",400.5242824,373,12
59379543,"20151216","16","12","2015","3",349.4240394,350,10
59400976,"20150522","22","05","2015","5",141.4343866,141,10
59460120,"20150402","02","04","2015","4",90.56927083,91,13
59544261,"20151202","02","12","2015","3",334.7816782,334,18
59720104,"20160203","03","02","2016","3",398.3990625,389,9
59741633,"20150403","03","04","2015","5",91.87454861,91,20
59783280,"20150203","03","02","2015","2",33.37597222,32,9
59824347,"20150203","03","02","2015","2",32.76010417,25,18
59861568,"20151210","10","12","2015","4",342.9523148,344,22
60050415,"20151221","21","12","2015","1",354.4444329,353,10
60150356,"20151225","25","12","2015","5",357.8112384,357,19
60178680,"20150214","14","02","2015","6",43.76673611,42,18
60192001,"20151127","27","11","2015","5",329.7315625,331,17
60307151,"20160105","05","01","2016","2",368.6588542,333,15
60332682,"20160105","05","01","2016","2",368.6256134,333,15
60430487,"20151223","23","12","2015","3",355.7308681,357,17
60492313,"20151220","20","12","2015","0",352.6421875,351,15
60588645,"20160107","07","01","2016","4",370.9458102,370,22
60638652,"20150208","08","02","2015","0",37.92342593,37,22
60746278,"20151230","30","12","2015","3",362.944919,357,22
60749242,"20151211","11","12","2015","5",343.5588079,344,13
60786097,"20151129","29","11","2015","0",332.4714468,331,11
60869355,"20151215","15","12","2015","2",348.480625,349,11
60944735,"20150325","25","03","2015","3",82.73221065,84,17
61051981,"20150807","07","08","2015","5",217.6966667,219,16
61143500,"20160105","05","01","2016","2",368.6542593,365,15
61193493,"20151114","14","11","2015","6",316.6395949,318,15
61270511,"20151215","15","12","2015","2",348.4686343,333,11
61277462,"20150326","26","03","2015","4",83.74430556,81,17
61377782,"20151221","21","12","2015","1",354.4188079,352,10
61418435,"20150918","18","09","2015","5",259.5339236,145,12
61459785,"20151126","26","11","2015","4",328.5593287,328,13
61487886,"20150417","17","04","2015","5",105.7527894,99,18
61536246,"20150403","03","04","2015","5",92.46924769,91,11
61711545,"20150131","31","01","2015","6",29.85878472,30,20
61743700,"20150325","25","03","2015","3",82.6890625,84,16
61767959,"20160105","05","01","2016","2",368.5208796,334,12
61770335,"20151222","22","12","2015","2",354.6585532,336,15
61780253,"20150325","25","03","2015","3",83.46275463,35,11
61949230,"20151222","22","12","2015","2",354.6828935,333,16
61983185,"20150426","26","04","2015","0",114.9223727,111,22
62010218,"20151212","12","12","2015","6",344.6005093,346,14
62011974,"20151207","07","12","2015","1",339.9707176,339,23
62132019,"20150326","26","03","2015","4",83.63724537,35,15
62135461,"20151115","15","11","2015","0",317.7053819,318,16
62176309,"20151205","05","12","2015","6",337.8964236,332,21
62310371,"20150127","27","01","2015","2",25.50296296,17,12
62323231,"20150121","21","01","2015","3",19.91704861,19,22
62568804,"20160128","28","01","2016","4",391.6659144,392,15
62591993,"20151204","04","12","2015","5",336.9155671,339,21
62630853,"20151210","10","12","2015","4",342.8476273,340,20
62637506,"20150803","03","08","2015","1",213.9434259,213,22
62641559,"20160106","06","01","2016","3",369.6530093,359,15
62675382,"20150325","25","03","2015","3",83.45983796,84,11
62691603,"20150123","23","01","2015","5",22.11934028,21,2
62705764,"20151129","29","11","2015","0",331.8046875,331,19
62754155,"20150406","06","04","2015","1",94.91789352,91,22
62826765,"20151128","28","11","2015","6",331.4500463,328,10
63008192,"20150409","09","04","2015","4",98.00766204,97,0
63271948,"20150326","26","03","2015","4",83.59951389,35,14
63322807,"20150326","26","03","2015","4",83.73342593,71,17
63362095,"20151207","07","12","2015","1",339.5246296,339,12
63397236,"20150325","25","03","2015","3",83.47510417,32,11
63426566,"20150326","26","03","2015","4",83.6555787,23,15
63521733,"20151215","15","12","2015","2",347.644213,346,15
63745362,"20160113","13","01","2016","3",376.6007639,377,14
63833365,"20151222","22","12","2015","2",354.6284491,333,15
63866678,"20150729","29","07","2015","3",208.5856019,209,14
64093003,"20150326","26","03","2015","4",83.79328704,43,19
64098064,"20150125","25","01","2015","0",23.64956019,22,15
64268051,"20151220","20","12","2015","0",352.9011343,351,21
64422886,"20160116","16","01","2016","6",379.5072106,379,12
64605820,"20160103","03","01","2016","0",366.5499306,366,13
64643736,"20160223","23","02","2016","2",418.4607986,418,11
64673278,"20151228","28","12","2015","1",360.5784144,356,13
64699726,"20151120","20","11","2015","5",323.2692824,323,6
64734639,"20160105","05","01","2016","2",368.5527778,336,13
64804978,"20151127","27","11","2015","5",329.6016435,331,14
64914252,"20151116","16","11","2015","1",318.8965046,318,21
64996187,"20150131","31","01","2015","6",29.52378472,10,12
65046116,"20160102","02","01","2016","6",365.9529167,366,22
65119412,"20151225","25","12","2015","5",358.1319676,356,3
65126455,"20151222","22","12","2015","2",354.5309375,320,12
65147287,"20160107","07","01","2016","4",370.634375,349,15
65326152,"20150128","28","01","2015","3",26.74774306,27,17
65576691,"20151223","23","12","2015","3",355.6767708,357,16
65614797,"20151221","21","12","2015","1",354.4562616,349,10
65669222,"20150213","13","02","2015","5",43.48787037,43,11
65878115,"20150120","20","01","2015","2",18.67181713,12,16
65888368,"20150918","18","09","2015","5",259.6252662,198,15
65894683,"20150416","16","04","2015","4",105.3985648,105,9
65971613,"20150320","20","03","2015","5",77.75491898,79,18
66037401,"20151222","22","12","2015","2",354.595162,333,14
66044096,"20150417","17","04","2015","5",105.7638657,101,18
66097828,"20151221","21","12","2015","1",354.3862847,351,9
66166471,"20160107","07","01","2016","4",370.8466435,370,20
66168894,"20151218","18","12","2015","5",350.6200463,352,14
66529683,"20150128","28","01","2015","3",27.01962963,28,0
66751965,"20150430","30","04","2015","4",119.4683565,115,11
66856327,"20150326","26","03","2015","4",83.66560185,35,15
66883812,"20150701","01","07","2015","3",180.9590162,180,23
66912749,"20160206","06","02","2016","6",400.6831366,392,16
67137517,"20151128","28","11","2015","6",330.8493287,323,20
67484458,"20160127","27","01","2016","3",390.6907639,373,16
67580946,"20150130","30","01","2015","5",28.76949074,24,18
67673773,"20151124","24","11","2015","2",326.8857639,328,21
67780617,"20150427","27","04","2015","1",116.4790741,81,11
67890127,"20150127","27","01","2015","2",25.7305787,17,17
68000530,"20151111","11","11","2015","3",314.0497685,314,1
68140325,"20150403","03","04","2015","5",92.44353009,91,10
68362333,"20150131","31","01","2015","6",29.80829861,25,19
68370147,"20151205","05","12","2015","6",338.4916782,337,11
68591939,"20151218","18","12","2015","5",350.7862847,352,18
68593450,"20150418","18","04","2015","6",106.7316898,29,17
68755928,"20151117","17","11","2015","2",319.7191435,318,17
68926036,"20160107","07","01","2016","4",371.042419,370,1
68933514,"20160303","03","03","2016","4",427.452037,397,10
69032437,"20151126","26","11","2015","4",328.7417245,328,17
69062339,"20150919","19","09","2015","6",260.554375,216,13
69129801,"20150428","28","04","2015","2",116.5220949,102,12
69137285,"20160206","06","02","2016","6",400.7397454,379,17
69373872,"20150923","23","09","2015","3",265.4260185,216,10
69484780,"20151115","15","11","2015","0",317.6034838,316,14
69637785,"20151119","19","11","2015","4",321.9300579,323,22
69657024,"20150212","12","02","2015","4",42.45481481,42,10
69686269,"20150303","03","03","2015","2",60.51586806,60,12
69696039,"20151216","16","12","2015","3",348.926331,350,22
69715294,"20160106","06","01","2016","3",370.4962616,355,11
69752642,"20151219","19","12","2015","6",351.9290394,351,22
69813337,"20160106","06","01","2016","3",369.6957755,359,16
69933227,"20151217","17","12","2015","4",349.6871991,351,16
70087084,"20150130","30","01","2015","5",29.47971065,27,11
70253310,"20150127","27","01","2015","2",25.61510417,23,14
70346530,"20151109","09","11","2015","1",311.8860648,311,21
70419190,"20151222","22","12","2015","2",354.6076968,353,14
70586548,"20160104","04","01","2016","1",367.9985995,366,23
70658523,"20150202","02","02","2015","1",32.09959491,30,2
70690911,"20160127","27","01","2016","3",390.6844907,373,16
70710924,"20151112","12","11","2015","4",314.6674769,314,16
70740449,"20160122","22","01","2016","5",386.0005787,379,0
70840470,"20150423","23","04","2015","4",111.738912,86,17
70840745,"20150725","25","07","2015","6",205.4819792,204,11
70847722,"20151231","31","12","2015","4",364.4916088,352,11
70915663,"20150325","25","03","2015","3",82.77456019,32,18
71179205,"20150326","26","03","2015","4",83.76320602,84,18
71239692,"20160205","05","02","2016","5",400.4503356,379,10
71246681,"20150131","31","01","2015","6",29.71319444,28,17
71295020,"20151212","12","12","2015","6",344.7441782,344,17
71412551,"20150327","27","03","2015","5",84.91625,86,21
71432880,"20151204","04","12","2015","5",336.8533218,339,20
71498839,"20151216","16","12","2015","3",348.7114699,349,17
71525487,"20150507","07","05","2015","4",125.5462269,98,13
71542602,"20150903","03","09","2015","4",244.6595023,231,15
71707892,"20160105","05","01","2016","2",368.6877199,333,16
71790170,"20150720","20","07","2015","1",199.8090509,196,19
71798424,"20151223","23","12","2015","3",355.6581944,317,15
71872234,"20150912","12","09","2015","6",253.5278241,129,12
71960333,"20150813","13","08","2015","4",223.6852083,219,16
71985549,"20150617","17","06","2015","3",166.7356134,145,17
72028257,"20160305","05","03","2016","6",428.6142708,428,14
72078799,"20150807","07","08","2015","5",217.9187616,219,22
72105847,"20160101","01","01","2016","5",364.5504398,333,13
72126980,"20151223","23","12","2015","3",355.6665046,317,15
72219277,"20151216","16","12","2015","3",348.6999653,336,16
72397375,"20150211","11","02","2015","3",41.49827546,42,11
72419995,"20151206","06","12","2015","0",338.7062153,340,16
72459175,"20151223","23","12","2015","3",355.7091667,320,17
72470897,"20150212","12","02","2015","4",42.38002315,42,9
72708443,"20150911","11","09","2015","5",253.4841898,255,11
72754022,"20160112","12","01","2016","2",376.4259491,375,10
72769522,"20150325","25","03","2015","3",82.79711806,29,19
72798199,"20151230","30","12","2015","3",363.4911806,350,11
72977412,"20150429","29","04","2015","3",117.7109606,29,17
72999795,"20151210","10","12","2015","4",342.637037,344,15
73016379,"20151116","16","11","2015","1",318.9743866,318,23
73051890,"20160127","27","01","2016","3",390.6622801,373,15
73207394,"20151129","29","11","2015","0",331.6258333,332,15
73335815,"20150918","18","09","2015","5",259.5733565,129,13
73444664,"20151127","27","11","2015","5",330.4648611,331,11
73463764,"20151215","15","12","2015","2",347.7729745,344,18
73474238,"20160109","09","01","2016","6",372.8771412,375,21
73647579,"20160114","14","01","2016","4",377.9050231,377,21
73855016,"20150403","03","04","2015","5",91.92966435,91,22
73959330,"20150417","17","04","2015","5",105.9918056,105,23
73985604,"20150213","13","02","2015","5",43.46836806,42,11
74002564,"20151221","21","12","2015","1",354.493044,333,11
74085700,"20150214","14","02","2015","6",43.9705787,42,23
74182378,"20150326","26","03","2015","4",83.6180787,32,14
74341776,"20160106","06","01","2016","3",369.7318634,352,17
74395000,"20151127","27","11","2015","5",330.3736227,328,8
74643171,"20160107","07","01","2016","4",370.6847685,336,16
74722095,"20151129","29","11","2015","0",331.5580208,334,13
74746631,"20160107","07","01","2016","4",370.7126968,352,17
75031341,"20151206","06","12","2015","0",339.4170833,339,10
75083808,"20151219","19","12","2015","6",351.6602894,317,15
75374365,"20160103","03","01","2016","0",366.9534028,366,22
75378155,"20160103","03","01","2016","0",367.0194329,366,0
75429549,"20160105","05","01","2016","2",369.4324884,349,10
75567561,"20160107","07","01","2016","4",370.6976736,352,16
75567684,"20160310","10","03","2016","4",434.436331,424,10
75580612,"20151216","16","12","2015","3",348.6548611,333,15
75583332,"20160112","12","01","2016","2",375.6191667,375,14
75584042,"20160106","06","01","2016","3",369.5107639,352,12
75606099,"20151120","20","11","2015","5",323.0132176,323,0
75622875,"20151202","02","12","2015","3",334.6955208,328,16
75747938,"20160112","12","01","2016","2",375.822338,377,19
75774827,"20150330","30","03","2015","1",88.01623843,85,0
75802190,"20150619","19","06","2015","5",168.5627894,169,13
75821626,"20151207","07","12","2015","1",339.6607292,339,15
75823597,"20151217","17","12","2015","4",349.8182292,351,19
75887319,"20151201","01","12","2015","2",333.9106597,332,21
75974112,"20150326","26","03","2015","4",83.77806713,43,18
76052461,"20150809","09","08","2015","0",219.9995255,219,23
76066410,"20151112","12","11","2015","4",314.6850694,314,16
76109939,"20151130","30","11","2015","1",332.9713657,332,23
76126531,"20151128","28","11","2015","6",331.4921181,332,11
76189078,"20160106","06","01","2016","3",370.4829167,352,11
76212658,"20160206","06","02","2016","6",400.745787,373,17
76250789,"20150325","25","03","2015","3",83.47115741,35,11
76281183,"20150923","23","09","2015","3",265.4510648,216,10
76317899,"20151204","04","12","2015","5",337.4878935,339,11
76349818,"20160307","07","03","2016","1",431.4955903,397,11
76739432,"20151216","16","12","2015","3",348.6728588,333,16
76973593,"20160130","30","01","2016","6",393.6876968,379,16
77053784,"20160103","03","01","2016","0",366.9732986,365,23
77069618,"20160114","14","01","2016","4",377.6450463,377,15
77133623,"20151223","23","12","2015","3",355.5523264,336,13
77153357,"20151127","27","11","2015","5",329.9701852,332,23
77166129,"20151126","26","11","2015","4",329.4642361,328,11
77283739,"20151111","11","11","2015","3",313.5539583,314,13
77319220,"20150403","03","04","2015","5",91.56162037,91,13
77355737,"20150213","13","02","2015","5",43.48653935,31,11
77400450,"20150303","03","03","2015","2",60.51233796,60,12
77477417,"20151214","14","12","2015","1",346.978125,346,23
77514857,"20151230","30","12","2015","3",363.411875,357,9
77647346,"20160121","21","01","2016","4",384.5938426,375,14
77710158,"20150125","25","01","2015","0",24.05888889,22,1
77725637,"20160113","13","01","2016","3",376.8538194,377,20
77748949,"20150203","03","02","2015","2",32.70140046,29,16
78027519,"20160122","22","01","2016","5",385.9746875,377,23
78096234,"20150630","30","06","2015","2",179.9378935,180,22
78151694,"20150930","30","09","2015","3",271.5215394,253,12
78251014,"20150129","29","01","2015","4",27.59655093,16,14
78274084,"20151130","30","11","2015","1",332.6106829,334,14
78394560,"20150417","17","04","2015","5",105.743588,99,17
78474807,"20160107","07","01","2016","4",370.7042477,370,16
78475860,"20160108","08","01","2016","5",372.31875,370,7
78485378,"20150130","30","01","2015","5",28.75329861,13,18
78509088,"20151117","17","11","2015","2",319.9581134,318,22
78573105,"20151205","05","12","2015","6",337.9913194,331,23
78658758,"20150328","28","03","2015","6",85.68108796,85,16
78692773,"20160105","05","01","2016","2",369.4447801,352,10
78724340,"20151127","27","11","2015","5",329.5322338,328,12
78733428,"20151218","18","12","2015","5",350.6486806,340,15
78745890,"20151223","23","12","2015","3",355.6707292,320,16
78754706,"20150918","18","09","2015","5",259.7324884,206,17
78845538,"20151222","22","12","2015","2",354.6947917,317,16
78886714,"20151121","21","11","2015","6",323.7469097,323,17
78917226,"20150129","29","01","2015","4",27.70082176,10,16
79073292,"20160105","05","01","2016","2",369.488912,352,11
79105910,"20151207","07","12","2015","1",339.9490162,339,22
79151233,"20160105","05","01","2016","2",368.5055787,336,12
79300630,"20150516","16","05","2015","6",135.0537963,115,1
79325993,"20151222","22","12","2015","2",355.3361343,351,8
79384042,"20150326","26","03","2015","4",83.67311343,24,16
79490344,"20160127","27","01","2016","3",391.4812037,373,11
79510513,"20150301","01","03","2015","0",59.0874537,59,2
79524265,"20160109","09","01","2016","6",372.7458796,374,17
79557575,"20150919","19","09","2015","6",260.5273264,216,12
79572942,"20160101","01","01","2016","5",364.5356019,336,12
79586105,"20151225","25","12","2015","5",357.9155208,356,21
79586148,"20151212","12","12","2015","6",344.5105208,344,12
79679001,"20151211","11","12","2015","5",343.5915625,328,14
79726647,"20150923","23","09","2015","3",265.4649884,216,11
79740749,"20150131","31","01","2015","6",29.79685185,28,19
79834335,"20151117","17","11","2015","2",319.7981829,316,19
79884110,"20151216","16","12","2015","3",348.5060417,336,12
80014822,"20150325","25","03","2015","3",82.70009259,84,16
80052567,"20150402","02","04","2015","4",90.7543287,86,18
80070306,"20151126","26","11","2015","4",328.9059259,328,21
80080199,"20150923","23","09","2015","3",264.736169,216,17
80281187,"20151224","24","12","2015","4",356.8725,356,20
80300976,"20151208","08","12","2015","2",340.9598843,332,23
80433299,"20150327","27","03","2015","5",85.44765046,84,10
80565373,"20150129","29","01","2015","4",28.43002315,28,10
80581246,"20160104","04","01","2016","1",368.4861574,334,11
80595998,"20160101","01","01","2016","5",364.5087269,333,12
80649207,"20160116","16","01","2016","6",379.7486343,379,17
80651740,"20150426","26","04","2015","0",115.0158218,115,0
80684232,"20150117","17","01","2015","6",15.88649306,18,21
80692557,"20150427","27","04","2015","1",116.3901736,115,9
80797993,"20151222","22","12","2015","2",354.7169213,317,17
81021136,"20151216","16","12","2015","3",348.7232292,351,17
81170956,"20150201","01","02","2015","0",30.53052083,31,12
81188111,"20150702","02","07","2015","4",181.5102315,179,12
81318554,"20151112","12","11","2015","4",314.6669097,314,16
81336290,"20151205","05","12","2015","6",337.7114815,320,17
81491276,"20150423","23","04","2015","4",112.4731713,99,11
81669050,"20151214","14","12","2015","1",346.7994676,346,19
81832556,"20151231","31","12","2015","4",364.4422222,366,10
81947762,"20160116","16","01","2016","6",379.9038426,379,21
81972597,"20150130","30","01","2015","5",29.44903935,28,10
82027979,"20160105","05","01","2016","2",368.6784144,336,16
82155858,"20151130","30","11","2015","1",332.7913079,331,18
82315826,"20150523","23","05","2015","6",142.4183681,141,10
82344245,"20151205","05","12","2015","6",337.5003125,317,12
82383061,"20160105","05","01","2016","2",368.524838,336,12
82405334,"20151224","24","12","2015","4",356.6923727,356,16
82408233,"20150926","26","09","2015","6",268.376331,255,9
82618644,"20150130","30","01","2015","5",28.73012731,25,17
82623057,"20150211","11","02","2015","3",40.92084491,27,22
82846363,"20160107","07","01","2016","4",370.6315741,352,15
82888904,"20151208","08","12","2015","2",340.6094792,340,14
82972110,"20160107","07","01","2016","4",370.6032523,355,14
82976814,"20150211","11","02","2015","3",41.47699074,42,11
83079913,"20150731","31","07","2015","5",210.9727431,210,23
83473702,"20151219","19","12","2015","6",351.5515741,351,13
83498309,"20151118","18","11","2015","3",320.947037,318,22
83550791,"20150417","17","04","2015","5",105.7743634,98,18
83650268,"20160105","05","01","2016","2",368.5134375,333,12
83732108,"20160121","21","01","2016","4",384.9771991,377,23
83766141,"20150325","25","03","2015","3",83.42581019,32,10
83914388,"20150520","20","05","2015","3",138.763669,141,18
83986437,"20160105","05","01","2016","2",369.4552894,352,10
84240327,"20150131","31","01","2015","6",29.57454861,32,13
84252995,"20151219","19","12","2015","6",351.7294097,320,17
84657836,"20151222","22","12","2015","2",355.386088,356,9
84696974,"20160105","05","01","2016","2",368.6745486,333,16
84786896,"20150930","30","09","2015","3",271.5034954,206,12
84835192,"20150326","26","03","2015","4",83.62696759,35,15
84836384,"20151221","21","12","2015","1",354.3838194,353,9
84930880,"20151121","21","11","2015","6",323.5457639,323,13
85006266,"20150207","07","02","2015","6",36.76365741,29,18
85062676,"20151123","23","11","2015","1",325.9882755,323,23
85219503,"20151204","04","12","2015","5",336.7636806,339,18
85231372,"20150207","07","02","2015","6",36.74570602,24,17
85232112,"20151112","12","11","2015","4",314.7656944,314,18
85270245,"20151119","19","11","2015","4",321.5944213,323,14
85274949,"20160213","13","02","2016","6",407.6221875,334,14
85278749,"20150131","31","01","2015","6",29.99366898,28,23
85315463,"20150326","26","03","2015","4",83.66180556,32,15
85414106,"20151113","13","11","2015","5",315.6204051,318,14
85430619,"20151110","10","11","2015","2",312.7853125,314,18
85581222,"20150328","28","03","2015","6",86.32966435,86,7
85601735,"20150417","17","04","2015","5",105.7869444,101,18
85660649,"20151223","23","12","2015","3",355.5073958,320,12
85662841,"20151222","22","12","2015","2",355.4447222,351,10
85756290,"20160103","03","01","2016","0",366.9389815,366,22
85945794,"20160304","04","03","2016","5",427.7041088,387,16
86072707,"20150115","15","01","2015","4",13.97638889,10,23
86293261,"20151205","05","12","2015","6",338.2828356,340,6
86544485,"20151119","19","11","2015","4",321.909838,323,21
86572350,"20160206","06","02","2016","6",400.5485185,392,13
86750143,"20160105","05","01","2016","2",368.7086574,349,17
86809017,"20151219","19","12","2015","6",351.9561458,351,22
87001881,"20150422","22","04","2015","3",110.5088657,102,12
87088262,"20150120","20","01","2015","2",19.48340278,18,11
87169149,"20160122","22","01","2016","5",386.1617708,379,3
87185536,"20160112","12","01","2016","2",375.5903588,370,14
87190434,"20160116","16","01","2016","6",379.760162,379,18
87196929,"20160128","28","01","2016","4",391.5890394,392,14
87330549,"20151215","15","12","2015","2",348.4883796,336,11
87331254,"20151129","29","11","2015","0",331.5202083,331,12
87452223,"20160107","07","01","2016","4",371.4473843,355,10
87490160,"20151222","22","12","2015","2",354.6195602,333,14
87588690,"20150801","01","08","2015","6",211.8890741,213,21
87722788,"20160106","06","01","2016","3",370.3865509,357,9
87746186,"20160107","07","01","2016","4",370.7516667,375,18
87898918,"20150918","18","09","2015","5",259.5288889,145,12
87909822,"20151207","07","12","2015","1",339.8581944,339,20
87917134,"20151203","03","12","2015","4",335.6791435,334,16
88005481,"20151222","22","12","2015","2",354.5989005,333,14
88108809,"20151224","24","12","2015","4",356.8678704,353,20
88128462,"20160212","12","02","2016","5",406.7487384,373,17
88138203,"20150117","17","01","2015","6",15.54849537,5,13
88157888,"20160103","03","01","2016","0",366.7660069,366,18
88255952,"20151225","25","12","2015","5",357.6687037,356,16
88320215,"20151223","23","12","2015","3",355.768206,352,18
88325559,"20150213","13","02","2015","5",42.74384259,43,17
88326854,"20150403","03","04","2015","5",91.56664352,32,13
88405608,"20150130","30","01","2015","5",28.71777778,21,17
88413265,"20150423","23","04","2015","4",112.2847338,111,6
88449256,"20151110","10","11","2015","2",313.4572801,314,10
88500643,"20151112","12","11","2015","4",315.4833796,314,11
88542764,"20150523","23","05","2015","6",141.8210995,141,19
88564173,"20151208","08","12","2015","2",340.9253819,340,22
88570943,"20150130","30","01","2015","5",28.79118056,23,18
88602520,"20160107","07","01","2016","4",370.6812384,365,16
88683659,"20150529","29","05","2015","5",147.6512269,141,15
88700905,"20151216","16","12","2015","3",348.7301273,349,17
88729992,"20151222","22","12","2015","2",354.5068056,334,12
88869875,"20151205","05","12","2015","6",337.7405208,320,17
88871210,"20150125","25","01","2015","0",23.99453704,23,23
88995932,"20160103","03","01","2016","0",366.9005093,366,21
89070958,"20160112","12","01","2016","2",376.3505787,375,8
89181039,"20151106","06","11","2015","5",308.7015162,311,16
89202614,"20150430","30","04","2015","4",118.7758681,113,18
89300315,"20151211","11","12","2015","5",343.6148032,346,14
89306456,"20150417","17","04","2015","5",105.7336574,86,17
89542296,"20160219","19","02","2016","5",413.9341551,413,22
89609207,"20150626","26","06","2015","5",175.9729977,174,23
89781724,"20160216","16","02","2016","2",410.6855093,392,16
89788386,"20150429","29","04","2015","3",118.4541435,113,10
89881612,"20150127","27","01","2015","2",25.54016204,23,12
89989315,"20151222","22","12","2015","2",354.5169329,333,12
90000869,"20150728","28","07","2015","2",208.392963,209,9
90218127,"20160127","27","01","2016","3",390.6990856,373,16
90291648,"20151118","18","11","2015","3",320.5097222,318,12
90311026,"20150429","29","04","2015","3",118.4672454,113,11
90340922,"20150403","03","04","2015","5",91.70561343,81,16
90415556,"20150122","22","01","2015","4",20.54579861,14,13
90496219,"20160112","12","01","2016","2",375.8429977,375,20
90532298,"20160105","05","01","2016","2",368.9638426,366,23
90607637,"20160101","01","01","2016","5",364.9901968,366,23
90667744,"20160125","25","01","2016","1",388.9073958,389,21
90670934,"20160116","16","01","2016","6",379.9644907,379,23
90714870,"20150630","30","06","2015","2",179.9262384,178,22
90754638,"20150425","25","04","2015","6",113.5426505,35,13
90787499,"20151216","16","12","2015","3",348.5677778,336,13
91113229,"20150131","31","01","2015","6",29.83251157,29,19
91196872,"20151223","23","12","2015","3",355.9032407,352,21
91211292,"20151211","11","12","2015","5",343.8264931,346,19
91265091,"20151223","23","12","2015","3",355.5450926,333,13
91284267,"20151207","07","12","2015","1",339.9751852,339,23
91464655,"20151219","19","12","2015","6",351.5498495,351,13
91549678,"20150201","01","02","2015","0",30.64766204,30,15
91575539,"20160106","06","01","2016","3",369.7002315,359,16
91702300,"20151217","17","12","2015","4",349.9089236,350,21
91856194,"20151216","16","12","2015","3",348.6234491,333,14
91964417,"20160130","30","01","2016","6",393.6484375,359,15
92079058,"20160206","06","02","2016","6",400.6979514,392,16
92112639,"20150131","31","01","2015","6",29.89215278,29,21
92139480,"20160107","07","01","2016","4",370.985463,370,23
92159577,"20150202","02","02","2015","1",31.79429398,30,19
92407597,"20150124","24","01","2015","6",22.72643519,11,17
92507447,"20150203","03","02","2015","2",32.65677083,29,15
92517207,"20160127","27","01","2016","3",390.6431597,373,15
92574679,"20150326","26","03","2015","4",83.78802083,29,18
92606367,"20150617","17","06","2015","3",166.7041782,145,16
92618191,"20151223","23","12","2015","3",355.6879977,320,16
92644180,"20150404","04","04","2015","6",92.57152778,86,13
92719295,"20151202","02","12","2015","3",334.9081019,331,21
92769599,"20151218","18","12","2015","5",350.8790625,353,21
92885307,"20150131","31","01","2015","6",29.78790509,25,18
92900359,"20150329","29","03","2015","0",86.79488426,86,19
92903080,"20160126","26","01","2016","2",389.8842593,389,21
92990664,"20160130","30","01","2016","6",393.6519907,379,15
93113235,"20151228","28","12","2015","1",360.5945023,356,14
93127690,"20151111","11","11","2015","3",314.3708449,314,8
93188586,"20150215","15","02","2015","0",44.93748843,42,22
93242677,"20160103","03","01","2016","0",366.7858912,366,18
93403811,"20150127","27","01","2015","2",25.62462963,18,14
93580543,"20151204","04","12","2015","5",337.433588,320,10
93592898,"20151230","30","12","2015","3",362.6914699,356,16
93724430,"20160130","30","01","2016","6",393.6801968,373,16
93749739,"20150207","07","02","2015","6",36.75064815,29,18
93799182,"20151230","30","12","2015","3",362.7701157,353,18
93849161,"20151226","26","12","2015","6",358.7627083,357,18
93861947,"20150403","03","04","2015","5",91.65733796,46,15
93903925,"20151219","19","12","2015","6",351.5462269,320,13
93908272,"20151125","25","11","2015","3",327.5206366,328,12
93916891,"20160216","16","02","2016","2",410.7364236,320,17
93931754,"20151211","11","12","2015","5",343.540625,346,12
93954677,"20150917","17","09","2015","4",259.4972569,145,11
94169942,"20150411","11","04","2015","6",99.59208333,100,14
94219601,"20151211","11","12","2015","5",343.6169213,346,14
94349633,"20160109","09","01","2016","6",372.9014236,374,21
94444357,"20150723","23","07","2015","4",202.8182986,204,19
94649167,"20150426","26","04","2015","0",114.9000694,105,21
94899027,"20150203","03","02","2015","2",32.63950231,28,15
94917207,"20151123","23","11","2015","1",326.4599769,323,11
95067460,"20160116","16","01","2016","6",379.9421644,379,22
95096411,"20151111","11","11","2015","3",313.6552894,316,15
95096829,"20160206","06","02","2016","6",400.7503588,373,18
95195460,"20150923","23","09","2015","3",265.4907292,234,11
95291836,"20150731","31","07","2015","5",210.9906597,209,23
95329905,"20160206","06","02","2016","6",400.6421991,392,15
95443572,"20150126","26","01","2015","1",25.05340278,23,1
95499173,"20151128","28","11","2015","6",331.4970486,334,11
95569056,"20150130","30","01","2015","5",28.50284722,27,12
95576448,"20151221","21","12","2015","1",353.598588,352,14
95587383,"20151223","23","12","2015","3",355.634375,349,15
95759794,"20151216","16","12","2015","3",348.7441088,351,17
95819081,"20151212","12","12","2015","6",344.9159722,344,21
95953133,"20150123","23","01","2015","5",22.42638889,22,10
96129125,"20150326","26","03","2015","4",83.75984954,60,18
96188068,"20150130","30","01","2015","5",28.76460648,23,18
96308877,"20160107","07","01","2016","4",370.5998727,352,14
96317123,"20151231","31","12","2015","4",363.9597801,366,23
96350681,"20150131","31","01","2015","6",29.72931713,25,17
96442770,"20150131","31","01","2015","6",29.78100694,25,18
96471446,"20160112","12","01","2016","2",375.8850347,374,21
96472017,"20151112","12","11","2015","4",314.8152431,314,19
96476939,"20150131","31","01","2015","6",30.40623843,27,9
96492298,"20160103","03","01","2016","0",366.8835532,365,21
96732089,"20160108","08","01","2016","5",372.4776505,370,11
96783978,"20150203","03","02","2015","2",33.35581019,32,8
96990501,"20150327","27","03","2015","5",85.46372685,84,11
97137749,"20160304","04","03","2016","5",427.8673495,427,20
97343767,"20150424","24","04","2015","5",113.4812731,111,11
97353068,"20150326","26","03","2015","4",83.7228588,71,17
97456570,"20160105","05","01","2016","2",368.6440046,333,15
97513453,"20150823","23","08","2015","0",233.9777778,231,23
97632983,"20150117","17","01","2015","6",15.52883102,4,12
97690987,"20151129","29","11","2015","0",331.8880903,334,21
97736287,"20151126","26","11","2015","4",328.9113889,332,21
97782776,"20150918","18","09","2015","5",259.5954514,129,14
98058870,"20151223","23","12","2015","3",356.4193403,352,10
98088766,"20150425","25","04","2015","6",113.5435648,115,13
98126978,"20150201","01","02","2015","0",31.16265046,30,3
98287770,"20150117","17","01","2015","6",15.51638889,15,12
98316982,"20160127","27","01","2016","3",390.9091898,392,21
98325760,"20151204","04","12","2015","5",336.5912731,334,14
98326524,"20151216","16","12","2015","3",348.5771296,334,13
98429940,"20150125","25","01","2015","0",23.78537037,23,18
98519464,"20151126","26","11","2015","4",328.7308912,328,17
98546700,"20150425","25","04","2015","6",113.7586343,115,18
98611393,"20151222","22","12","2015","2",354.711713,320,17
98903367,"20160107","07","01","2016","4",370.5098611,355,12
98976964,"20160107","07","01","2016","4",370.6534144,352,15
99115647,"20151210","10","12","2015","4",342.6482986,339,15
99116042,"20151223","23","12","2015","3",355.6844097,320,16
99127219,"20160229","29","02","2016","1",424.4639815,366,11
99155650,"20151222","22","12","2015","2",354.5024537,333,12
99394518,"20160107","07","01","2016","4",370.708912,352,17
99426284,"20150809","09","08","2015","0",219.9956366,219,23
99454600,"20150618","18","06","2015","4",167.9661921,169,23
99507885,"20160127","27","01","2016","3",390.9950463,392,23
99569871,"20150320","20","03","2015","5",77.74929398,79,17
99638299,"20151215","15","12","2015","2",348.4543171,336,10
99819582,"20160106","06","01","2016","3",370.4651505,352,11
99832513,"20151127","27","11","2015","5",329.6704861,331,16
99898669,"20150207","07","02","2015","6",37.06210648,36,1
