hh_id,country,hh_size
HH10155701,gr,2
HH10155702,gr,2
HH10155703,gr,2
HH10155704,gr,2
HH10155801,gr,4
HH10155802,gr,4
HH10155803,gr,4
HH10155804,gr,4
HH10155901,gr,4
HH10155902,gr,4
HH10155903,gr,4
HH10155904,gr,4
HH10156001,gr,2
HH10156002,gr,2
HH10156003,gr,2
HH10156101,gr,2
HH10156102,gr,2
HH10156103,gr,2
HH10156104,gr,2
HH10156201,gr,1
HH10156301,gr,2
HH10156302,gr,2
HH10156303,gr,2
HH10156401,gr,3
HH10156501,gr,5
HH10156601,gr,4
HH10156602,gr,4
HH10156603,gr,4
HH10156604,gr,4
HH10156701,gr,1
HH10156702,gr,1
HH10156703,gr,1
HH10156801,gr,5
HH10156802,gr,5
HH10156803,gr,5
HH10156901,gr,3
HH10156902,gr,3
HH10156903,gr,3
HH10156904,gr,3
HH10157001,gr,3
HH10157002,gr,3
HH10157003,gr,3
HH10157004,gr,3
HH10157101,gr,4
HH10157102,gr,4
HH10157103,gr,4
HH10157104,gr,4
HH10157201,gr,2
HH10157202,gr,2
HH10157203,gr,2
HH10157204,gr,2
HH10157301,gr,4
HH10157302,gr,4
HH10157303,gr,4
HH10157304,gr,4
HH10157401,gr,2
HH10157402,gr,2
HH10157403,gr,2
HH10157501,gr,3
HH10157601,gr,1
HH10157602,gr,1
HH10157604,gr,1
HH10157701,gr,5
HH10157703,gr,5
HH10157704,gr,5
HH10157801,gr,5
HH10157901,gr,2
HH10157902,gr,2
HH10157903,gr,2
HH10157904,gr,2
HH10158001,gr,9
HH10158101,gr,2
HH10158102,gr,2
HH10158104,gr,2
HH10158201,gr,3
HH10158301,gr,4
HH10158303,gr,4
HH10158401,gr,4
HH10158403,gr,3
HH10158404,gr,4
HH10158501,gr,1
HH10158601,gr,4
HH10158603,gr,4
HH10158604,gr,4
HH10158701,gr,2
HH10158702,gr,2
HH10158703,gr,2
HH10158704,gr,2
HH10158801,gr,4
HH10158803,gr,4
HH10158804,gr,4
HH10158901,gr,5
HH10159001,gr,2
HH10159002,gr,2
HH10159003,gr,2
HH10159004,gr,2
HH10159101,gr,4
HH10159102,gr,4
HH10159103,gr,4
HH10159104,gr,4
HH10159201,gr,6
HH10159301,gr,1
HH10159302,gr,1
HH10159303,gr,1
HH10159304,gr,1
HH10159401,gr,4
HH10159402,gr,4
HH10159403,gr,4
HH10159404,gr,4
HH10159501,gr,2
HH10159502,gr,2
HH10159503,gr,2
HH10159504,gr,2
HH10159601,gr,3
HH10159602,gr,3
HH10159604,gr,3
HH10159701,gr,4
HH10159702,gr,4
HH10159703,gr,4
HH10159801,gr,2
HH10159802,gr,2
HH10159803,gr,2
HH10159804,gr,2
HH10159901,gr,4
HH10159903,gr,4
HH10159904,gr,4
HH10160001,gr,4
HH10160002,gr,4
HH10160003,gr,4
HH10160101,gr,3
HH10160201,gr,4
HH10160301,gr,2
HH10160401,gr,4
HH10160501,gr,4
HH10160503,gr,4
HH10160601,gr,3
HH10160701,gr,4
HH10160703,gr,4
HH10160801,gr,2
HH10160802,gr,2
HH10160803,gr,2
HH10160804,gr,2
HH10160901,gr,3
HH10160902,gr,3
HH10160903,gr,3
HH10160904,gr,3
HH10161001,gr,1
HH10161002,gr,1
HH10161003,gr,1
HH10161101,gr,3
HH10161102,gr,3
HH10161103,gr,3
HH10161104,gr,3
HH10161201,gr,2
HH10161202,gr,2
HH10161203,gr,2
HH10161204,gr,2
HH10161301,gr,2
HH10161302,gr,2
HH10161303,gr,2
HH10161304,gr,2
HH10161401,gr,1
HH10161403,gr,1
HH10161501,gr,1
HH10161502,gr,1
HH10161503,gr,1
HH10161504,gr,1
HH10161601,gr,2
HH10161602,gr,2
HH10161603,gr,2
HH10161701,gr,1
HH10161702,gr,1
HH10161703,gr,1
HH10161801,gr,4
HH10161802,gr,3
HH10161803,gr,4
HH10161901,gr,2
HH10161902,gr,2
HH10161903,gr,2
HH10161904,gr,2
HH10162001,gr,1
HH10162002,gr,1
HH10162003,gr,1
HH10162004,gr,1
HH10162101,gr,1
HH10162201,gr,1
HH10162203,gr,1
HH10162301,gr,1
HH10162302,gr,1
HH10162303,gr,1
HH10162304,gr,1
HH10162401,gr,1
HH10162402,gr,1
HH10162403,gr,1
HH10162501,gr,1
HH10162502,gr,1
HH10162601,gr,5
HH10162701,gr,5
HH10162702,gr,5
HH10162703,gr,5
HH10162704,gr,5
HH10162801,gr,1
HH10162802,gr,1
HH10162803,gr,1
HH10162804,gr,1
HH10162901,gr,3
HH10162902,gr,3
HH10162903,gr,3
HH10162904,gr,3
HH10163001,gr,4
HH10163101,gr,1
HH10163102,gr,1
HH10163103,gr,1
HH10163104,gr,1
HH10163201,gr,6
HH10163203,gr,1
HH10163301,gr,1
HH10163302,gr,1
HH10163303,gr,1
HH10163304,gr,1
HH10163401,gr,3
HH10163402,gr,3
HH10163403,gr,3
HH10163501,gr,3
HH10163601,gr,2
HH10163602,gr,2
HH10163603,gr,2
HH10163604,gr,2
HH10163701,gr,2
HH10163801,gr,3
HH10163802,gr,3
HH10163803,gr,3
HH10163804,gr,3
HH10163901,gr,2
HH10163902,gr,2
HH10163903,gr,2
HH10163904,gr,2
HH10164001,gr,4
HH10164101,gr,2
HH10164102,gr,2
HH10164103,gr,2
HH10164104,gr,2
HH10164201,gr,3
HH10164202,gr,3
HH10164203,gr,3
HH10164204,gr,3
HH10164301,gr,3
HH10164302,gr,3
HH10164303,gr,3
HH10164401,gr,4
HH10164402,gr,4
HH10164403,gr,4
HH10164404,gr,4
HH10164501,gr,4
HH10164601,gr,3
HH10164602,gr,3
HH10164701,gr,1
HH10164801,gr,3
HH10164802,gr,3
HH10164803,gr,3
HH10164804,gr,3
HH10164901,gr,2
HH10165001,gr,2
HH10165002,gr,2
HH10165101,gr,3
HH10165102,gr,3
HH10165103,gr,3
HH10165201,gr,1
HH10165203,gr,1
HH10165301,gr,4
HH10165302,gr,4
HH10165303,gr,4
HH10165304,gr,4
HH10165401,gr,3
HH10165402,gr,3
HH10165403,gr,3
HH10165404,gr,3
HH10165501,gr,1
HH10165502,gr,1
HH10165503,gr,1
HH10165601,gr,4
HH10165603,gr,4
HH10165604,gr,4
HH10165701,gr,4
HH10165702,gr,4
HH10165703,gr,4
HH10165704,gr,4
HH10165801,gr,4
HH10165802,gr,4
HH10165803,gr,4
HH10165901,gr,4
HH10165902,gr,4
HH10165903,gr,4
HH10165904,gr,4
HH10166001,gr,1
HH10166002,gr,1
HH10166003,gr,1
HH10166004,gr,1
HH10166101,gr,1
HH10166102,gr,1
HH10166103,gr,1
HH10166104,gr,1
HH10166201,gr,2
HH10166202,gr,2
HH10166203,gr,2
HH10166204,gr,2
HH10166301,gr,2
HH10166302,gr,2
HH10166303,gr,2
HH10166304,gr,2
HH10166401,gr,1
HH10166403,gr,1
HH10166501,gr,3
HH10166502,gr,3
HH10166503,gr,3
HH10166504,gr,3
HH10166601,gr,3
HH10166603,gr,3
HH10166701,gr,3
HH10166702,gr,3
HH10166801,gr,4
HH10166803,gr,4
HH10166804,gr,4
HH10166901,gr,4
HH10166902,gr,4
HH10166903,gr,4
HH10167001,gr,1
HH10167101,gr,2
HH10167102,gr,2
HH10167103,gr,2
HH10167104,gr,2
HH10167201,gr,9
HH10167202,gr,8
HH10167203,gr,9
HH10167301,gr,2
HH10167302,gr,2
HH10167303,gr,2
HH10167304,gr,2
HH10167401,gr,2
HH10167402,gr,2
HH10167501,gr,4
HH10167503,gr,4
HH10167504,gr,4
HH10167601,gr,4
HH10167602,gr,4
HH10167603,gr,4
HH10167604,gr,4
HH10167701,gr,3
HH10167702,gr,3
HH10167703,gr,3
HH10167704,gr,3
HH10167801,gr,1
HH10167901,gr,3
HH10167902,gr,3
HH10167903,gr,3
HH10167904,gr,3
HH10168001,gr,1
HH10168002,gr,1
HH10168003,gr,1
HH10168004,gr,1
HH10168101,gr,3
HH10168102,gr,3
HH10168103,gr,3
HH10168201,gr,2
HH10168202,gr,2
HH10168203,gr,2
HH10168204,gr,2
HH10168301,gr,3
HH10168302,gr,3
HH10168303,gr,3
HH10168304,gr,3
HH10168401,gr,2
HH10168501,gr,1
HH10168502,gr,1
HH10168504,gr,1
HH10168601,gr,2
HH10168603,gr,2
HH10168604,gr,2
HH10168701,gr,3
HH10168801,gr,3
HH10168901,gr,1
HH10168903,gr,1
HH10169001,gr,4
HH10169002,gr,4
HH10169003,gr,4
HH10169004,gr,4
HH10169101,gr,3
HH10169102,gr,3
HH10169103,gr,3
HH10169201,gr,3
HH10169202,gr,3
HH10169301,gr,4
HH10169302,gr,4
HH10169304,gr,4
HH10169401,gr,2
HH10169402,gr,2
HH10169403,gr,2
HH10169404,gr,2
HH10169501,gr,2
HH10169502,gr,2
HH10169503,gr,2
HH10169504,gr,2
HH10169601,gr,10
HH10169701,gr,3
HH10169801,gr,2
HH10169901,gr,2
HH10169902,gr,2
HH10169903,gr,2
HH10169904,gr,2
HH10170001,gr,4
HH10170002,gr,4
HH10170003,gr,4
HH10170004,gr,4
HH10170101,gr,3
HH10170102,gr,3
HH10170103,gr,3
HH10170201,gr,3
HH10170203,gr,3
HH10170204,gr,3
HH10170301,gr,1
HH10170302,gr,1
HH10170303,gr,1
HH10170304,gr,1
HH10170401,gr,3
HH10170402,gr,3
HH10170403,gr,3
HH10170501,gr,3
HH10170503,gr,3
HH10170601,gr,3
HH10170602,gr,3
HH10170603,gr,3
HH10170604,gr,3
HH10170701,gr,2
HH10170704,gr,2
HH10170801,gr,5
HH10170803,gr,5
HH10170804,gr,5
HH10170901,gr,3
HH10170904,gr,3
HH10171001,gr,1
HH10171003,gr,1
HH10171004,gr,1
HH10171101,gr,3
HH10171102,gr,3
HH10171104,gr,3
HH10171201,gr,2
HH10171202,gr,2
HH10171203,gr,2
HH10171301,gr,1
HH10171401,gr,1
HH10171501,gr,4
HH10171502,gr,4
HH10171503,gr,4
HH10171601,gr,2
HH10171602,gr,2
HH10171603,gr,2
HH10171604,gr,2
HH10171701,gr,2
HH10171702,gr,2
HH10171703,gr,3
HH10171704,gr,2
HH10171801,gr,3
HH10171802,gr,3
HH10171803,gr,3
HH10171804,gr,3
HH10171901,gr,4
HH10171902,gr,4
HH10171904,gr,4
HH10172001,gr,2
HH10172002,gr,2
HH10172003,gr,2
HH10172004,gr,2
HH10172101,gr,4
HH10172103,gr,4
HH10172104,gr,4
HH10172201,gr,2
HH10172202,gr,2
HH10172203,gr,2
HH10172301,gr,4
HH10172302,gr,4
HH10172303,gr,4
HH10172304,gr,4
HH10172401,gr,8
HH10172402,gr,3
HH10172403,gr,3
HH10172404,gr,3
HH10172501,gr,4
HH10172502,gr,4
HH10172503,gr,4
HH10172504,gr,4
HH10172601,gr,3
HH10172603,gr,3
HH10172701,gr,2
HH10172702,gr,2
HH10172703,gr,2
HH10172704,gr,2
HH10172801,gr,4
HH10172802,gr,4
HH10172803,gr,4
HH10172804,gr,4
HH10172901,gr,2
HH10172902,gr,2
HH10172903,gr,2
HH10172904,gr,2
HH10173001,gr,1
HH10173101,gr,3
HH10173102,gr,3
HH10173103,gr,3
HH10173201,gr,5
HH10173202,gr,5
HH10173203,gr,5
HH10173204,gr,6
HH10173301,gr,1
HH10173302,gr,1
HH10173303,gr,1
HH10173401,gr,2
HH10173402,gr,2
HH10173403,gr,2
HH10173501,gr,5
HH10173502,gr,5
HH10173503,gr,5
HH10173504,gr,5
HH10173601,gr,1
HH10173602,gr,1
HH10173701,gr,1
HH10173702,gr,1
HH10173703,gr,1
HH10173801,gr,3
HH10173901,gr,4
HH10173904,gr,4
HH10174001,gr,4
HH10174002,gr,4
HH10174004,gr,4
HH10174101,gr,4
HH10174201,gr,3
HH10174202,gr,3
HH10174203,gr,3
HH10174204,gr,3
HH10174301,gr,4
HH10174302,gr,4
HH10174304,gr,4
HH10174401,gr,4
HH10174402,gr,4
HH10174403,gr,4
HH10174404,gr,3
HH10174501,gr,2
HH10174503,gr,2
HH10174601,gr,9
HH10174602,gr,9
HH10174603,gr,9
HH10174604,gr,10
HH10174701,gr,3
HH10174703,gr,3
HH10174801,gr,2
HH10174901,gr,1
HH10174902,gr,1
HH10174904,gr,1
HH10175001,gr,1
HH10175002,gr,1
HH10175003,gr,1
HH10175004,gr,1
HH10175101,gr,4
HH10175102,gr,4
HH10175103,gr,4
HH10175104,gr,4
HH10175201,gr,3
HH10175202,gr,3
HH10175203,gr,3
HH10175204,gr,3
HH10175301,gr,1
HH10175302,gr,1
HH10175304,gr,1
HH10175401,gr,3
HH10175402,gr,3
HH10175403,gr,3
HH10175404,gr,3
HH10175501,gr,4
HH10175502,gr,4
HH10175503,gr,4
HH10175601,gr,2
HH10175604,gr,2
HH10175701,gr,4
HH10175801,gr,3
HH10175802,gr,3
HH10175804,gr,3
HH10175901,gr,1
HH10175902,gr,2
HH10175903,gr,2
HH10175904,gr,2
HH10176001,gr,4
HH10176002,gr,4
HH10176003,gr,4
HH10176004,gr,4
HH10176101,gr,1
HH10176201,gr,2
HH10176202,gr,2
HH10176204,gr,2
HH10176301,gr,3
HH10176302,gr,3
HH10176303,gr,3
HH10176304,gr,3
HH10176401,gr,4
HH10176402,gr,4
HH10176403,gr,4
HH10176404,gr,4
HH10176501,gr,3
HH10176502,gr,3
HH10176504,gr,3
HH10176601,gr,1
HH10176602,gr,1
HH10176603,gr,1
HH10176604,gr,1
HH10176701,gr,3
HH10176702,gr,3
HH10176704,gr,4
HH10176801,gr,2
HH10176901,gr,3
HH10176902,gr,3
HH10176903,gr,3
HH10176904,gr,3
HH10177001,gr,2
HH10177101,gr,1
HH10177102,gr,1
HH10177103,gr,1
HH10177104,gr,1
HH10177201,gr,3
HH10177301,gr,5
HH10177303,gr,5
HH10177401,gr,3
HH10177403,gr,3
HH10177404,gr,3
HH10177501,gr,3
HH10177502,gr,3
HH10177503,gr,3
HH10177504,gr,3
HH10177601,gr,1
HH10177602,gr,1
HH10177701,gr,3
HH10177702,gr,3
HH10177703,gr,3
HH10177801,gr,4
HH10177802,gr,4
HH10177803,gr,4
HH10177804,gr,4
HH10177901,gr,4
HH10177902,gr,4
HH10177903,gr,4
HH10178001,gr,4
HH10178002,gr,4
HH10178003,gr,4
HH10178101,gr,2
HH10178102,gr,2
HH10178103,gr,2
HH10178104,gr,2
HH10178201,gr,3
HH10178202,gr,3
HH10178203,gr,3
HH10178301,gr,5
HH10178302,gr,5
HH10178303,gr,5
HH10178304,gr,5
HH10178401,gr,3
HH10178402,gr,3
HH10178403,gr,3
HH10178501,gr,3
HH10178502,gr,3
HH10178503,gr,3
HH10178601,gr,3
HH10178701,gr,4
HH10178801,gr,2
HH10178802,gr,1
HH10178901,gr,4
HH10178902,gr,4
HH10178903,gr,4
HH10178904,gr,4
HH10179001,gr,3
HH10179002,gr,2
HH10179003,gr,4
HH10179101,gr,2
HH10179102,gr,2
HH10179103,gr,2
HH10179104,gr,2
HH10179201,gr,4
HH10179202,gr,4
HH10179203,gr,4
HH10179204,gr,4
HH10179301,gr,1
HH10179302,gr,1
HH10179303,gr,1
HH10179304,gr,1
HH10179401,gr,4
HH10179402,gr,4
HH10179404,gr,4
HH10179501,gr,3
HH10179503,gr,3
HH10179504,gr,3
HH10179601,gr,4
HH10179602,gr,4
HH10179701,gr,4
HH10179702,gr,4
HH10179703,gr,4
HH10179704,gr,4
HH10179801,gr,1
HH10179901,gr,1
HH10179903,gr,1
HH10180001,gr,1
HH10180004,gr,1
HH10180101,gr,2
HH10180102,gr,2
HH10180103,gr,2
HH10180201,gr,5
HH10180202,gr,5
HH10180301,gr,4
HH10180302,gr,4
HH10180401,gr,4
HH10180501,gr,2
HH10180502,gr,2
HH10180503,gr,2
HH10180504,gr,2
HH10180601,gr,3
HH10180701,gr,4
HH10180703,gr,4
HH10180704,gr,4
HH10180801,gr,1
HH10180802,gr,1
HH10180803,gr,1
HH10180804,gr,1
HH10180901,gr,2
HH10180902,gr,1
HH10180903,gr,2
HH10180904,gr,2
HH10181001,gr,3
HH10181002,gr,3
HH10181003,gr,3
HH10181101,gr,4
HH10181102,gr,4
HH10181201,gr,1
HH10181202,gr,1
HH10181203,gr,1
HH10181301,gr,1
HH10181304,gr,1
HH10181401,gr,4
HH10181403,gr,4
HH10181501,gr,1
HH10181503,gr,1
HH10181504,gr,1
HH10181601,gr,2
HH10181602,gr,2
HH10181603,gr,2
HH10181701,gr,1
HH10181702,gr,1
HH10181703,gr,1
HH10181704,gr,1
HH10181801,gr,1
HH10181802,gr,1
HH10181803,gr,1
HH10181804,gr,1
HH10181901,gr,3
HH10181902,gr,3
HH10181904,gr,3
HH10182001,gr,2
HH10182101,gr,1
HH10182102,gr,1
HH10182103,gr,5
HH10182201,gr,2
HH10182202,gr,2
HH10182203,gr,2
HH10182204,gr,2
HH10182301,gr,6
HH10182401,gr,1
HH10182501,gr,4
HH10182502,gr,4
HH10182601,gr,1
HH10182701,gr,2
HH10182702,gr,2
HH10182703,gr,2
HH10182704,gr,2
HH10182801,gr,4
HH10182802,gr,4
HH10182803,gr,4
HH10182804,gr,4
HH10182901,gr,1
HH10182902,gr,1
HH10182903,gr,1
HH10183001,gr,1
HH10183002,gr,1
HH10183003,gr,1
HH10183101,gr,5
HH10183103,gr,5
HH10183201,gr,4
HH10183202,gr,4
HH10183203,gr,4
HH10183204,gr,4
HH10183301,gr,6
HH10183302,gr,6
HH10183304,gr,6
HH10183401,gr,3
HH10183402,gr,3
HH10183501,gr,4
HH10183503,gr,4
HH10183504,gr,4
HH10183601,gr,3
HH10183602,gr,3
HH10183603,gr,3
HH10183604,gr,3
HH10183701,gr,4
HH10183703,gr,4
HH10183801,gr,1
HH10183802,gr,1
HH10183803,gr,1
HH10183901,gr,2
HH10183902,gr,2
HH10183903,gr,2
HH10184001,gr,3
HH10184003,gr,3
HH10184101,gr,4
HH10184102,gr,4
HH10184104,gr,4
HH10184201,gr,3
HH10184202,gr,3
HH10184203,gr,3
HH10184204,gr,3
HH10184301,gr,3
HH10184302,gr,3
HH10184303,gr,3
HH10184304,gr,3
HH10184401,gr,3
HH10184403,gr,3
HH10184501,gr,1
HH10184502,gr,1
HH10184503,gr,1
HH10184504,gr,1
HH10184601,gr,2
HH10184602,gr,2
HH10184603,gr,2
HH10184604,gr,2
HH10184701,gr,5
HH10184702,gr,6
HH10184703,gr,5
HH10184704,gr,5
HH10184801,gr,5
HH10184803,gr,5
HH10184901,gr,4
HH10184902,gr,4
HH10184903,gr,4
HH10184904,gr,4
HH10185001,gr,2
HH10185002,gr,2
HH10185004,gr,2
HH10185101,gr,4
HH10185103,gr,4
HH10185104,gr,4
HH10185201,gr,2
HH10185202,gr,2
HH10185203,gr,2
HH10185204,gr,2
HH10185301,gr,2
HH10185303,gr,2
HH10185401,gr,2
HH10185402,gr,2
HH10185403,gr,2
HH10185404,gr,2
HH10185501,gr,2
HH10185503,gr,2
HH10185601,gr,4
HH10185602,gr,4
HH10185603,gr,4
HH10185604,gr,4
HH10185701,gr,2
HH10185702,gr,2
HH10185703,gr,2
HH10185801,gr,1
HH10185804,gr,1
HH10185901,gr,1
HH10186001,gr,3
HH10186002,gr,3
HH10186003,gr,3
HH10186004,gr,3
HH10186101,gr,4
HH10186102,gr,4
HH10186103,gr,4
HH10186104,gr,4
HH10186201,gr,2
HH10186202,gr,2
HH10186203,gr,2
HH10186204,gr,2
HH10186301,gr,5
HH10186302,gr,5
HH10186303,gr,5
HH10186304,gr,5
HH10186401,gr,3
HH10186501,gr,3
HH10186502,gr,3
HH10186601,gr,2
HH10186602,gr,2
HH10186604,gr,2
HH10186701,gr,2
HH10186702,gr,2
HH10186703,gr,2
HH10186801,gr,4
HH10186901,gr,3
HH10187001,gr,2
HH10187101,gr,3
HH10187201,gr,3
HH10187202,gr,3
HH10187204,gr,3
HH10187301,gr,3
HH10187302,gr,3
HH10187401,gr,3
HH10187501,gr,2
HH10187502,gr,2
HH10187503,gr,2
HH10187504,gr,2
HH10187601,gr,4
HH10187701,gr,6
HH10187702,gr,6
HH10187703,gr,6
HH10187704,gr,6
HH10187801,gr,2
HH10187901,gr,1
HH10188001,gr,3
HH10188002,gr,3
HH10188003,gr,3
HH10188101,gr,3
HH10188201,gr,2
HH10188203,gr,2
HH10188204,gr,2
HH10188301,gr,3
HH10188302,gr,3
HH10188303,gr,3
HH10188304,gr,3
HH10188401,gr,4
HH10188501,gr,4
HH10188503,gr,4
HH10188601,gr,2
HH10188602,gr,2
HH10188603,gr,2
HH10188604,gr,2
HH10188701,gr,3
HH10188703,gr,3
HH10188704,gr,3
HH10188801,gr,2
HH10188802,gr,2
HH10188804,gr,2
HH10188901,gr,2
HH10188902,gr,2
HH10188904,gr,2
HH10189001,gr,1
HH10189002,gr,1
HH10189003,gr,1
HH10189101,gr,4
HH10189102,gr,4
HH10189201,gr,2
HH10189202,gr,2
HH10189301,gr,4
HH10189401,gr,2
HH10189402,gr,2
HH10189403,gr,2
HH10189404,gr,2
HH10189501,gr,1
HH10189502,gr,1
HH10189504,gr,1
HH10189601,gr,4
HH10189603,gr,4
HH10189701,gr,4
HH10189702,gr,4
HH10189703,gr,4
HH10189704,gr,4
HH10189801,gr,2
HH10189901,gr,4
HH10189902,gr,4
HH10189903,gr,4
HH10189904,gr,4
HH10190001,gr,5
HH10190002,gr,5
HH10190003,gr,5
HH10190004,gr,5
HH10190101,gr,3
HH10190102,gr,3
HH10190103,gr,3
HH10190201,gr,2
HH10190202,gr,2
HH10190204,gr,2
HH10190301,gr,3
HH10190401,gr,4
HH10190402,gr,4
HH10190501,gr,3
HH10190502,gr,3
HH10190503,gr,3
HH10190601,gr,4
HH10190701,gr,4
HH10190801,gr,4
HH10190802,gr,4
HH10190803,gr,4
HH10190804,gr,4
HH10190901,gr,4
HH10190902,gr,4
HH10190903,gr,4
HH10190904,gr,4
HH10191001,gr,3
HH10191003,gr,3
HH10191101,gr,4
HH10191102,gr,4
HH10191201,gr,1
HH10191301,gr,4
HH10191303,gr,4
HH10191401,gr,4
HH10191402,gr,4
HH10191403,gr,4
HH10191404,gr,4
HH10191501,gr,5
HH10191503,gr,5
HH10191601,gr,3
HH10191701,gr,4
HH10191702,gr,4
HH10191801,gr,1
HH10191802,gr,1
HH10191803,gr,1
HH10191901,gr,3
HH10191903,gr,3
HH10191904,gr,3
HH10192001,gr,1
HH10192002,gr,1
HH10192003,gr,1
HH10192004,gr,1
HH10192101,gr,1
HH10192102,gr,1
HH10192103,gr,1
HH10192104,gr,1
HH10192201,gr,4
HH10192202,gr,4
HH10192203,gr,4
HH10192204,gr,4
HH10192301,gr,2
HH10192401,gr,3
HH10192402,gr,3
HH10192403,gr,3
HH10192501,gr,4
HH10192502,gr,4
HH10192503,gr,4
HH10192601,gr,3
HH10192602,gr,3
HH10192603,gr,3
HH10192701,gr,3
HH10192703,gr,3
HH10192704,gr,3
HH10192801,gr,2
HH10192802,gr,2
HH10192803,gr,2
HH10192901,gr,4
HH10193001,gr,2
HH10193002,gr,2
HH10193003,gr,2
HH10193004,gr,2
HH10193101,gr,1
HH10193102,gr,1
HH10193201,gr,2
HH10193202,gr,2
HH10193203,gr,2
HH10193301,gr,4
HH10193401,gr,2
HH10193402,gr,2
HH10193501,gr,4
HH10193502,gr,4
HH10193503,gr,4
HH10193504,gr,4
HH10193601,gr,6
HH10193603,gr,4
HH10193604,gr,4
HH10193701,gr,4
HH10193801,gr,2
HH10193802,gr,2
HH10193803,gr,2
HH10193901,gr,4
HH10193903,gr,4
HH10194001,gr,2
HH10194002,gr,2
HH10194003,gr,2
HH10194004,gr,2
HH10194101,gr,5
HH10194102,gr,5
HH10194201,gr,1
HH10194301,gr,3
HH10194302,gr,3
HH10194303,gr,3
HH10194304,gr,3
HH10194401,gr,3
HH10194402,gr,3
HH10194403,gr,3
HH10194404,gr,3
HH10194501,gr,4
HH10194601,gr,2
HH10194701,gr,4
HH10194801,gr,4
HH10194901,gr,2
HH10195001,gr,4
HH10195002,gr,4
HH10195003,gr,4
HH10195004,gr,4
HH10195101,gr,2
HH10195201,gr,2
HH10195202,gr,2
HH10195204,gr,2
HH10195301,gr,2
HH10195302,gr,2
HH10195401,gr,4
HH10195402,gr,4
HH10195403,gr,4
HH10195404,gr,4
HH10195501,gr,1
HH10195502,gr,1
HH10195503,gr,1
HH10195504,gr,1
HH10195601,gr,3
HH10195602,gr,3
HH10195701,gr,1
HH10195702,gr,1
HH10195704,gr,1
HH10195801,gr,4
HH10195802,gr,4
HH10195803,gr,4
HH10195804,gr,4
HH10195901,gr,2
HH10195902,gr,2
HH10195903,gr,2
HH10195904,gr,2
HH10196001,gr,2
HH10196101,gr,4
HH10196102,gr,4
HH10196103,gr,3
HH10196104,gr,4
HH10196201,gr,2
HH10196301,gr,2
HH10196401,gr,3
HH10196402,gr,3
HH10196403,gr,3
HH10196404,gr,3
HH10196501,gr,1
HH10196502,gr,1
HH10196503,gr,1
HH10196504,gr,1
HH10196601,gr,4
HH10196701,gr,3
HH10196801,gr,2
HH10196802,gr,2
HH10196803,gr,2
HH10196804,gr,2
HH10196901,gr,3
HH10196902,gr,3
HH10196904,gr,3
HH10197001,gr,2
HH10197002,gr,2
HH10197101,gr,3
HH10197103,gr,3
HH10197104,gr,3
HH10197201,gr,2
HH10197202,gr,2
HH10197203,gr,2
HH10197204,gr,2
HH10197301,gr,3
HH10197401,gr,2
HH10197402,gr,2
HH10197403,gr,2
HH10197501,gr,2
HH10197502,gr,2
HH10197601,gr,4
HH10197603,gr,4
HH10197604,gr,4
HH10197701,gr,2
HH10197801,gr,2
HH10197802,gr,2
HH10197803,gr,2
HH10197804,gr,2
HH10197901,gr,3
HH10197902,gr,3
HH10197903,gr,3
HH10197904,gr,3
HH10198001,gr,2
HH10198002,gr,2
HH10198003,gr,2
HH10198101,gr,4
HH10198102,gr,4
HH10198103,gr,4
HH10198201,gr,3
HH10198202,gr,3
HH10198203,gr,3
HH10198204,gr,3
HH10198301,gr,5
HH10198401,gr,3
HH10198402,gr,3
HH10198403,gr,3
HH10198501,gr,2
HH10198502,gr,2
HH10198503,gr,2
HH10198504,gr,2
HH10198601,gr,3
HH10198602,gr,3
HH10198603,gr,3
HH10198604,gr,3
HH10198701,gr,3
HH10198702,gr,3
HH10198704,gr,3
HH10198801,gr,2
HH10198802,gr,2
HH10198803,gr,2
HH10198804,gr,2
HH10198901,gr,2
HH10198902,gr,2
HH10198903,gr,2
HH10198904,gr,2
HH10199001,gr,5
HH10199101,gr,2
HH10199201,gr,4
HH10199301,gr,4
HH10199302,gr,4
HH10199303,gr,4
HH10199304,gr,4
HH10199401,gr,4
HH10199501,gr,3
HH10199502,gr,3
HH10199503,gr,3
HH10199504,gr,3
HH10199601,gr,3
HH10199701,gr,1
HH10199702,gr,1
HH10199703,gr,1
HH10199704,gr,1
HH10199801,gr,4
HH10199802,gr,4
HH10199803,gr,4
HH10199901,gr,5
HH10199902,gr,5
HH10199904,gr,5
HH10200001,gr,2
HH10200002,gr,2
HH10200003,gr,2
HH10200004,gr,2
HH10200101,gr,2
HH10200102,gr,2
HH10200201,gr,1
HH10200202,gr,1
HH10200203,gr,1
HH10200204,gr,1
HH10200301,gr,5
HH10200401,gr,5
HH10200403,gr,9
HH10200404,gr,8
HH10200501,gr,2
HH10200502,gr,2
HH10200503,gr,2
HH10200601,gr,2
HH10200602,gr,2
HH10200603,gr,2
HH10200604,gr,2
HH10200701,gr,3
HH10200702,gr,3
HH10200703,gr,3
HH10200801,gr,4
HH10200901,gr,2
HH10200902,gr,1
HH10200903,gr,2
HH10200904,gr,2
HH10201001,gr,2
HH10201002,gr,2
HH10201004,gr,2
HH10201101,gr,4
HH10201201,gr,2
HH10201202,gr,2
HH10201203,gr,2
HH10201204,gr,2
HH10201301,gr,4
HH10201303,gr,4
HH10201304,gr,4
HH10201401,gr,2
HH10201402,gr,2
HH10201403,gr,2
HH10201404,gr,2
HH10201501,gr,2
HH10201502,gr,2
HH10201503,gr,2
HH10201601,gr,4
HH10201602,gr,4
HH10201603,gr,4
HH10201604,gr,4
HH10201701,gr,2
HH10201801,gr,1
HH10201802,gr,1
HH10201803,gr,1
HH10201804,gr,1
HH10201901,gr,3
HH10201902,gr,3
HH10201904,gr,3
HH10202001,gr,5
HH10202002,gr,5
HH10202003,gr,5
HH10202101,gr,4
HH10202102,gr,4
HH10202201,gr,7
HH10202203,gr,7
HH10202204,gr,7
HH10202301,gr,3
HH10202302,gr,3
HH10202304,gr,3
HH10202401,gr,5
HH10202501,gr,4
HH10202502,gr,4
HH10202503,gr,4
HH10202504,gr,4
HH10202601,gr,4
HH10202602,gr,4
HH10202603,gr,4
HH10202604,gr,4
HH10202701,gr,4
HH10202702,gr,4
HH10202703,gr,4
HH10202801,gr,4
HH10202802,gr,4
HH10202803,gr,4
HH10202804,gr,4
HH10202901,gr,4
HH10202902,gr,4
HH10202903,gr,4
HH10203001,gr,1
HH10203002,gr,1
HH10203004,gr,1
HH10203101,gr,2
HH10203201,gr,3
HH10203202,gr,3
HH10203203,gr,3
HH10203204,gr,3
HH10203301,gr,2
HH10203302,gr,2
HH10203303,gr,2
HH10203304,gr,2
HH10203401,gr,2
HH10203402,gr,2
HH10203403,gr,2
HH10203404,gr,2
HH10203501,gr,3
HH10203502,gr,3
HH10203503,gr,3
HH10203504,gr,3
HH10203601,gr,4
HH10203602,gr,4
HH10203603,gr,4
HH10203604,gr,4
HH10203701,gr,3
HH10203801,gr,2
HH10203804,gr,2
HH10203901,gr,2
HH10203902,gr,2
HH10203903,gr,2
HH10203904,gr,2
HH10204001,gr,2
HH10204002,gr,2
HH10204003,gr,2
HH10204101,gr,3
HH10204102,gr,3
HH10204201,gr,3
HH10204203,gr,2
HH10204301,gr,3
HH10204401,gr,3
HH10204402,gr,3
HH10204404,gr,3
HH10204501,gr,4
HH10204601,gr,4
HH10204602,gr,4
HH10204603,gr,4
HH10204701,gr,1
HH10204702,gr,1
HH10204801,gr,2
HH10204901,gr,4
HH10204902,gr,4
HH10204903,gr,4
HH10205001,gr,2
HH10205101,gr,4
HH10205102,gr,4
HH10205103,gr,4
HH10205104,gr,4
HH10205201,gr,1
HH10205301,gr,2
HH10205302,gr,2
HH10205303,gr,2
HH10205304,gr,2
HH10205401,gr,2
HH10205402,gr,2
HH10205404,gr,2
HH10205501,gr,2
HH10205502,gr,2
HH10205503,gr,2
HH10205601,gr,3
HH10205602,gr,3
HH10205603,gr,3
HH10205604,gr,2
HH10205701,gr,2
HH10205703,gr,2
HH10205801,gr,2
HH10205901,gr,3
HH10205902,gr,3
HH10205903,gr,3
HH10205904,gr,3
HH10206001,gr,3
HH10206002,gr,3
HH10206003,gr,3
HH10206101,gr,3
HH10206102,gr,3
HH10206103,gr,3
HH10206104,gr,3
HH10206201,gr,1
HH10206202,gr,1
HH10206203,gr,1
HH10206204,gr,1
HH10206301,gr,4
HH10206401,gr,1
HH10206402,gr,5
HH10206403,gr,5
HH10206404,gr,5
HH10206501,gr,3
HH10206502,gr,3
HH10206601,gr,2
HH10206701,gr,2
HH10206702,gr,2
HH10206801,gr,4
HH10206802,gr,4
HH10206901,gr,1
HH10206902,gr,1
HH10206903,gr,1
HH10206904,gr,1
HH10207001,gr,1
HH10207002,gr,1
HH10207003,gr,1
HH10207004,gr,1
HH10207101,gr,3
HH10207103,gr,3
HH10207104,gr,3
HH10207201,gr,2
HH10207202,gr,2
HH10207203,gr,2
HH10207204,gr,3
HH10207301,gr,2
HH10207401,gr,4
HH10207501,gr,2
HH10207601,gr,4
HH10207602,gr,4
HH10207603,gr,2
HH10207604,gr,4
HH10207701,gr,2
HH10207702,gr,2
HH10207704,gr,2
HH10207801,gr,5
HH10207802,gr,5
HH10207803,gr,5
HH10207804,gr,5
HH10207901,gr,4
HH10208001,gr,4
HH10208002,gr,4
HH10208003,gr,4
HH10208004,gr,4
HH10208101,gr,4
HH10208102,gr,4
HH10208104,gr,2
HH10208201,gr,2
HH10208202,gr,2
HH10208204,gr,2
HH10208301,gr,3
HH10208302,gr,3
HH10208303,gr,3
HH10208304,gr,3
HH10208401,gr,2
HH10208402,gr,2
HH10208403,gr,2
HH10208501,gr,3
HH10208502,gr,3
HH10208503,gr,3
HH10208504,gr,3
HH10208601,gr,2
HH10208602,gr,2
HH10208603,gr,2
HH10208604,gr,2
HH10208701,gr,2
HH10208702,gr,2
HH10208703,gr,2
HH10208704,gr,2
HH10208801,gr,4
HH10208802,gr,3
HH10208803,gr,2
HH10208804,gr,1
HH10208901,gr,4
HH10208902,gr,4
HH10208903,gr,4
HH10209001,gr,4
HH10209101,gr,2
HH10209201,gr,4
HH10209202,gr,4
HH10209204,gr,4
HH10209301,gr,3
HH10209302,gr,3
HH10209303,gr,3
HH10209304,gr,3
HH10209401,gr,3
HH10209402,gr,3
HH10209403,gr,3
HH10209404,gr,3
HH10209501,gr,4
HH10209502,gr,4
HH10209504,gr,4
HH10209601,gr,3
HH10209701,gr,1
HH10209702,gr,1
HH10209703,gr,1
HH10209704,gr,1
HH10209801,gr,2
HH10209803,gr,2
HH10209804,gr,2
HH10209901,gr,1
HH10210001,gr,1
HH10210003,gr,1
HH10210004,gr,1
HH10210101,gr,3
HH10210102,gr,3
HH10210103,gr,3
HH10210201,gr,1
HH10210301,gr,2
HH10210302,gr,2
HH10210303,gr,2
HH10210304,gr,2
HH10210401,gr,3
HH10210402,gr,3
HH10210403,gr,3
HH10210404,gr,3
HH10210501,gr,4
HH10210502,gr,4
HH10210601,gr,2
HH10210602,gr,1
HH10210701,gr,1
HH10210702,gr,1
HH10210703,gr,1
HH10210801,gr,2
HH10210803,gr,2
HH10210804,gr,2
HH10210901,gr,2
HH10210903,gr,2
HH10210904,gr,2
HH10211001,gr,1
HH10211101,gr,2
HH10211201,gr,2
HH10211202,gr,2
HH10211203,gr,2
HH10211204,gr,2
HH10211301,gr,5
HH10211303,gr,5
HH10211401,gr,3
HH10211402,gr,3
HH10211403,gr,3
HH10211404,gr,3
HH10211501,gr,3
HH10211503,gr,3
HH10211504,gr,3
HH10211601,gr,1
HH10211602,gr,1
HH10211603,gr,1
HH10211604,gr,1
HH10211701,gr,3
HH10211801,gr,4
HH10211802,gr,4
HH10211901,gr,4
HH10211903,gr,4
HH10212001,gr,2
HH10212101,gr,3
HH10212102,gr,3
HH10212104,gr,3
HH10212201,gr,4
HH10212301,gr,3
HH10212303,gr,3
HH10212401,gr,2
HH10212402,gr,2
HH10212403,gr,2
HH10212404,gr,3
HH10212501,gr,3
HH10212502,gr,3
HH10212503,gr,3
HH10212504,gr,3
HH10212601,gr,1
HH10212602,gr,1
HH10212604,gr,1
HH10212701,gr,2
HH10212702,gr,2
HH10212703,gr,2
HH10212704,gr,2
HH10212801,gr,6
HH10212802,gr,6
HH10212803,gr,7
HH10212804,gr,8
HH10212901,gr,3
HH10213001,gr,4
HH10213101,gr,1
HH10213102,gr,1
HH10213103,gr,2
HH10213201,gr,2
HH10213202,gr,2
HH10213203,gr,2
HH10213204,gr,2
HH10213301,gr,2
HH10213401,gr,4
HH10213402,gr,4
HH10213403,gr,4
HH10213501,gr,3
HH10213502,gr,3
HH10213503,gr,3
HH10213504,gr,3
HH10213601,gr,2
HH10213602,gr,2
HH10213603,gr,2
HH10213604,gr,2
HH10213701,gr,2
HH10213702,gr,2
HH10213703,gr,2
HH10213704,gr,2
HH10213801,gr,4
HH10213802,gr,4
HH10213803,gr,4
HH10213804,gr,4
HH10213901,gr,3
HH10213902,gr,3
HH10213903,gr,3
HH10213904,gr,3
HH10214001,gr,4
HH10214002,gr,4
HH10214003,gr,4
HH10214004,gr,4
HH10214101,gr,5
HH10214103,gr,5
HH10214104,gr,5
HH10214201,gr,1
HH10214202,gr,1
HH10214301,gr,2
HH10214401,gr,4
HH10214402,gr,4
HH10214403,gr,4
HH10214404,gr,4
HH10214501,gr,1
HH10214601,gr,3
HH10214602,gr,3
HH10214603,gr,3
HH10214604,gr,3
HH10214701,gr,2
HH10214702,gr,2
HH10214703,gr,2
HH10214704,gr,2
HH10214801,gr,3
HH10214901,gr,2
HH10214902,gr,2
HH10215001,gr,4
HH10215003,gr,4
HH10215004,gr,2
HH10215101,gr,3
HH10215103,gr,3
HH10215201,gr,4
HH10215202,gr,4
HH10215301,gr,3
HH10215302,gr,3
HH10215401,gr,2
HH10215402,gr,2
HH10215403,gr,2
HH10215404,gr,2
HH10215501,gr,1
HH10215502,gr,1
HH10215503,gr,1
HH10215504,gr,1
HH10215601,gr,2
HH10215701,gr,3
HH10215703,gr,3
HH10215801,gr,4
HH10215901,gr,2
HH10215903,gr,2
HH10215904,gr,2
HH10216001,gr,4
HH10216002,gr,4
HH10216003,gr,4
HH10216101,gr,2
HH10216103,gr,2
HH10216201,gr,2
HH10216301,gr,2
HH10216401,gr,5
HH10216402,gr,5
HH10216404,gr,5
HH10216501,gr,2
HH10216502,gr,2
HH10216503,gr,2
HH10216504,gr,2
HH10216601,gr,5
HH10216603,gr,5
HH10216604,gr,5
HH10216701,gr,3
HH10216702,gr,3
HH10216703,gr,3
HH10216704,gr,3
HH10216801,gr,4
HH10216802,gr,4
HH10216803,gr,4
HH10216901,gr,4
HH10216902,gr,4
HH10216903,gr,4
HH10216904,gr,4
HH10217001,gr,4
HH10217101,gr,4
HH10217201,gr,4
HH10217202,gr,4
HH10217203,gr,4
HH10217204,gr,4
HH10217301,gr,2
HH10217302,gr,2
HH10217303,gr,2
HH10217304,gr,2
HH10217401,gr,4
HH10217501,gr,2
HH10217502,gr,1
HH10217503,gr,2
HH10217504,gr,1
HH10217601,gr,4
HH10217602,gr,4
HH10217603,gr,4
HH10217604,gr,4
HH10217701,gr,4
HH10217702,gr,4
HH10217704,gr,4
HH10217801,gr,1
HH10217802,gr,1
HH10217803,gr,1
HH10217901,gr,2
HH10217902,gr,2
HH10217903,gr,2
HH10217904,gr,2
HH10218001,gr,3
HH10218101,gr,2
HH10218102,gr,2
HH10218103,gr,2
HH10218104,gr,2
HH10218201,gr,3
HH10218301,gr,5
HH10218302,gr,5
HH10218303,gr,5
HH10218304,gr,5
HH10218401,gr,3
HH10218402,gr,3
HH10218403,gr,3
HH10218501,gr,3
HH10218601,gr,4
HH10218602,gr,4
HH10218603,gr,4
HH10218701,gr,5
HH10218801,gr,4
HH10218901,gr,3
HH10218902,gr,3
HH10218903,gr,3
HH10218904,gr,3
HH10219001,gr,3
HH10219101,gr,3
HH10219201,gr,1
HH10219202,gr,1
HH10219301,gr,3
HH10219303,gr,3
HH10219304,gr,3
HH10219401,gr,1
HH10219402,gr,1
HH10219403,gr,1
HH10219404,gr,1
HH10219501,gr,2
HH10219601,gr,2
HH10219701,gr,2
HH10219702,gr,2
HH10219703,gr,2
HH10219801,gr,1
HH10219901,gr,5
HH10219902,gr,3
HH10219903,gr,3
HH10220001,gr,4
HH10220101,gr,1
HH10220201,gr,1
HH10220202,gr,1
HH10220301,gr,4
HH10220302,gr,3
HH10220303,gr,1
HH10220304,gr,1
HH10220401,gr,3
HH10220501,gr,4
HH10220601,gr,1
HH10220701,gr,2
HH10220702,gr,2
HH10220703,gr,2
HH10220801,gr,1
HH10220901,gr,3
HH10221001,gr,2
HH10221101,gr,3
HH10221201,gr,5
HH10221301,gr,4
HH10221401,gr,1
HH10221501,gr,1
HH10221601,gr,4
HH10221701,gr,3
HH10221703,gr,3
HH10221801,gr,4
HH10221802,gr,4
HH10221803,gr,4
HH10221804,gr,4
HH10221901,gr,3
HH10222001,gr,4
HH10222101,gr,5
HH10222102,gr,5
HH10222103,gr,5
HH10222104,gr,5
HH10222201,gr,3
HH10222202,gr,3
HH10222203,gr,3
HH10222204,gr,3
HH10222301,gr,4
HH10222303,gr,8
HH10222401,gr,2
HH10222402,gr,2
HH10222403,gr,2
HH10222501,gr,5
HH10222601,gr,4
HH10222602,gr,4
HH10222701,gr,2
HH10222801,gr,4
HH10222802,gr,4
HH10222803,gr,4
HH10222804,gr,4
HH10222901,gr,3
HH10223001,gr,3
HH10223101,gr,5
HH10223103,gr,5
HH10223201,gr,3
HH10223203,gr,3
HH10223204,gr,3
HH10223301,gr,3
HH10223303,gr,3
HH10223304,gr,3
HH10223401,gr,4
HH10223501,gr,2
HH10223502,gr,2
HH10223601,gr,3
HH10223603,gr,3
HH10223701,gr,1
HH10223703,gr,1
HH10223704,gr,1
HH10223801,gr,3
HH10223802,gr,3
HH10223803,gr,3
HH10223804,gr,3
HH10223901,gr,4
HH10224001,gr,5
HH10224003,gr,5
HH10224004,gr,5
HH10224101,gr,4
HH10224201,gr,2
HH10224202,gr,2
HH10224203,gr,2
HH10224204,gr,2
HH10224301,gr,3
HH10224401,gr,3
HH10224501,gr,3
HH10224502,gr,2
HH10224503,gr,2
HH10224504,gr,3
HH10224601,gr,2
HH10224701,gr,3
HH10224801,gr,1
HH10224802,gr,1
HH10224901,gr,4
HH10225001,gr,5
HH10225003,gr,5
HH10225101,gr,4
HH10225201,gr,2
HH10225301,gr,1
HH10225401,gr,3
HH10225501,gr,4
HH10225502,gr,4
HH10225601,gr,4
HH10225701,gr,2
HH10225702,gr,2
HH10225801,gr,3
HH10225901,gr,2
HH10226001,gr,9
HH10226003,gr,9
HH10226101,gr,3
HH10226102,gr,3
HH10226201,gr,3
HH10226202,gr,3
HH10226301,gr,4
HH10226401,gr,2
HH10226402,gr,2
HH10226501,gr,3
HH10226601,gr,3
HH10226701,gr,4
HH10226702,gr,4
HH10226703,gr,4
HH10226704,gr,4
HH10226801,gr,4
HH10226803,gr,4
HH10226804,gr,4
HH10226901,gr,3
HH10226902,gr,3
HH10226904,gr,3
HH10227001,gr,4
HH10227101,gr,3
HH10227201,gr,4
HH10227301,gr,4
HH10227401,gr,4
HH10227501,gr,4
HH10227601,gr,4
HH10227602,gr,4
HH10227701,gr,4
HH10227801,gr,3
HH10227802,gr,3
HH10227901,gr,3
HH10227902,gr,3
HH10227903,gr,3
HH10228001,gr,5
HH10228002,gr,5
HH10228004,gr,5
HH10228101,gr,4
HH10228201,gr,2
HH10228202,gr,2
HH10228203,gr,2
HH10228204,gr,2
HH10228301,gr,4
HH10228302,gr,4
HH10228401,gr,4
HH10228403,gr,4
HH10228501,gr,4
HH10228502,gr,4
HH10228504,gr,4
HH10228601,gr,3
HH10228603,gr,3
HH10228604,gr,3
HH10228701,gr,4
HH10228702,gr,4
HH10228703,gr,4
HH10228704,gr,4
HH10228801,gr,3
HH10228901,gr,4
HH10228902,gr,4
HH10228903,gr,4
HH10229001,gr,4
HH10229002,gr,4
HH10229003,gr,4
HH10229004,gr,4
HH10229101,gr,3
HH10229102,gr,3
HH10229104,gr,3
HH10229201,gr,4
HH10229203,gr,4
HH10229204,gr,4
HH10229301,gr,6
HH10229302,gr,6
HH10229303,gr,6
HH10229401,gr,2
HH10229501,gr,3
HH10229502,gr,3
HH10229503,gr,3
HH10229504,gr,3
HH10229601,gr,4
HH10229602,gr,4
HH10229701,gr,4
HH10229801,gr,1
HH10229901,gr,4
HH10229903,gr,4
HH10229904,gr,4
HH10230001,gr,3
HH10230101,gr,4
HH10230102,gr,4
HH10230104,gr,4
HH10230201,gr,2
HH10230301,gr,1
HH10230401,gr,3
HH10230501,gr,2
HH10230601,gr,3
HH10230701,gr,3
HH10230702,gr,3
HH10230703,gr,3
HH10230704,gr,3
HH10230801,gr,3
HH10230901,gr,3
HH10230902,gr,3
HH10230903,gr,3
HH10230904,gr,3
HH10231001,gr,1
HH10231101,gr,4
HH10231201,gr,5
HH10231301,gr,4
HH10231302,gr,4
HH10231401,gr,4
HH10231501,gr,3
HH10231502,gr,3
HH10231504,gr,3
HH10231601,gr,5
HH10231603,gr,5
HH10231701,gr,1
HH10231801,gr,2
HH10231901,gr,4
HH10232001,gr,5
HH10232002,gr,5
HH10232101,gr,4
HH10232201,gr,2
HH10232301,gr,2
HH10232401,gr,4
HH10232402,gr,4
HH10232403,gr,4
HH10232404,gr,4
HH10232501,gr,3
HH10232601,gr,3
HH10232602,gr,3
HH10232603,gr,3
HH10232701,gr,1
HH10232702,gr,1
HH10232703,gr,1
HH10232704,gr,1
HH10232801,gr,3
HH10232901,gr,2
HH10233001,gr,4
HH10233003,gr,4
HH10233004,gr,4
HH10233101,gr,5
HH10233201,gr,3
HH10233202,gr,3
HH10233203,gr,3
HH10233301,gr,4
HH10233401,gr,3
HH10233501,gr,2
HH10233502,gr,2
HH10233503,gr,2
HH10233504,gr,2
HH10233601,gr,5
HH10233603,gr,5
HH10233701,gr,4
HH10233702,gr,4
HH10233801,gr,1
HH10233901,gr,2
HH10234001,gr,6
HH10234101,gr,4
HH10234201,gr,3
HH10234203,gr,3
HH10234204,gr,3
HH10234301,gr,4
HH10234302,gr,4
HH10234303,gr,4
HH10234304,gr,4
HH10234401,gr,2
HH10234402,gr,2
HH10234404,gr,2
HH10234501,gr,4
HH10234502,gr,4
HH10234503,gr,4
HH10234504,gr,4
HH10234601,gr,2
HH10234701,gr,4
HH10234703,gr,4
HH10234704,gr,4
HH10234801,gr,4
HH10234802,gr,4
HH10234804,gr,4
HH10234901,gr,3
HH10234902,gr,3
HH10234903,gr,3
HH10234904,gr,3
HH10235001,gr,3
HH10235101,gr,4
HH10235201,gr,5
HH10235202,gr,5
HH10235301,gr,4
HH10235302,gr,4
HH10235303,gr,4
HH10235401,gr,3
HH10235501,gr,4
HH10235601,gr,3
HH10235701,gr,1
HH10235801,gr,3
HH10235901,gr,3
HH10235902,gr,3
HH10235903,gr,3
HH10236001,gr,4
HH10236101,gr,3
HH10236102,gr,3
HH10236103,gr,3
HH10236104,gr,3
HH10236201,gr,2
HH10236301,gr,4
HH10236401,gr,4
HH10236501,gr,4
HH10236502,gr,4
HH10236503,gr,4
HH10236504,gr,4
HH10236601,gr,2
HH10236701,gr,3
HH10236702,gr,3
HH10236703,gr,3
HH10236801,gr,4
HH10236802,gr,4
HH10236803,gr,4
HH10236901,gr,2
HH10237001,gr,4
HH10237101,gr,4
HH10237102,gr,4
HH10237103,gr,4
HH10237104,gr,4
HH10237201,gr,5
HH10237301,gr,4
HH10237401,gr,4
HH10237501,gr,4
HH10237601,gr,4
HH10237701,gr,5
HH10237801,gr,3
HH10237802,gr,3
HH10237901,gr,5
HH10237903,gr,5
HH10238001,gr,4
HH10238002,gr,4
HH10238101,gr,2
HH10238201,gr,1
HH10238301,gr,4
HH10238302,gr,4
HH10238303,gr,4
HH10238401,gr,1
HH10238402,gr,1
HH10238501,gr,3
HH10238502,gr,3
HH10238504,gr,3
HH10238601,gr,4
HH10238602,gr,4
HH10238701,gr,4
HH10238801,gr,4
HH10238802,gr,3
HH10238803,gr,4
HH10238901,gr,3
HH10239001,gr,1
HH10239101,gr,4
HH10239201,gr,4
HH10239301,gr,4
HH10239302,gr,4
HH10239401,gr,4
HH10239402,gr,4
HH10239501,gr,1
HH10239601,gr,2
HH10239602,gr,2
HH10239603,gr,2
HH10239701,gr,3
HH10239703,gr,3
HH10239801,gr,4
HH10239802,gr,4
HH10239803,gr,4
HH10239804,gr,4
HH10239901,gr,5
HH10240001,gr,4
HH10240101,gr,3
HH10240201,gr,3
HH10240301,gr,3
HH10240302,gr,3
HH10240303,gr,3
HH10240304,gr,3
HH10240401,gr,4
HH10240402,gr,4
HH10240501,gr,3
HH10240601,gr,4
HH10240602,gr,4
HH10240603,gr,4
HH10240604,gr,4
HH10240701,gr,2
HH10240702,gr,1
HH10240801,gr,2
HH10240901,gr,2
HH10240902,gr,2
HH10240903,gr,2
HH10240904,gr,2
HH10241001,gr,1
HH10241101,gr,2
HH10241102,gr,2
HH10241201,gr,3
HH10241202,gr,2
HH10241203,gr,2
HH10241204,gr,1
HH10241301,gr,3
HH10241302,gr,3
HH10241304,gr,3
HH10241401,gr,1
HH10241501,gr,2
HH10241502,gr,2
HH10241503,gr,2
HH10241504,gr,2
HH10241601,gr,2
HH10241602,gr,2
HH10241603,gr,2
HH10241701,gr,2
HH10241801,gr,1
HH10241901,gr,4
HH10242001,gr,3
HH10242002,gr,3
HH10242003,gr,3
HH10242101,gr,4
HH10242201,gr,3
HH10242202,gr,3
HH10242301,gr,4
HH10242302,gr,4
HH10242401,gr,4
HH10242501,gr,5
HH10242502,gr,5
HH10242503,gr,5
HH10242601,gr,1
HH10242701,gr,4
HH10242702,gr,4
HH10242704,gr,4
HH10242801,gr,2
HH10242901,gr,3
HH10243001,gr,2
HH10243002,gr,2
HH10243101,gr,4
HH10243102,gr,4
HH10243104,gr,4
HH10243201,gr,4
HH10243301,gr,3
HH10243302,gr,3
HH10243303,gr,2
HH10243304,gr,3
HH10243401,gr,3
HH10243501,gr,1
HH10243601,gr,1
HH10243701,gr,4
HH10243702,gr,4
HH10243703,gr,4
HH10243704,gr,4
HH10243801,gr,1
HH10243802,gr,1
HH10243901,gr,1
HH10244001,gr,1
HH10244101,gr,4
HH10244102,gr,4
HH10244103,gr,4
HH10244104,gr,4
HH10244201,gr,4
HH10244202,gr,3
HH10244203,gr,4
HH10244204,gr,4
HH10244301,gr,1
HH10244302,gr,1
HH10244304,gr,1
HH10244401,gr,1
HH10244402,gr,1
HH10244404,gr,1
HH10244501,gr,3
HH10244502,gr,3
HH10244503,gr,3
HH10244601,gr,3
HH10244701,gr,3
HH10244702,gr,3
HH10244703,gr,3
HH10244704,gr,3
HH10244801,gr,3
HH10244802,gr,4
HH10244901,gr,7
HH10244902,gr,4
HH10244903,gr,5
HH10244904,gr,7
HH10245001,gr,1
HH10245002,gr,1
HH10245101,gr,3
HH10245102,gr,3
HH10245201,gr,5
HH10245202,gr,5
HH10245203,gr,5
HH10245204,gr,5
HH10245301,gr,4
HH10245302,gr,4
HH10245303,gr,4
HH10245304,gr,4
HH10245401,gr,1
HH10245501,gr,2
HH10245502,gr,2
HH10245503,gr,2
HH10245601,gr,1
HH10245602,gr,1
HH10245603,gr,1
HH10245604,gr,1
HH10245701,gr,2
HH10245801,gr,3
HH10245802,gr,3
HH10245804,gr,3
HH10245901,gr,2
HH10245902,gr,2
HH10245903,gr,2
HH10245904,gr,2
HH10246001,gr,3
HH10246003,gr,3
HH10246004,gr,3
HH10246101,gr,2
HH10246102,gr,2
HH10246103,gr,2
HH10246104,gr,2
HH10246201,gr,2
HH10246202,gr,2
HH10246203,gr,2
HH10246301,gr,2
HH10246401,gr,2
HH10246402,gr,2
HH10246403,gr,2
HH10246404,gr,2
HH10246501,gr,2
HH10246502,gr,2
HH10246503,gr,2
HH10246504,gr,2
HH10246601,gr,3
HH10246701,gr,2
HH10246702,gr,2
HH10246703,gr,2
HH10246704,gr,2
HH10246801,gr,1
HH10246802,gr,1
HH10246803,gr,1
HH10246804,gr,1
HH10246901,gr,4
HH10247001,gr,3
HH10247003,gr,3
HH10247101,gr,3
HH10247102,gr,3
HH10247103,gr,3
HH10247104,gr,3
HH10247201,gr,3
HH10247301,gr,2
HH10247303,gr,2
HH10247401,gr,4
HH10247403,gr,4
HH10247404,gr,4
HH10247501,gr,4
HH10247601,gr,2
HH10247701,gr,2
HH10247702,gr,2
HH10247704,gr,2
HH10247801,gr,2
HH10247803,gr,2
HH10247901,gr,2
HH10247902,gr,2
HH10248001,gr,1
HH10248002,gr,1
HH10248003,gr,1
HH10248004,gr,1
HH10248101,gr,4
HH10248201,gr,4
HH10248202,gr,4
HH10248203,gr,4
HH10248204,gr,4
HH10248301,gr,2
HH10248302,gr,2
HH10248304,gr,2
HH10248401,gr,1
HH10248501,gr,3
HH10248502,gr,3
HH10248503,gr,3
HH10248504,gr,3
HH10248601,gr,2
HH10248603,gr,2
HH10248701,gr,1
HH10248801,gr,1
HH10248802,gr,1
HH10248803,gr,1
HH10248804,gr,1
HH10248901,gr,3
HH10248903,gr,3
HH10249001,gr,3
HH10249002,gr,2
HH10249004,gr,3
HH10249101,gr,4
HH10249102,gr,4
HH10249103,gr,4
HH10249104,gr,4
HH10249201,gr,2
HH10249301,gr,3
HH10249303,gr,3
HH10249304,gr,3
HH10249401,gr,2
HH10249402,gr,2
HH10249501,gr,1
HH10249601,gr,2
HH10249602,gr,2
HH10249603,gr,2
HH10249604,gr,2
HH10249701,gr,1
HH10249702,gr,1
HH10249703,gr,1
HH10249801,gr,3
HH10249803,gr,3
HH10249804,gr,3
HH10249901,gr,3
HH10249902,gr,3
HH10250001,gr,6
HH10250002,gr,6
HH10250003,gr,6
HH10250101,gr,5
HH10250102,gr,5
HH10250201,gr,4
HH10250301,gr,3
HH10250401,gr,3
HH10250501,gr,3
HH10250502,gr,3
HH10250601,gr,4
HH10250701,gr,1
HH10250702,gr,1
HH10250703,gr,1
HH10250801,gr,1
HH10250901,gr,3
HH10251001,gr,3
HH10251101,gr,4
HH10251102,gr,4
HH10251201,gr,2
HH10251202,gr,2
HH10251204,gr,2
HH10251301,gr,5
HH10251303,gr,5
HH10251304,gr,5
HH10251401,gr,3
HH10251402,gr,3
HH10251403,gr,3
HH10251404,gr,3
HH10251501,gr,2
HH10251502,gr,2
HH10251601,gr,2
HH10251701,gr,3
HH10251702,gr,3
HH10251703,gr,3
HH10251801,gr,4
HH10251901,gr,5
HH10251902,gr,5
HH10252001,gr,3
HH10252101,gr,3
HH10252201,gr,1
HH10252301,gr,2
HH10252302,gr,2
HH10252303,gr,2
HH10252304,gr,2
HH10252401,gr,1
HH10252402,gr,1
HH10252403,gr,1
HH10252501,gr,2
HH10252503,gr,2
HH10252601,gr,3
HH10252602,gr,3
HH10252603,gr,3
HH10252604,gr,3
HH10252701,gr,3
HH10252702,gr,3
HH10252703,gr,3
HH10252801,gr,4
HH10252802,gr,4
HH10252804,gr,4
HH10252901,gr,4
HH10253001,gr,4
HH10253002,gr,4
HH10253101,gr,2
HH10253201,gr,4
HH10253202,gr,4
HH10253203,gr,4
HH10253301,gr,2
HH10253401,gr,5
HH10253501,gr,2
HH10253601,gr,2
HH10253602,gr,2
HH10253701,gr,4
HH10253703,gr,4
HH10253801,gr,4
HH10253802,gr,4
HH10253803,gr,4
HH10253804,gr,4
HH10253901,gr,3
HH10254001,gr,1
HH10254101,gr,4
HH10254102,gr,4
HH10254103,gr,4
HH10254104,gr,4
HH10254201,gr,1
HH10254202,gr,1
HH10254301,gr,3
HH10254401,gr,1
HH10254402,gr,1
HH10254403,gr,1
HH10254404,gr,1
HH10254501,gr,3
HH10254502,gr,3
HH10254601,gr,1
HH10254603,gr,1
HH10254701,gr,3
HH10254702,gr,3
HH10254703,gr,3
HH10254704,gr,3
HH10254801,gr,2
HH10254802,gr,2
HH10254901,gr,1
HH10255001,gr,2
HH10255101,gr,3
HH10255102,gr,3
HH10255103,gr,3
HH10255104,gr,3
HH10255201,gr,2
HH10255202,gr,2
HH10255203,gr,2
HH10255204,gr,2
HH10255301,gr,3
HH10255303,gr,3
HH10255304,gr,3
HH10255401,gr,3
HH10255402,gr,3
HH10255404,gr,3
HH10255501,gr,2
HH10255601,gr,4
HH10255701,gr,7
HH10255801,gr,4
HH10255802,gr,4
HH10255804,gr,4
HH10255901,gr,1
HH10256001,gr,2
HH10256101,gr,4
HH10256201,gr,2
HH10256202,gr,2
HH10256301,gr,5
HH10256303,gr,5
HH10256304,gr,5
HH10256401,gr,2
HH10256501,gr,6
HH10256601,gr,3
HH10256602,gr,3
HH10256603,gr,3
HH10256604,gr,3
HH10256701,gr,1
HH10256702,gr,1
HH10256801,gr,3
HH10256901,gr,2
HH10257001,gr,4
HH10257101,gr,5
HH10257102,gr,5
HH10257103,gr,5
HH10257104,gr,5
HH10257201,gr,4
HH10257202,gr,4
HH10257203,gr,4
HH10257204,gr,4
HH10257301,gr,2
HH10257303,gr,2
HH10257401,gr,4
HH10257402,gr,4
HH10257501,gr,2
HH10257502,gr,2
HH10257503,gr,2
HH10257504,gr,3
HH10257601,gr,8
HH10257701,gr,1
HH10257801,gr,1
HH10257901,gr,2
HH10257902,gr,2
HH10257903,gr,2
HH10257904,gr,2
HH10258001,gr,3
HH10258101,gr,3
HH10258201,gr,4
HH10258202,gr,4
HH10258203,gr,4
HH10258301,gr,2
HH10258302,gr,2
HH10258303,gr,2
HH10258401,gr,1
HH10258501,gr,4
HH10258502,gr,4
HH10258503,gr,4
HH10258504,gr,4
HH10258601,gr,2
HH10258602,gr,2
HH10258603,gr,2
HH10258604,gr,2
HH10258701,gr,2
HH10258703,gr,2
HH10258801,gr,2
HH10258802,gr,2
HH10258803,gr,2
HH10258804,gr,3
HH10258901,gr,4
HH10258902,gr,5
HH10258903,gr,4
HH10259001,gr,4
HH10259002,gr,4
HH10259004,gr,4
HH10259101,gr,3
HH10259201,gr,3
HH10259202,gr,3
HH10259301,gr,3
HH10259302,gr,3
HH10259303,gr,3
HH10259401,gr,4
HH10259402,gr,4
HH10259403,gr,4
HH10259501,gr,2
HH10259502,gr,2
HH10259601,gr,3
HH10259602,gr,3
HH10259604,gr,3
HH10259701,gr,2
HH10259702,gr,3
HH10259703,gr,3
HH10259801,gr,6
HH10259802,gr,6
HH10259804,gr,6
HH10259901,gr,2
HH10259902,gr,2
HH10259903,gr,2
HH10259904,gr,2
HH10260001,gr,2
HH10260002,gr,2
HH10260101,gr,3
HH10260102,gr,3
HH10260103,gr,3
HH10260104,gr,3
HH10260201,gr,1
HH10260202,gr,1
HH10260203,gr,1
HH10260204,gr,1
HH10260301,gr,6
HH10260303,gr,6
HH10260304,gr,6
HH10260401,gr,4
HH10260402,gr,4
HH10260403,gr,4
HH10260404,gr,4
HH10260501,gr,4
HH10260502,gr,3
HH10260503,gr,4
HH10260504,gr,2
HH10260601,gr,1
HH10260602,gr,1
HH10260603,gr,1
HH10260604,gr,1
HH10260701,gr,3
HH10260801,gr,3
HH10260802,gr,3
HH10260901,gr,2
HH10260903,gr,2
HH10260904,gr,2
HH10261001,gr,3
HH10261101,gr,4
HH10261201,gr,3
HH10261301,gr,2
HH10261401,gr,2
HH10261402,gr,2
HH10261403,gr,2
HH10261501,gr,5
HH10261601,gr,3
HH10261701,gr,3
HH10261702,gr,3
HH10261703,gr,3
HH10261801,gr,2
HH10261803,gr,2
HH10261901,gr,3
HH10261902,gr,3
HH10262001,gr,2
HH10262002,gr,2
HH10262003,gr,2
HH10262101,gr,4
HH10262102,gr,4
HH10262201,gr,4
HH10262301,gr,1
HH10262401,gr,3
HH10262402,gr,3
HH10262404,gr,3
HH10262501,gr,3
HH10262601,gr,3
HH10262701,gr,3
HH10262801,gr,1
HH10262802,gr,1
HH10262803,gr,1
HH10262901,gr,2
HH10262902,gr,2
HH10262903,gr,2
HH10262904,gr,2
HH10263001,gr,3
HH10263002,gr,3
HH10263003,gr,3
HH10263004,gr,3
HH10263101,gr,2
HH10263102,gr,2
HH10263103,gr,2
HH10263201,gr,1
HH10263301,gr,4
HH10263401,gr,3
HH10263403,gr,3
HH10263501,gr,4
HH10263502,gr,4
HH10263601,gr,4
HH10263603,gr,4
HH10263604,gr,4
HH10263701,gr,1
HH10263702,gr,1
HH10263703,gr,1
HH10263704,gr,1
HH10263801,gr,1
HH10263901,gr,3
HH10263902,gr,3
HH10263903,gr,3
HH10263904,gr,3
HH10264001,gr,2
HH10264101,gr,4
HH10264102,gr,4
HH10264104,gr,4
HH10264201,gr,1
HH10264202,gr,1
HH10264203,gr,1
HH10264204,gr,1
HH10264301,gr,1
HH10264302,gr,1
HH10264303,gr,1
HH10264304,gr,1
HH10264401,gr,1
HH10264501,gr,4
HH10264502,gr,4
HH10264503,gr,4
HH10264504,gr,4
HH10264601,gr,5
HH10264701,gr,4
HH10264801,gr,2
HH10264802,gr,2
HH10264804,gr,2
HH10264901,gr,5
HH10264902,gr,5
HH10264903,gr,5
HH10264904,gr,5
HH10265001,gr,1
HH10265101,gr,1
HH10265201,gr,2
HH10265301,gr,1
HH10265302,gr,1
HH10265303,gr,1
HH10265304,gr,1
HH10265401,gr,3
HH10265402,gr,3
HH10265403,gr,3
HH10265404,gr,3
HH10265501,gr,1
HH10265601,gr,1
HH10265701,gr,5
HH10265703,gr,5
HH10265801,gr,4
HH10265802,gr,4
HH10265803,gr,4
HH10265804,gr,4
HH10265901,gr,1
HH10266001,gr,4
HH10266101,gr,2
HH10266102,gr,2
HH10266201,gr,1
HH10266301,gr,4
HH10266302,gr,4
HH10266401,gr,3
HH10266402,gr,3
HH10266403,gr,3
HH10266404,gr,3
HH10266501,gr,6
HH10266601,gr,2
HH10266602,gr,2
HH10266603,gr,2
HH10266604,gr,2
HH10266701,gr,3
HH10266702,gr,3
HH10266801,gr,2
HH10266803,gr,2
HH10266804,gr,2
HH10266901,gr,2
HH10267001,gr,1
HH10267002,gr,1
HH10267003,gr,1
HH10267004,gr,1
HH10267101,gr,1
HH10267201,gr,3
HH10267202,gr,3
HH10267203,gr,3
HH10267204,gr,3
HH10267301,gr,4
HH10267401,gr,1
HH10267501,gr,2
HH10267502,gr,2
HH10267503,gr,2
HH10267504,gr,2
HH10267601,gr,3
HH10267602,gr,3
HH10267603,gr,3
HH10267604,gr,3
HH10267701,gr,3
HH10267801,gr,5
HH10267802,gr,5
HH10267803,gr,5
HH10267901,gr,2
HH10268001,gr,4
HH10268101,gr,3
HH10268102,gr,3
HH10268103,gr,3
HH10268104,gr,3
HH10268201,gr,3
HH10268202,gr,3
HH10268203,gr,3
HH10268204,gr,3
HH10268301,gr,4
HH10268302,gr,4
HH10268304,gr,4
HH10268401,gr,2
HH10268501,gr,2
HH10268601,gr,4
HH10268602,gr,4
HH10268701,gr,2
HH10268702,gr,2
HH10268703,gr,2
HH10268704,gr,2
HH10268801,gr,3
HH10268901,gr,3
HH10268902,gr,3
HH10269001,gr,2
HH10269101,gr,1
HH10269201,gr,4
HH10269202,gr,4
HH10269204,gr,4
HH10269301,gr,5
HH10269302,gr,5
HH10269303,gr,5
HH10269401,gr,4
HH10269402,gr,4
HH10269403,gr,4
HH10269501,gr,4
HH10269601,gr,4
HH10269602,gr,4
HH10269603,gr,4
HH10269701,gr,2
HH10269801,gr,2
HH10269802,gr,2
HH10269901,gr,1
HH10270001,gr,3
HH10270002,gr,3
HH10270003,gr,3
HH10270004,gr,3
HH10270101,gr,3
HH10270102,gr,3
HH10270201,gr,1
HH10270202,gr,1
HH10270203,gr,1
HH10270204,gr,1
HH10270301,gr,1
HH10270401,gr,3
HH10270501,gr,3
HH10270601,gr,3
HH10270701,gr,1
HH10270801,gr,2
HH10270802,gr,2
HH10270901,gr,2
HH10270902,gr,2
HH10270903,gr,2
HH10270904,gr,2
HH10271001,gr,2
HH10271101,gr,3
HH10271102,gr,3
HH10271103,gr,3
HH10271104,gr,3
HH10271201,gr,3
HH10271203,gr,3
HH10271301,gr,2
HH10271303,gr,2
HH10271304,gr,2
HH10271401,gr,2
HH10271501,gr,2
HH10271601,gr,2
HH10271602,gr,2
HH10271603,gr,2
HH10271604,gr,2
HH10271701,gr,1
HH10271801,gr,3
HH10271802,gr,3
HH10271803,gr,3
HH10271901,gr,2
HH10271902,gr,2
HH10271904,gr,2
HH10272001,gr,3
HH10272002,gr,3
HH10272003,gr,3
HH10272004,gr,2
HH10272101,gr,5
HH10272102,gr,5
HH10272103,gr,5
HH10272104,gr,5
HH10272201,gr,1
HH10272301,gr,3
HH10272401,gr,3
HH10272501,gr,3
HH10272601,gr,2
HH10272701,gr,1
HH10272801,gr,4
HH10272802,gr,4
HH10272901,gr,4
HH10272902,gr,4
HH10272903,gr,4
HH10272904,gr,3
HH10273001,gr,3
HH10273101,gr,5
HH10273201,gr,3
HH10273202,gr,3
HH10273204,gr,3
HH10273301,gr,1
HH10273401,gr,5
HH10273402,gr,5
HH10273404,gr,5
HH10273501,gr,1
HH10273601,gr,3
HH10273603,gr,3
HH10273701,gr,3
HH10273801,gr,1
HH10273802,gr,2
HH10273803,gr,1
HH10273901,gr,2
HH10274001,gr,3
HH10274101,gr,1
HH10274201,gr,4
HH10274202,gr,4
HH10274301,gr,1
HH10274401,gr,5
HH10274402,gr,5
HH10274404,gr,5
HH10274501,gr,3
HH10274601,gr,4
HH10274603,gr,4
HH10274701,gr,2
HH10274801,gr,3
HH10274802,gr,3
HH10274803,gr,3
HH10274804,gr,3
HH10274901,gr,2
HH10274903,gr,2
HH10274904,gr,2
HH10275001,gr,3
HH10275002,gr,3
HH10275101,gr,4
HH10275201,gr,4
HH10275301,gr,4
HH10275302,gr,4
HH10275401,gr,2
HH10275402,gr,2
HH10275404,gr,2
HH10275501,gr,4
HH10275502,gr,3
HH10275601,gr,1
HH10275602,gr,1
HH10275603,gr,1
HH10275604,gr,1
HH10275701,gr,2
HH10275702,gr,2
HH10275703,gr,2
HH10275704,gr,2
HH10275801,gr,1
HH10275901,gr,2
HH10275903,gr,2
HH10275904,gr,2
HH10276001,gr,3
HH10276002,gr,3
HH10276004,gr,3
HH10276101,gr,3
HH10276201,gr,4
HH10276202,gr,4
HH10276301,gr,3
HH10276302,gr,3
HH10276401,gr,4
HH10276402,gr,4
HH10276501,gr,3
HH10276503,gr,3
HH10276601,gr,2
HH10276701,gr,2
HH10276702,gr,2
HH10276801,gr,3
HH10276901,gr,6
HH10277001,gr,3
HH10277002,gr,3
HH10277101,gr,2
HH10277102,gr,2
HH10277103,gr,3
HH10277104,gr,3
HH10277201,gr,3
HH10277301,gr,5
HH10277401,gr,4
HH10277501,gr,5
HH10277601,gr,1
HH10277602,gr,1
HH10277603,gr,1
HH10277701,gr,4
HH10277801,gr,2
HH10277901,gr,2
HH10278001,gr,2
HH10278101,gr,5
HH10278102,gr,5
HH10278201,gr,3
HH10278301,gr,3
HH10278401,gr,1
HH10278501,gr,1
HH10278601,gr,4
HH10278602,gr,4
HH10278701,gr,4
HH10278702,gr,4
HH10278801,gr,4
HH10278802,gr,1
HH10278804,gr,1
HH10278901,gr,5
HH10279001,gr,3
HH10279101,gr,1
HH10279201,gr,4
HH10279202,gr,4
HH10279204,gr,4
HH10279301,gr,7
HH10279302,gr,7
HH10279304,gr,7
HH10279401,gr,4
HH10279402,gr,4
HH10279501,gr,3
HH10279503,gr,3
HH10279504,gr,3
HH10279601,gr,2
HH10279701,gr,3
HH10279801,gr,3
HH10279901,gr,3
HH10280001,gr,5
HH10280002,gr,5
HH10280003,gr,5
HH10280101,gr,3
HH10280201,gr,3
HH10280301,gr,4
HH10280401,gr,4
HH10280402,gr,4
HH10280501,gr,3
HH10280502,gr,3
HH10280601,gr,3
HH10280701,gr,3
HH10280702,gr,3
HH10280704,gr,3
HH10280801,gr,4
HH10280802,gr,4
HH10280804,gr,4
HH10280901,gr,4
HH10281001,gr,1
HH10281101,gr,1
HH10281201,gr,2
HH10281203,gr,2
HH10281301,gr,1
HH10281302,gr,1
HH10281303,gr,1
HH10281304,gr,1
HH10281401,gr,1
HH10281501,gr,5
HH10281502,gr,5
HH10281503,gr,5
HH10281601,gr,5
HH10281701,gr,3
HH10281801,gr,2
HH10281802,gr,2
HH10281803,gr,2
HH10281901,gr,1
HH10281902,gr,1
HH10281903,gr,1
HH10281904,gr,1
HH10282001,gr,3
HH10282101,gr,4
HH10282102,gr,4
HH10282104,gr,4
HH10282201,gr,2
HH10282203,gr,2
HH10282301,gr,1
HH10282401,gr,3
HH10282501,gr,1
HH10282601,gr,6
HH10282602,gr,6
HH10282603,gr,6
HH10282701,gr,3
HH10282801,gr,5
HH10282901,gr,2
HH10282902,gr,2
HH10282903,gr,2
HH10282904,gr,2
HH10283001,gr,5
HH10283002,gr,5
HH10283003,gr,5
HH10283004,gr,5
HH10283101,gr,2
HH10283201,gr,2
HH10283301,gr,3
HH10283401,gr,2
HH10283501,gr,6
HH10283502,gr,6
HH10283601,gr,6
HH10283602,gr,5
HH10283603,gr,5
HH10283604,gr,5
HH10283701,gr,2
HH10283702,gr,2
HH10283703,gr,2
HH10283704,gr,2
HH10283801,gr,5
HH10283802,gr,5
HH10283901,gr,4
HH10283902,gr,4
HH10283903,gr,4
HH10283904,gr,4
HH10284001,gr,3
HH10284003,gr,3
HH10284101,gr,3
HH10284103,gr,3
HH10284104,gr,3
HH10284201,gr,4
HH10284202,gr,4
HH10284203,gr,4
HH10284301,gr,2
HH10284302,gr,2
HH10284303,gr,2
HH10284304,gr,2
HH10284401,gr,2
HH10284402,gr,2
HH10284501,gr,3
HH10284502,gr,3
HH10284601,gr,2
HH10284701,gr,3
HH10284702,gr,3
HH10284801,gr,3
HH10284803,gr,3
HH10284804,gr,3
HH10284901,gr,1
HH10284903,gr,1
HH10285001,gr,4
HH10285003,gr,4
HH10285004,gr,4
HH10285101,gr,1
HH10285201,gr,1
HH10285301,gr,5
HH10285401,gr,2
HH10285402,gr,2
HH10285403,gr,2
HH10285404,gr,2
HH10285501,gr,2
HH10285502,gr,2
HH10285503,gr,2
HH10285504,gr,2
HH10285601,gr,3
HH10285701,gr,2
HH10285801,gr,1
HH10285802,gr,1
HH10285901,gr,2
HH10285902,gr,2
HH10285903,gr,2
HH10285904,gr,2
HH10286001,gr,3
HH10286101,gr,4
HH10286201,gr,1
HH10286202,gr,1
HH10286301,gr,2
HH10286401,gr,1
HH10286402,gr,1
HH10286404,gr,1
HH10286501,gr,2
HH10286502,gr,2
HH10286503,gr,2
HH10286504,gr,2
HH10286601,gr,1
HH10286602,gr,1
HH10286604,gr,1
HH10286701,gr,3
HH10286801,gr,1
HH10286901,gr,4
HH10287001,gr,4
HH10287101,gr,2
HH10287201,gr,2
HH10287301,gr,4
HH10287401,gr,2
HH10287501,gr,2
HH10287601,gr,3
HH10287701,gr,2
HH10287801,gr,2
HH10287901,gr,4
HH10287902,gr,4
HH10287904,gr,4
HH10288001,gr,5
HH10288101,gr,2
HH10288201,gr,2
HH10288301,gr,4
HH10288401,gr,4
HH10288501,gr,2
HH10288601,gr,3
HH10288602,gr,3
HH10288604,gr,3
HH10288701,gr,2
HH10288801,gr,4
HH10288901,gr,3
HH10289001,gr,2
HH10289101,gr,3
HH10289201,gr,4
HH10289301,gr,1
HH10289401,gr,3
HH10289501,gr,4
HH10289601,gr,2
HH10289701,gr,5
HH10289801,gr,3
HH10289901,gr,1
HH10290001,gr,2
HH10290101,gr,3
HH10290201,gr,3
HH10290301,gr,3
HH10290401,gr,3
HH10290501,gr,3
HH10290601,gr,4
HH10290701,gr,5
HH10290702,gr,5
HH10290704,gr,5
HH10290801,gr,3
HH10290901,gr,2
HH10291001,gr,1
HH10291003,gr,1
HH10291101,gr,4
HH10291201,gr,1
HH10291202,gr,1
HH10291301,gr,3
HH10291302,gr,3
HH10291303,gr,3
HH10291304,gr,3
HH10291401,gr,3
HH10291501,gr,2
HH10291601,gr,1
HH10291701,gr,3
HH10291801,gr,2
HH10291901,gr,2
HH10292001,gr,2
HH10292101,gr,3
HH10292201,gr,3
HH10292301,gr,6
HH10292401,gr,4
HH10292402,gr,4
HH10292403,gr,4
HH10292501,gr,3
HH10292601,gr,2
HH10292701,gr,2
HH10292801,gr,5
HH10292901,gr,3
HH10293001,gr,3
HH10293101,gr,3
HH10293102,gr,3
HH10293201,gr,4
HH10293301,gr,4
HH10293302,gr,4
HH10293303,gr,4
HH10293304,gr,4
HH10293401,gr,2
HH10293402,gr,2
HH10293501,gr,2
HH10293601,gr,3
HH10293602,gr,3
HH10293603,gr,3
HH10293701,gr,2
HH10293801,gr,4
HH10293901,gr,4
HH10293902,gr,4
HH10293904,gr,4
HH10294001,gr,3
HH10294101,gr,4
HH10294201,gr,1
HH10294301,gr,2
HH10294302,gr,2
HH10294304,gr,2
HH10294401,gr,2
HH10294402,gr,2
HH10294403,gr,2
HH10294404,gr,2
HH10294501,gr,5
HH10294601,gr,1
HH10294602,gr,1
HH10294603,gr,1
HH10294604,gr,1
HH10294701,gr,1
HH10294702,gr,1
HH10294703,gr,1
HH10294704,gr,1
HH10294801,gr,2
HH10294802,gr,2
HH10294803,gr,2
HH10294804,gr,2
HH10294901,gr,1
HH10294902,gr,1
HH10294903,gr,1
HH10295001,gr,2
HH10295002,gr,2
HH10295003,gr,2
HH10295004,gr,2
HH10295101,gr,1
HH10295103,gr,1
HH10295104,gr,1
HH10295201,gr,2
HH10295301,gr,1
HH10295302,gr,1
HH10295303,gr,1
HH10295304,gr,1
HH10295401,gr,2
HH10295402,gr,2
HH10295403,gr,2
HH10295404,gr,2
HH10295501,gr,2
HH10295601,gr,4
HH10295701,gr,1
HH10295702,gr,1
HH10295703,gr,1
HH10295801,gr,3
HH10295901,gr,2
HH10295902,gr,2
HH10295903,gr,2
HH10296001,gr,1
HH10296101,gr,1
HH10296102,gr,1
HH10296103,gr,1
HH10296104,gr,1
HH10296201,gr,3
HH10296301,gr,2
HH10296401,gr,2
HH10296402,gr,2
HH10296403,gr,2
HH10296404,gr,2
HH10296501,gr,3
HH10296601,gr,3
HH10296602,gr,3
HH10296603,gr,3
HH10296604,gr,3
HH10296701,gr,5
HH10296801,gr,2
HH10296901,gr,1
HH10297001,gr,1
HH10297002,gr,1
HH10297003,gr,1
HH10297004,gr,1
HH10297101,gr,2
HH10297102,gr,2
HH10297201,gr,4
HH10297301,gr,2
HH10297302,gr,2
HH10297304,gr,2
HH10297401,gr,4
HH10297501,gr,4
HH10297502,gr,4
HH10297503,gr,4
HH10297504,gr,4
HH10297601,gr,3
HH10297602,gr,3
HH10297604,gr,3
HH10297701,gr,4
HH10297702,gr,4
HH10297703,gr,4
HH10297704,gr,4
HH10297801,gr,2
HH10297901,gr,2
HH10298001,gr,2
HH10298101,gr,2
HH10298201,gr,2
HH10298202,gr,2
HH10298203,gr,2
HH10298301,gr,1
HH10298303,gr,1
HH10298304,gr,1
HH10298401,gr,3
HH10298501,gr,1
HH10298502,gr,1
HH10298503,gr,1
HH10298504,gr,1
HH10298601,gr,4
HH10298602,gr,4
HH10298603,gr,4
HH10298701,gr,4
HH10298703,gr,4
HH10298801,gr,3
HH10298802,gr,3
HH10298901,gr,4
HH10298902,gr,4
HH10298904,gr,4
HH10299001,gr,4
HH10299101,gr,1
HH10299201,gr,2
HH10299301,gr,2
HH10299401,gr,5
HH10299501,gr,3
HH10299601,gr,1
HH10299701,gr,2
HH10299801,gr,4
HH10299901,gr,4
HH10300001,gr,3
HH10300101,gr,4
HH10300201,gr,3
HH10300301,gr,10
HH10300303,gr,9
HH10300401,gr,4
HH10300501,gr,3
HH10300601,gr,4
HH10300701,gr,2
HH10300801,gr,2
HH10300901,gr,4
HH10301001,gr,7
HH10301101,gr,3
HH10301201,gr,4
HH10301301,gr,2
HH10301401,gr,1
HH10301501,gr,2
HH10301601,gr,4
HH10301701,gr,2
HH10301801,gr,3
HH10301901,gr,2
HH10302001,gr,3
HH10302101,gr,4
HH10302201,gr,3
HH10302301,gr,4
HH10302401,gr,2
HH10302501,gr,4
HH10302601,gr,5
HH10302701,gr,4
HH10302801,gr,3
HH10302901,gr,4
HH10303001,gr,2
HH10303101,gr,4
HH10303201,gr,3
HH10303301,gr,1
HH10303401,gr,1
HH10303501,gr,4
HH10303601,gr,3
HH10303701,gr,3
HH10303801,gr,3
HH10303901,gr,3
HH10304001,gr,3
HH10304101,gr,1
HH10304201,gr,4
HH10304301,gr,1
HH10304401,gr,3
HH10304501,gr,4
HH10304601,gr,4
HH10304701,gr,3
HH10304801,gr,2
HH10304901,gr,2
HH10305001,gr,1
HH10305101,gr,2
HH10305201,gr,1
HH10305301,gr,2
HH10305401,gr,2
HH10305501,gr,6
HH10305601,gr,3
HH10305701,gr,1
HH10305801,gr,4
HH10305901,gr,4
HH10306001,gr,2
HH10306101,gr,4
HH10306201,gr,5
HH10306301,gr,4
HH11511703,gr,2
HH11511803,gr,3
HH11511804,gr,3
HH11511903,gr,1
HH11511904,gr,1
HH11512003,gr,4
HH11512103,gr,3
HH11512104,gr,3
HH11512203,gr,4
HH11512204,gr,4
HH11512303,gr,2
HH11512403,gr,1
HH11512503,gr,6
HH11512504,gr,6
HH11512603,gr,6
HH11512604,gr,3
HH11512703,gr,3
HH11512704,gr,3
HH11512803,gr,3
HH11512804,gr,3
HH11512903,gr,3
HH11512904,gr,3
HH11513003,gr,4
HH11513103,gr,1
HH11513104,gr,1
HH11513203,gr,3
HH11513204,gr,3
HH11513303,gr,3
HH11513403,gr,4
HH11513404,gr,4
HH11513503,gr,1
HH11513603,gr,3
HH11513604,gr,3
HH11513703,gr,4
HH11513704,gr,4
HH11513803,gr,2
HH11513903,gr,3
HH11514003,gr,2
HH11514103,gr,1
HH11514104,gr,1
HH11514203,gr,1
HH11514204,gr,1
HH11514303,gr,1
HH11514403,gr,4
HH11514503,gr,3
HH11514504,gr,3
HH11514603,gr,1
HH11514604,gr,1
HH11514703,gr,4
HH11514803,gr,5
HH11514804,gr,5
HH11514903,gr,4
HH11515003,gr,1
HH11515103,gr,4
HH11515203,gr,4
HH11515303,gr,2
HH11515304,gr,2
HH11515403,gr,4
HH11515404,gr,4
HH11515503,gr,4
HH11515504,gr,4
HH11515603,gr,4
HH11515604,gr,4
HH11515703,gr,2
HH11515803,gr,2
HH11515804,gr,2
HH11515903,gr,3
HH11515904,gr,3
HH11516003,gr,4
HH11516103,gr,2
HH11516104,gr,2
HH11516203,gr,4
HH11516204,gr,4
HH11516303,gr,3
HH11516403,gr,3
HH11516404,gr,3
HH11516503,gr,4
HH11516504,gr,4
HH11516603,gr,3
HH11516703,gr,3
HH11516704,gr,3
HH11516803,gr,4
HH11516804,gr,4
HH11516903,gr,5
HH11516904,gr,5
HH11517003,gr,3
HH11517004,gr,3
HH11517103,gr,3
HH11517104,gr,3
HH11517203,gr,4
HH11517303,gr,2
HH11517403,gr,3
HH11517404,gr,3
HH11517503,gr,5
HH11517504,gr,5
HH11517603,gr,1
HH11517604,gr,1
HH11517703,gr,4
HH11517803,gr,1
HH11517804,gr,2
HH11517903,gr,4
HH11517904,gr,4
HH11518003,gr,4
HH11518004,gr,4
HH11518103,gr,3
HH11518104,gr,3
HH11518203,gr,3
HH11518204,gr,3
HH11518303,gr,3
HH11518304,gr,3
HH11518403,gr,2
HH11518503,gr,3
HH11518504,gr,3
HH11518603,gr,3
HH11518703,gr,1
HH11518803,gr,4
HH11518804,gr,4
HH11518903,gr,3
HH11518904,gr,3
HH11519003,gr,3
HH11519103,gr,4
HH11519104,gr,4
HH11519203,gr,1
HH11519303,gr,2
HH11519403,gr,4
HH11519503,gr,2
HH11519603,gr,5
HH11519703,gr,3
HH11519704,gr,3
HH11519803,gr,1
HH11519804,gr,1
HH11519903,gr,1
HH11519904,gr,1
HH11520003,gr,4
HH11520004,gr,4
HH11520103,gr,4
HH11520104,gr,4
HH11520203,gr,1
HH11520204,gr,1
HH11520303,gr,4
HH11520304,gr,4
HH11520403,gr,2
HH11520404,gr,2
HH11520503,gr,2
HH11520603,gr,3
HH11520604,gr,3
HH11520703,gr,3
HH11520704,gr,3
HH11520803,gr,2
HH11520804,gr,2
HH11520903,gr,4
HH11521003,gr,1
HH11521103,gr,5
HH11521104,gr,5
HH11521203,gr,2
HH11521204,gr,2
HH11521303,gr,3
HH11521403,gr,4
HH11521503,gr,3
HH11521603,gr,3
HH11521703,gr,4
HH11521704,gr,4
HH11521803,gr,4
HH11521804,gr,4
HH11521903,gr,3
HH11521904,gr,3
HH11522003,gr,2
HH11522004,gr,2
HH11522103,gr,3
HH11522203,gr,4
HH11522303,gr,4
HH11522403,gr,4
HH11522404,gr,4
HH11522503,gr,3
HH11522603,gr,2
HH11522604,gr,2
HH11522703,gr,2
HH11522704,gr,2
HH11522803,gr,2
HH11522804,gr,2
HH11522903,gr,1
HH11522904,gr,1
HH11523003,gr,5
HH11523103,gr,9
HH11523104,gr,9
HH11523203,gr,2
HH11523303,gr,2
HH11523403,gr,4
HH11523404,gr,4
HH11523503,gr,4
HH11523603,gr,1
HH11523604,gr,1
HH11523703,gr,4
HH11523803,gr,3
HH11523804,gr,3
HH11523903,gr,4
HH11523904,gr,4
HH11524003,gr,4
HH11524103,gr,2
HH11524104,gr,2
HH11524203,gr,3
HH11524303,gr,4
HH11524403,gr,3
HH11524404,gr,3
HH11524503,gr,3
HH11524603,gr,4
HH11524604,gr,4
HH11524703,gr,4
HH11524803,gr,4
HH11524804,gr,4
HH11524903,gr,2
HH11524904,gr,2
HH11525003,gr,4
HH11525004,gr,4
HH11525103,gr,2
HH11525104,gr,2
HH11525203,gr,4
HH11525204,gr,4
HH11525303,gr,2
HH11525304,gr,2
HH11525403,gr,5
HH11525503,gr,3
HH11525504,gr,3
HH11525603,gr,3
HH11525604,gr,3
HH11525703,gr,3
HH11525803,gr,2
HH11525804,gr,2
HH11525903,gr,3
HH11525904,gr,3
HH11526003,gr,3
HH11526004,gr,3
HH11526103,gr,5
HH11526203,gr,2
HH11526204,gr,2
HH11526303,gr,1
HH11526304,gr,1
HH11526403,gr,3
HH11526503,gr,3
HH11526504,gr,3
HH11526603,gr,4
HH11526703,gr,4
HH11526704,gr,4
HH11526803,gr,1
HH11526903,gr,2
HH11526904,gr,2
HH11527003,gr,4
HH11527103,gr,3
HH11527203,gr,1
HH11527204,gr,1
HH11527303,gr,3
HH11527403,gr,6
HH11527404,gr,6
HH11527503,gr,2
HH11527603,gr,2
HH11527803,gr,3
HH11527804,gr,3
HH11527903,gr,1
HH11527904,gr,1
HH11528003,gr,2
HH11528103,gr,1
HH11528203,gr,4
HH11528204,gr,4
HH11528303,gr,2
HH11528304,gr,2
HH11528403,gr,4
HH11528404,gr,4
HH11528503,gr,4
HH11528603,gr,4
HH11528604,gr,4
HH11528703,gr,2
HH11528704,gr,2
HH11528803,gr,3
HH11528804,gr,3
HH11528903,gr,3
HH11529003,gr,4
HH11529004,gr,4
HH11529103,gr,3
HH11529203,gr,3
HH11529303,gr,4
HH11529304,gr,4
HH11529403,gr,4
HH11529503,gr,1
HH11529603,gr,3
HH11529703,gr,3
HH11529704,gr,3
HH11529803,gr,4
HH11529804,gr,4
HH11529903,gr,3
HH11530003,gr,3
HH11530103,gr,5
HH11530104,gr,5
HH11530203,gr,1
HH11530303,gr,2
HH11530403,gr,4
HH11530503,gr,1
HH11530603,gr,4
HH11530604,gr,4
HH11530703,gr,4
HH11530803,gr,4
HH11530903,gr,4
HH11531003,gr,2
HH11531004,gr,2
HH11531103,gr,3
HH11531104,gr,3
HH11531203,gr,8
HH11531204,gr,10
HH11531303,gr,3
HH11531304,gr,3
HH11531403,gr,4
HH11531503,gr,4
HH11531603,gr,2
HH11531604,gr,2
HH11531703,gr,3
HH11531704,gr,3
HH11531803,gr,1
HH11531804,gr,1
HH11531903,gr,2
HH11531904,gr,2
HH11532003,gr,3
HH11532103,gr,3
HH11532104,gr,3
HH11532203,gr,2
HH11532303,gr,7
HH11532403,gr,2
HH11532404,gr,2
HH11532503,gr,1
HH11532504,gr,1
HH11532603,gr,1
HH11532604,gr,1
HH11532703,gr,4
HH11532704,gr,4
HH11532803,gr,1
HH11532804,gr,1
HH11532903,gr,1
HH11532904,gr,1
HH11533003,gr,4
HH11533004,gr,8
HH11533103,gr,3
HH11533104,gr,2
HH11533203,gr,3
HH11533204,gr,3
HH11533303,gr,2
HH11533304,gr,2
HH11533403,gr,3
HH11533404,gr,3
HH11533503,gr,1
HH11533504,gr,1
HH11533603,gr,2
HH11533604,gr,3
HH11533703,gr,4
HH11533704,gr,4
HH11533803,gr,4
HH11533804,gr,4
HH11533903,gr,3
HH11533904,gr,3
HH11534003,gr,3
HH11534004,gr,3
HH11534103,gr,1
HH11534104,gr,1
HH11534203,gr,2
HH11534204,gr,2
HH11534303,gr,3
HH11534304,gr,3
HH11534403,gr,3
HH11534404,gr,3
HH11534503,gr,3
HH11534603,gr,2
HH11534703,gr,3
HH11534704,gr,3
HH11534803,gr,2
HH11534804,gr,2
HH11534903,gr,2
HH11534904,gr,2
HH11535003,gr,1
HH11535004,gr,2
HH11535103,gr,4
HH11535104,gr,4
HH11535203,gr,2
HH11535303,gr,2
HH11535304,gr,2
HH11535403,gr,4
HH11535503,gr,2
HH11535504,gr,2
HH11535603,gr,3
HH11535604,gr,3
HH11535703,gr,2
HH11535803,gr,2
HH11535804,gr,2
HH11535903,gr,5
HH11536003,gr,4
HH11536103,gr,1
HH11536104,gr,1
HH11536203,gr,2
HH11536204,gr,2
HH11536303,gr,2
HH11536304,gr,2
HH11536403,gr,2
HH11536503,gr,3
HH11536504,gr,3
HH11536603,gr,2
HH11536604,gr,2
HH11536703,gr,3
HH11536803,gr,2
HH11536903,gr,3
HH11536904,gr,3
HH11537003,gr,1
HH11537004,gr,1
HH11537103,gr,2
HH11537203,gr,1
HH11537204,gr,1
HH11537303,gr,3
HH11537304,gr,3
HH11537403,gr,1
HH11537404,gr,1
HH11537503,gr,3
HH11537504,gr,3
HH11537603,gr,3
HH11537703,gr,2
HH11537704,gr,2
HH11537803,gr,3
HH11537903,gr,4
HH11537904,gr,4
HH11538003,gr,3
HH11538103,gr,3
HH11538203,gr,5
HH11538303,gr,2
HH11538304,gr,3
HH11538403,gr,2
HH11538404,gr,2
HH11538503,gr,2
HH11538603,gr,1
HH11538703,gr,4
HH11538803,gr,2
HH11538903,gr,4
HH11539003,gr,2
HH11539103,gr,5
HH11539104,gr,5
HH11539203,gr,3
HH11539204,gr,3
HH11539303,gr,3
HH11539304,gr,3
HH11539403,gr,2
HH11539404,gr,2
HH11539503,gr,2
HH11539504,gr,2
HH11539603,gr,2
HH11539604,gr,2
HH11539703,gr,4
HH11539803,gr,1
HH11539903,gr,2
HH11539904,gr,2
HH11540003,gr,5
HH11540004,gr,5
HH11540103,gr,3
HH11540104,gr,3
HH11540203,gr,1
HH11540303,gr,3
HH11540304,gr,3
HH11540503,gr,4
HH11540603,gr,3
HH11540604,gr,3
HH11540703,gr,3
HH11540803,gr,1
HH11540903,gr,4
HH11540904,gr,4
HH11541003,gr,8
HH11541103,gr,3
HH11541203,gr,3
HH11541204,gr,3
HH11541303,gr,1
HH11541304,gr,1
HH11541403,gr,4
HH11541404,gr,4
HH11541503,gr,5
HH11541504,gr,5
HH11541603,gr,2
HH11541703,gr,4
HH11541704,gr,4
HH11541803,gr,3
HH11541903,gr,3
HH11542003,gr,1
HH11542004,gr,1
HH11542103,gr,3
HH11542203,gr,3
HH11542303,gr,5
HH11542403,gr,4
HH11542503,gr,5
HH11542603,gr,3
HH11542703,gr,4
HH11542704,gr,4
HH11542803,gr,1
HH11542903,gr,3
HH11542904,gr,3
HH11543003,gr,3
HH11543004,gr,3
HH11543103,gr,4
HH11543104,gr,4
HH11543203,gr,4
HH11543204,gr,4
HH11543303,gr,4
HH11543304,gr,4
HH11543403,gr,3
HH11543503,gr,2
HH11543504,gr,2
HH11543603,gr,4
HH11543703,gr,1
HH11543704,gr,1
HH11543903,gr,3
HH11544003,gr,4
HH11544103,gr,4
HH11544203,gr,4
HH11544204,gr,4
HH11544303,gr,4
HH11544403,gr,4
HH11544404,gr,4
HH11544503,gr,4
HH11544603,gr,4
HH11544703,gr,3
HH11544803,gr,3
HH11544903,gr,2
HH11545003,gr,3
HH11545103,gr,3
HH11545104,gr,3
HH11545203,gr,3
HH11545204,gr,3
HH11545303,gr,2
HH11545304,gr,2
HH11545403,gr,2
HH11545603,gr,1
HH11545703,gr,3
HH11545803,gr,4
HH11545903,gr,8
HH11546003,gr,4
HH11546103,gr,4
HH11546203,gr,4
HH11546303,gr,3
HH11546403,gr,5
HH11546503,gr,3
HH11546603,gr,3
HH11546703,gr,4
HH11546803,gr,3
HH11546903,gr,3
HH11547003,gr,1
HH11547103,gr,4
HH11547203,gr,4
HH11547303,gr,3
HH11547403,gr,3
HH11547503,gr,4
HH11547504,gr,4
HH11547603,gr,1
HH11547703,gr,3
HH11547704,gr,3
HH11547803,gr,3
HH11547903,gr,3
HH11548003,gr,4
HH11548004,gr,4
HH11548103,gr,1
HH11548203,gr,3
HH11548204,gr,3
HH11548303,gr,2
HH11548403,gr,4
HH11548503,gr,2
HH11548603,gr,2
HH11548604,gr,2
HH11548703,gr,3
HH11548704,gr,3
HH11548803,gr,1
HH11548903,gr,3
HH11549003,gr,1
HH11549103,gr,1
HH11549203,gr,2
HH11549303,gr,4
HH11549304,gr,4
HH11549403,gr,1
HH11549503,gr,3
HH11549603,gr,3
HH11549703,gr,4
HH11549803,gr,4
HH11549804,gr,4
HH11549903,gr,1
HH11549904,gr,1
HH11550003,gr,4
HH11550103,gr,4
HH11550203,gr,3
HH11550303,gr,1
HH11550403,gr,2
HH11550503,gr,5
HH11550703,gr,4
HH11550803,gr,3
HH11550903,gr,1
HH11551003,gr,3
HH11551004,gr,3
HH11551103,gr,1
HH11551203,gr,3
HH11551303,gr,2
HH11551403,gr,2
HH11551503,gr,1
HH11551603,gr,1
HH11551703,gr,1
HH11551803,gr,2
HH11551903,gr,4
HH11552003,gr,4
HH11552103,gr,3
HH11552203,gr,4
HH11552204,gr,4
HH11552303,gr,3
HH11552403,gr,4
HH11552503,gr,3
HH11552603,gr,2
HH11552703,gr,4
HH11552803,gr,4
HH11552804,gr,4
HH11552903,gr,2
HH11553003,gr,4
HH11553103,gr,1
HH11553203,gr,2
HH11553303,gr,4
HH11553403,gr,3
HH11553503,gr,3
HH11553603,gr,4
HH11553604,gr,4
HH11553703,gr,4
HH11553704,gr,4
HH11553803,gr,3
HH11553804,gr,3
HH11553903,gr,4
HH11554003,gr,4
HH11554004,gr,4
HH11554103,gr,3
HH11554104,gr,3
HH11554203,gr,4
HH11554303,gr,2
HH11554403,gr,1
HH11554503,gr,1
HH11554603,gr,2
HH11554703,gr,4
HH11554803,gr,3
HH11554804,gr,3
HH11554903,gr,3
HH11555003,gr,4
HH11555103,gr,3
HH11555104,gr,3
HH11555203,gr,2
HH11555303,gr,1
HH11555403,gr,4
HH11555503,gr,4
HH11555504,gr,4
HH11555603,gr,4
HH11555703,gr,3
HH11555704,gr,4
HH11555803,gr,1
HH11555903,gr,6
HH11556003,gr,1
HH11556103,gr,3
HH11556203,gr,4
HH11556303,gr,5
HH11556403,gr,1
HH11556503,gr,1
HH11556603,gr,3
HH11556703,gr,5
HH11556704,gr,5
HH11556803,gr,4
HH11556804,gr,4
HH11556903,gr,3
HH11557003,gr,4
HH11557004,gr,4
HH11557103,gr,1
HH11557203,gr,1
HH11557303,gr,5
HH11557403,gr,3
HH11557503,gr,3
HH11557603,gr,4
HH11557703,gr,2
HH11557803,gr,4
HH11557804,gr,4
HH11557903,gr,3
HH11558003,gr,2
HH11558103,gr,2
HH11558203,gr,3
HH11558204,gr,3
HH11558303,gr,2
HH11558403,gr,4
HH11558404,gr,4
HH11558503,gr,1
HH11558603,gr,4
HH11558703,gr,3
HH11558803,gr,3
HH11558903,gr,6
HH11559003,gr,2
HH11559103,gr,3
HH11559203,gr,2
HH11559303,gr,2
HH11559403,gr,1
HH11559503,gr,1
HH11559603,gr,1
HH11559703,gr,3
HH11559803,gr,4
HH11559903,gr,2
HH11560003,gr,1
HH11560102,gr,5
HH11560103,gr,3
HH11560202,gr,1
HH11560203,gr,2
HH11560302,gr,4
HH11560303,gr,3
HH11560402,gr,2
HH11560403,gr,1
HH11560502,gr,3
HH11560503,gr,1
HH11560602,gr,5
HH11560603,gr,4
HH11560702,gr,4
HH11560703,gr,4
HH11560704,gr,4
HH11560802,gr,3
HH11560902,gr,3
HH11560903,gr,3
HH11561002,gr,2
HH11561003,gr,4
HH11561102,gr,4
HH11561103,gr,3
HH11561202,gr,2
HH11561203,gr,3
HH11561302,gr,3
HH11561303,gr,3
HH11561304,gr,3
HH11561402,gr,1
HH11561403,gr,1
HH11561502,gr,3
HH11561503,gr,3
HH11561602,gr,4
HH11561603,gr,5
HH11561702,gr,3
HH11561703,gr,1
HH11561802,gr,3
HH11561803,gr,4
HH11561902,gr,2
HH11561903,gr,3
HH11561904,gr,3
HH11562002,gr,2
HH11562003,gr,3
HH11562102,gr,4
HH11562103,gr,5
HH11562202,gr,3
HH11562203,gr,3
HH11562302,gr,5
HH11562303,gr,4
HH11562402,gr,2
HH11562403,gr,1
HH11562502,gr,4
HH11562503,gr,3
HH11562602,gr,1
HH11562603,gr,3
HH11562702,gr,4
HH11562703,gr,3
HH11562802,gr,4
HH11562803,gr,4
HH11562902,gr,1
HH11562903,gr,1
HH11563002,gr,4
HH11563003,gr,3
HH11563102,gr,3
HH11563103,gr,2
HH11563104,gr,2
HH11563202,gr,1
HH11563203,gr,3
HH11563204,gr,3
HH11563302,gr,4
HH11563303,gr,2
HH11563402,gr,2
HH11563403,gr,4
HH11563404,gr,4
HH11563502,gr,5
HH11563503,gr,4
HH11563602,gr,2
HH11563603,gr,3
HH11563702,gr,2
HH11563703,gr,3
HH11563802,gr,3
HH11563803,gr,1
HH11563902,gr,3
HH11563903,gr,3
HH11563904,gr,3
HH11564002,gr,4
HH11564003,gr,3
HH11564102,gr,4
HH11564103,gr,3
HH11564202,gr,1
HH11564203,gr,5
HH11564302,gr,2
HH11564303,gr,3
HH11564402,gr,4
HH11564403,gr,4
HH11564404,gr,4
HH11564502,gr,3
HH11564503,gr,3
HH11564602,gr,2
HH11564603,gr,1
HH11564702,gr,3
HH11564703,gr,4
HH11564802,gr,2
HH11564803,gr,2
HH11564804,gr,2
HH11564902,gr,2
HH11564903,gr,1
HH11565002,gr,4
HH11565003,gr,4
HH11565102,gr,1
HH11565103,gr,3
HH11565202,gr,3
HH11565203,gr,5
HH11565302,gr,2
HH11565303,gr,3
HH11565402,gr,3
HH11565403,gr,2
HH11565502,gr,4
HH11565503,gr,5
HH11565504,gr,5
HH11565602,gr,4
HH11565603,gr,6
HH11565702,gr,3
HH11565703,gr,4
HH11565802,gr,4
HH11565803,gr,3
HH11565902,gr,1
HH11565903,gr,3
HH11566002,gr,4
HH11566003,gr,3
HH11566102,gr,2
HH11566103,gr,2
HH11566202,gr,4
HH11566203,gr,6
HH11566302,gr,4
HH11566303,gr,1
HH11566402,gr,3
HH11566403,gr,2
HH11566502,gr,4
HH11566503,gr,3
HH11566602,gr,6
HH11566603,gr,4
HH11566702,gr,5
HH11566703,gr,2
HH11566802,gr,2
HH11566803,gr,4
HH11566902,gr,4
HH11566903,gr,4
HH11567002,gr,4
HH11567003,gr,3
HH11567004,gr,3
HH11567102,gr,3
HH11567103,gr,4
HH11567202,gr,1
HH11567203,gr,3
HH11567204,gr,3
HH11567302,gr,3
HH11567303,gr,3
HH11567402,gr,4
HH11567403,gr,6
HH11567502,gr,3
HH11567503,gr,4
HH11567602,gr,4
HH11567603,gr,2
HH11567604,gr,2
HH11567702,gr,4
HH11567703,gr,2
HH11567802,gr,4
HH11567803,gr,4
HH11567902,gr,1
HH11567903,gr,6
HH11568002,gr,2
HH11568003,gr,4
HH11568102,gr,3
HH11568103,gr,3
HH11568104,gr,3
HH11568202,gr,3
HH11568203,gr,6
HH11568302,gr,3
HH11568303,gr,3
HH11568402,gr,5
HH11568403,gr,4
HH11568404,gr,4
HH11568502,gr,4
HH11568503,gr,3
HH11568602,gr,2
HH11568603,gr,2
HH11568702,gr,4
HH11568802,gr,4
HH11568902,gr,4
HH11569002,gr,2
HH11569102,gr,3
HH11569202,gr,5
HH11569302,gr,3
HH11569402,gr,2
HH11569502,gr,5
HH11569602,gr,4
HH11569702,gr,4
HH11569802,gr,4
HH11569902,gr,5
HH11570002,gr,3
HH11570102,gr,4
HH11570202,gr,4
HH11570302,gr,4
HH11570402,gr,3
HH11570502,gr,3
HH11570602,gr,5
HH11570702,gr,1
HH11570802,gr,1
HH11570902,gr,3
HH11571002,gr,4
HH11571102,gr,4
HH11571202,gr,1
HH11571302,gr,2
HH11571402,gr,4
HH11571502,gr,2
HH11571602,gr,2
HH11571702,gr,3
HH11571802,gr,4
HH11571902,gr,4
HH11572002,gr,5
HH11572102,gr,3
HH11572202,gr,3
HH11572302,gr,2
HH11572402,gr,2
HH11572502,gr,2
HH11572602,gr,4
HH11572702,gr,3
HH11572802,gr,4
HH11572902,gr,4
HH11573002,gr,4
HH11573102,gr,4
HH11573202,gr,4
HH11573302,gr,4
HH11573402,gr,3
HH11573502,gr,2
HH11573602,gr,3
HH11573702,gr,4
HH11573802,gr,1
HH11573902,gr,3
HH11574002,gr,3
HH11574102,gr,3
HH11574202,gr,4
HH11574302,gr,1
HH11574402,gr,4
HH11574502,gr,4
HH11574602,gr,1
HH11574702,gr,4
HH11574802,gr,4
HH11574902,gr,3
HH11575002,gr,2
HH11575102,gr,3
HH11575202,gr,3
HH11575302,gr,5
HH11575402,gr,4
HH11575502,gr,8
HH11575602,gr,4
HH11575702,gr,2
HH11575802,gr,4
HH11575902,gr,4
HH11576002,gr,3
HH11576102,gr,3
HH11576202,gr,1
HH11576302,gr,5
HH11576402,gr,2
HH11576502,gr,3
HH11576602,gr,4
HH11576702,gr,3
HH11576802,gr,4
HH11576902,gr,3
HH11577002,gr,3
HH11577102,gr,3
HH11577202,gr,1
HH11577302,gr,2
HH11577402,gr,4
HH11577502,gr,3
HH11577602,gr,3
HH11577702,gr,1
HH11577802,gr,4
HH11577902,gr,3
HH11578002,gr,3
HH11578102,gr,1
HH11578202,gr,2
HH11578302,gr,3
HH11578402,gr,4
HH11578502,gr,2
HH11578602,gr,3
HH11578702,gr,1
HH11578802,gr,3
HH11578902,gr,5
HH11579002,gr,1
HH11579102,gr,4
HH11579202,gr,3
HH11579302,gr,2
HH11579402,gr,4
HH11579502,gr,5
HH11579602,gr,4
HH11579702,gr,4
HH11579802,gr,4
HH11579902,gr,2
HH11580002,gr,7
HH11580102,gr,4
HH11580202,gr,2
HH11580302,gr,1
HH11580402,gr,7
HH11580502,gr,5
HH11580602,gr,1
HH11580702,gr,2
HH11580802,gr,1
HH11580902,gr,1
HH11581002,gr,4
HH11581102,gr,3
HH11581202,gr,3
HH11581302,gr,4
HH11581402,gr,5
HH11581502,gr,1
HH11581602,gr,2
HH11581702,gr,2
HH11581802,gr,1
HH11581902,gr,4
HH11582002,gr,2
HH11582102,gr,3
HH11582202,gr,4
HH11582302,gr,2
HH11582402,gr,3
HH11582502,gr,3
HH11582602,gr,4
HH11582702,gr,4
HH11582802,gr,4
HH11582902,gr,1
HH11583002,gr,4
HH11583102,gr,2
HH11583202,gr,4
HH11583302,gr,2
HH11583402,gr,3
HH11583502,gr,4
HH11583602,gr,4
HH11583702,gr,3
HH11583802,gr,3
HH11583902,gr,1
HH11584002,gr,3
HH11584102,gr,2
HH11584202,gr,1
HH11584302,gr,4
HH11584402,gr,6
HH11584502,gr,2
HH11584602,gr,4
HH11584702,gr,4
HH11584802,gr,5
HH11584902,gr,4
HH11585002,gr,2
HH11585102,gr,6
HH11585202,gr,2
HH11585302,gr,2
HH11585402,gr,4
HH11585502,gr,4
HH11585602,gr,2
HH11585702,gr,3
HH11585802,gr,4
HH11585902,gr,3
HH11586002,gr,5
HH11586102,gr,2
HH11586202,gr,2
HH11586302,gr,1
HH11586402,gr,4
HH11586502,gr,4
HH11586602,gr,4
HH11586702,gr,4
HH11586802,gr,3
HH11586902,gr,4
HH11587002,gr,1
HH11587102,gr,3
HH11587202,gr,2
HH11587302,gr,1
HH11587402,gr,3
HH11587502,gr,3
HH11587602,gr,2
HH11587702,gr,2
HH11587802,gr,3
HH11587902,gr,4
HH11588002,gr,3
HH11588102,gr,1
HH11588202,gr,3
HH11588302,gr,2
HH11588402,gr,1
HH11588502,gr,3
HH11588602,gr,3
HH11588702,gr,4
HH11588802,gr,2
HH11588902,gr,5
HH11589002,gr,2
HH11589102,gr,3
HH11589202,gr,3
HH11589302,gr,5
HH11589402,gr,3
HH11589502,gr,3
HH11589602,gr,2
HH11589702,gr,4
HH11589802,gr,6
HH11589902,gr,4
HH11590002,gr,3
HH11590102,gr,1
HH11590202,gr,4
HH11590302,gr,2
HH11590402,gr,3
HH11590502,gr,4
HH11590602,gr,4
HH11590702,gr,1
HH11590802,gr,3
HH11590902,gr,5
HH11591002,gr,4
HH11591102,gr,4
HH11591202,gr,5
HH11591302,gr,3
HH11591402,gr,3
HH11591502,gr,3
HH11591602,gr,2
HH11591702,gr,3
HH11591802,gr,4
HH11591902,gr,3
HH11592002,gr,1
HH11592102,gr,3
HH11592202,gr,4
HH11592302,gr,2
HH11592402,gr,2
HH11592502,gr,4
HH11592602,gr,2
HH11592702,gr,3
HH11592802,gr,1
HH11592902,gr,2
HH11593002,gr,2
HH11593102,gr,5
HH11593202,gr,7
HH11593302,gr,4
HH11593402,gr,4
HH11593502,gr,3
HH11593602,gr,2
HH11593702,gr,3
HH11593802,gr,3
HH11593902,gr,5
HH11594002,gr,2
HH11594102,gr,3
HH11594202,gr,7
HH11594302,gr,3
HH11594402,gr,2
HH11594502,gr,5
HH11594602,gr,5
HH11594702,gr,3
HH11594802,gr,3
HH11594902,gr,3
HH11595002,gr,4
HH11595102,gr,2
HH11595202,gr,4
HH11595302,gr,2
HH11595402,gr,2
HH11595502,gr,3
HH11595602,gr,4
HH11595702,gr,2
HH11595802,gr,3
HH11595902,gr,1
HH11596002,gr,3
HH11596102,gr,3
HH11596202,gr,2
HH11596302,gr,2
HH11596402,gr,4
HH11596502,gr,3
HH11596602,gr,4
HH11596702,gr,4
HH11596802,gr,4
HH11596902,gr,4
HH11597002,gr,2
HH11597102,gr,4
HH11597202,gr,2
HH11597302,gr,5
HH11597402,gr,4
HH11597502,gr,4
HH11597602,gr,5
HH11597702,gr,8
HH11597802,gr,2
HH11597902,gr,2
HH11598002,gr,4
HH11598102,gr,3
HH11598202,gr,3
HH11598302,gr,1
HH11598402,gr,1
HH11598502,gr,3
HH11598602,gr,1
HH11598702,gr,3
HH11598802,gr,3
HH11598902,gr,4
HH11599002,gr,3
HH11599102,gr,3
HH11599202,gr,3
HH11599302,gr,1
HH11599402,gr,2
HH11599502,gr,3
HH11599602,gr,6
HH11599702,gr,4
HH11599802,gr,2
HH11599902,gr,3
HH11600002,gr,2
HH11600102,gr,4
HH11600202,gr,3
HH11600302,gr,1
HH11600402,gr,2
HH11600502,gr,2
HH11600602,gr,4
HH11600702,gr,4
HH11600802,gr,3
HH11600902,gr,2
HH11601002,gr,3
HH11601102,gr,1
HH11601202,gr,3
HH11601302,gr,4
HH11601402,gr,3
HH11601502,gr,2
HH11601602,gr,4
HH11601702,gr,4
HH11601802,gr,4
HH11601902,gr,2
HH11602002,gr,3
HH11602102,gr,2
HH11602202,gr,1
HH11602302,gr,3
HH11602402,gr,1
HH11602502,gr,2
HH11602602,gr,1
HH11602702,gr,3
HH11602802,gr,2
HH11602902,gr,4
HH11603002,gr,2
HH11603102,gr,3
HH11603202,gr,3
HH11603302,gr,4
HH11603402,gr,2
HH11603502,gr,3
HH11603602,gr,2
HH11603702,gr,7
HH11603802,gr,4
HH11603902,gr,3
HH11604002,gr,5
HH11604102,gr,1
HH11604202,gr,1
HH11604302,gr,2
HH11604402,gr,3
HH11604502,gr,4
HH11604602,gr,4
HH11604702,gr,4
HH11604802,gr,2
HH11604902,gr,1
HH11605002,gr,4
HH11605102,gr,3
HH11605202,gr,2
HH11605302,gr,4
HH11605402,gr,2
HH11605502,gr,2
HH11605602,gr,3
HH11605702,gr,1
HH11605802,gr,1
HH11605902,gr,1
HH11606002,gr,2
HH11606102,gr,1
HH11606202,gr,1
HH11606302,gr,4
HH11606402,gr,3
HH11606502,gr,3
HH11606602,gr,3
HH11606702,gr,8
HH11606802,gr,3
HH11606902,gr,2
HH11607002,gr,4
HH11607102,gr,3
HH11607202,gr,7
HH11607302,gr,1
HH11607402,gr,1
HH11607502,gr,2
HH11607602,gr,3
HH11607702,gr,2
HH11607802,gr,2
HH11607902,gr,3
HH11608002,gr,3
HH11608102,gr,3
HH11608202,gr,4
HH11608302,gr,3
HH11608402,gr,1
HH11608502,gr,4
HH11608602,gr,4
HH11608702,gr,1
HH11608802,gr,2
HH11608902,gr,1
HH11609002,gr,1
HH11609102,gr,4
HH11609202,gr,2
HH11609302,gr,3
HH11609402,gr,1
HH11609502,gr,1
HH11609602,gr,2
HH11609702,gr,2
HH11609802,gr,4
HH11609902,gr,4
HH11610002,gr,4
HH11610102,gr,7
HH11610202,gr,5
HH11610302,gr,1
HH11610402,gr,3
HH11610502,gr,3
HH11610602,gr,3
HH11610702,gr,2
HH11610802,gr,2
HH11610902,gr,3
HH11611002,gr,4
HH11611102,gr,3
HH11611202,gr,4
HH11611302,gr,3
HH11611402,gr,6
HH11611502,gr,2
HH11611602,gr,2
HH11611702,gr,5
HH11611802,gr,4
HH11611902,gr,4
HH11612002,gr,1
HH11612102,gr,2
HH11612202,gr,5
HH11612302,gr,3
HH11612402,gr,5
HH11612502,gr,2
HH11612602,gr,4
HH11612702,gr,2
HH11612802,gr,1
HH11612902,gr,3
HH11613002,gr,4
HH11613102,gr,4
HH11613202,gr,2
HH11613302,gr,2
HH11613402,gr,1
HH11613502,gr,4
HH11613602,gr,4
HH11613702,gr,4
HH11613802,gr,2
HH11613902,gr,2
HH11614002,gr,2
HH11614102,gr,4
HH11614202,gr,1
HH11614302,gr,2
HH11614402,gr,5
HH11614502,gr,4
HH11614602,gr,2
HH11614702,gr,4
HH11614802,gr,2
HH11614902,gr,1
HH11615002,gr,3
HH11615102,gr,4
HH11615202,gr,2
HH11615302,gr,2
HH11615402,gr,4
HH11615502,gr,1
HH11615602,gr,5
HH11615702,gr,3
HH11615802,gr,2
HH11615902,gr,2
HH11616002,gr,4
HH11616102,gr,1
HH11616202,gr,2
HH11616302,gr,3
HH11616402,gr,4
HH11616502,gr,1
HH11616602,gr,3
HH11616702,gr,2
HH11616802,gr,4
HH11616902,gr,3
HH11617002,gr,4
HH11617102,gr,1
HH11617202,gr,4
HH11617302,gr,1
HH11617402,gr,2
HH11617502,gr,2
HH11617602,gr,3
HH11617702,gr,3
HH11617802,gr,3
HH11617902,gr,4
HH11618002,gr,3
HH11618102,gr,3
HH11618202,gr,4
HH11618302,gr,4
HH11618402,gr,5
HH11618502,gr,3
HH11618602,gr,3
HH11618702,gr,4
HH11618802,gr,4
HH11618902,gr,5
HH11619002,gr,4
HH11619102,gr,3
HH11619202,gr,3
HH11619302,gr,3
HH11619402,gr,4
HH11619502,gr,4
HH11619602,gr,3
HH11619702,gr,3
HH11619802,gr,4
HH11619902,gr,3
HH11620002,gr,3
HH11620102,gr,5
HH11620202,gr,4
HH11620302,gr,3
HH11620402,gr,3
HH11620502,gr,4
HH11620602,gr,3
HH11620702,gr,4
HH11620802,gr,4
HH11620902,gr,4
HH11621002,gr,3
HH11621102,gr,4
HH11621202,gr,4
HH11621302,gr,3
HH11621402,gr,3
HH11621502,gr,3
HH11621602,gr,4
HH11621702,gr,4
HH11621802,gr,3
HH11621902,gr,3
HH11622002,gr,4
HH11622102,gr,4
HH11622202,gr,3
HH11622302,gr,4
HH11622402,gr,4
HH11622502,gr,3
HH11622602,gr,3
HH11622702,gr,4
HH11622802,gr,4
HH11622902,gr,4
HH11778704,gr,4
HH11778804,gr,3
HH11778904,gr,3
HH11779004,gr,3
HH11779104,gr,3
HH11779204,gr,4
HH11779304,gr,4
HH11779404,gr,1
HH11779504,gr,3
HH11779604,gr,1
HH11779704,gr,2
HH11779804,gr,1
HH11779904,gr,1
HH11780004,gr,4
HH11780104,gr,1
HH11780204,gr,2
HH11780304,gr,4
HH11780404,gr,1
HH11780504,gr,3
HH11780604,gr,3
HH11780704,gr,4
HH11780804,gr,1
HH11780904,gr,2
HH11781004,gr,7
HH11781104,gr,1
HH11781204,gr,4
HH11781304,gr,4
HH11781404,gr,5
HH11781504,gr,1
HH11781604,gr,4
HH11781704,gr,1
HH11781804,gr,3
HH11781904,gr,4
HH11782004,gr,4
HH11782104,gr,2
HH11782204,gr,4
HH11782304,gr,1
HH11782404,gr,1
HH11782504,gr,2
HH11782604,gr,4
HH11782704,gr,5
HH11782804,gr,4
HH11782904,gr,4
HH11783004,gr,5
HH11783104,gr,3
HH11783204,gr,4
HH11783304,gr,2
HH11783404,gr,3
HH11783504,gr,4
HH11783604,gr,3
HH11783704,gr,4
HH11783804,gr,1
HH11783904,gr,3
HH11784004,gr,2
HH11784104,gr,1
HH11784204,gr,1
HH11784304,gr,3
HH11784404,gr,5
HH11784504,gr,3
HH11784604,gr,2
HH11784704,gr,5
HH11784804,gr,3
HH11784904,gr,4
HH11785004,gr,4
HH11785104,gr,1
HH11785204,gr,4
HH11785304,gr,4
HH11785404,gr,4
HH11785504,gr,2
HH11785604,gr,2
HH11785704,gr,4
HH11785804,gr,2
HH11785904,gr,2
HH11786004,gr,3
HH11786104,gr,2
HH11786204,gr,4
HH11786304,gr,4
HH11786404,gr,4
HH11786504,gr,2
HH11786604,gr,4
HH11786704,gr,2
HH11786804,gr,4
HH11786904,gr,1
HH11787004,gr,2
HH11787104,gr,3
HH11787204,gr,1
HH11787304,gr,4
HH11787404,gr,4
HH11787604,gr,4
HH11787704,gr,2
HH11787804,gr,4
HH11787904,gr,3
HH11788004,gr,2
HH11788104,gr,4
HH11788204,gr,3
HH11788304,gr,1
HH11788404,gr,3
HH11788504,gr,2
HH11788604,gr,2
HH11788704,gr,2
HH11788804,gr,1
HH11788904,gr,4
HH11789004,gr,3
HH11789104,gr,6
HH11789204,gr,3
HH11789304,gr,4
HH11789404,gr,2
HH11789504,gr,4
HH11789604,gr,NA
HH11789704,gr,2
HH11789804,gr,1
HH11789904,gr,2
HH11790004,gr,3
HH11790104,gr,2
HH11790204,gr,3
HH11790304,gr,3
HH11790404,gr,2
HH11790504,gr,1
HH11790604,gr,4
HH11790704,gr,2
HH11790804,gr,3
HH11790904,gr,1
HH11791004,gr,4
HH11791104,gr,2
HH11791204,gr,2
HH11791304,gr,2
HH11791404,gr,4
HH11791504,gr,2
HH11791604,gr,2
HH11791704,gr,5
HH11791804,gr,1
HH11791904,gr,2
HH11792004,gr,2
HH11792104,gr,2
HH11792204,gr,4
HH11792304,gr,2
HH11792404,gr,4
HH11792504,gr,7
HH11792604,gr,4
HH11792704,gr,2
HH11792804,gr,3
HH11792904,gr,1
HH11793004,gr,3
HH11793104,gr,2
HH11793204,gr,3
HH11793304,gr,4
HH11793404,gr,4
HH11793504,gr,8
HH11793604,gr,1
HH11793704,gr,4
HH11793804,gr,2
HH11793904,gr,2
HH11794004,gr,3
HH11794104,gr,2
HH11794204,gr,4
HH11794304,gr,3
HH11794404,gr,4
HH11794504,gr,3
HH11794604,gr,4
HH11794704,gr,5
HH11794804,gr,4
HH11794904,gr,4
HH11795004,gr,4
HH11795104,gr,3
HH11795204,gr,4
HH11795304,gr,4
HH11795404,gr,4
HH11795504,gr,5
HH11795604,gr,4
HH11795704,gr,5
HH11795804,gr,4
HH11795904,gr,1
HH11796004,gr,3
HH11796104,gr,3
HH11796204,gr,3
HH11796304,gr,5
HH11796404,gr,4
HH11796504,gr,4
HH11796604,gr,6
HH11796704,gr,2
HH11796804,gr,4
HH11796904,gr,4
HH11797004,gr,2
HH11797104,gr,1
HH11797204,gr,5
HH11797304,gr,3
HH11797404,gr,3
HH11797504,gr,4
HH11797604,gr,4
HH11797704,gr,2
HH11797804,gr,3
HH11797904,gr,3
HH11798004,gr,3
HH11798104,gr,4
HH11798204,gr,3
HH11798304,gr,3
HH11798404,gr,4
HH11798504,gr,1
HH11798604,gr,2
HH11798704,gr,2
HH11798804,gr,3
HH11798904,gr,3
HH11799004,gr,3
HH11799104,gr,3
HH11799204,gr,4
HH11799304,gr,4
HH11799404,gr,2
HH11799504,gr,4
HH11799604,gr,2
HH11799704,gr,4
HH11799804,gr,3
HH11799904,gr,1
HH11800004,gr,4
HH11800104,gr,2
HH11800204,gr,4
HH11800304,gr,3
HH11800404,gr,3
HH11800504,gr,5
HH11800604,gr,4
HH11800704,gr,3
HH11800804,gr,4
HH11800904,gr,6
HH11801004,gr,3
HH11801104,gr,1
HH11801204,gr,2
HH11801304,gr,1
HH11801404,gr,4
HH11801504,gr,3
HH11801604,gr,4
HH11801704,gr,3
HH11801804,gr,4
HH11801904,gr,3
HH11802004,gr,2
HH11802104,gr,3
HH11802204,gr,4
HH11802304,gr,2
HH11802404,gr,3
HH11802504,gr,4
HH11802604,gr,2
HH11802704,gr,3
HH11802804,gr,4
HH11802904,gr,3
HH11803004,gr,2
HH11803104,gr,3
HH11803204,gr,1
HH11803304,gr,1
HH11803404,gr,4
HH11803504,gr,3
HH11803604,gr,4
HH11803704,gr,6
HH11803804,gr,4
HH11803904,gr,5
HH11804004,gr,4
HH11804104,gr,4
HH11804204,gr,3
HH11804304,gr,4
HH11804404,gr,3
HH11804504,gr,1
HH11804604,gr,3
HH11804704,gr,1
HH11804804,gr,4
HH11804904,gr,1
HH11805004,gr,2
HH11805104,gr,4
HH11805204,gr,2
HH11805304,gr,3
HH11805404,gr,5
HH11805504,gr,2
HH11805604,gr,3
HH11805704,gr,3
HH11805804,gr,9
HH11805904,gr,3
HH11806004,gr,1
HH11806104,gr,4
HH11806204,gr,4
HH11806304,gr,3
HH11806404,gr,4
HH11806504,gr,1
HH11806604,gr,4
HH11806704,gr,3
HH11806804,gr,4
HH11806904,gr,4
HH11807004,gr,2
HH11807104,gr,4
HH11807204,gr,1
HH11807304,gr,2
HH11807404,gr,4
HH11807504,gr,4
HH11807604,gr,4
HH11807704,gr,3
HH11807804,gr,4
HH11807904,gr,4
HH11808004,gr,1
HH11808104,gr,3
HH11808204,gr,2
HH11808304,gr,1
HH11808404,gr,1
HH11808504,gr,5
HH11808604,gr,4
HH11808704,gr,1
HH11808804,gr,1
HH11808904,gr,3
HH11809004,gr,3
HH11809104,gr,2
HH11809204,gr,3
HH11809304,gr,1
HH11809404,gr,5
HH11809504,gr,1
HH11809604,gr,1
HH11809704,gr,1
HH11809804,gr,1
HH11809904,gr,2
HH11810004,gr,2
HH11810104,gr,1
HH11810204,gr,1
HH11810304,gr,2
HH11810404,gr,3
HH11810504,gr,4
