"part_id","Building_id","Q02_TYP","Q03_TIM","Q04_ADU","Q05_CHILD","Q06_COM","Q07_VIS"
30001,"2171_2",8,1,0,0,1,0
30004,"72_2",3,3,2,0,1,0
30004,"73_2",3,3,3,0,1,0
30008,"2172_2",1,2,2,2,1,1
30012,"146_2",2,4,3,3,0,0
30025,"10_2",2,4,3,3,0,0
30028,"1_2",2,5,3,0,10,NA
30029,"110_2",2,3,3,3,0,0
30030,"35_2",3,3,3,10,0,1
30030,"36_2",6,2,0,0,0,0
30031,"20_2",8,3,2,1,1,0
30032,"49_2",4,4,3,0,1,0
30032,"50_2",1,0,0,0,0,0
30033,"38_2",0,2,0,0,0,0
30034,"39_2",2,2,0,0,0,0
30034,"40_2",6,2,0,0,0,0
30034,"41_2",8,2,1,1,1,1
30035,"27_2",2,2,2,0,1,0
30035,"28_2",1,3,1,2,1,0
30036,"47_2",1,2,0,0,0,1
30036,"48_2",8,3,0,0,0,1
30037,"43_2",2,3,3,3,0,0
30039,"29_2",7,4,0,10,1,0
30040,"84_2",2,2,2,2,1,0
30040,"85_2",8,3,3,1,1,0
30042,"58_2",2,3,3,3,1,0
30043,"25_2",1,2,1,0,1,0
30043,"26_2",0,1,0,0,0,0
30044,"69_2",8,2,1,0,1,0
30044,"70_2",1,1,2,0,1,0
30046,"63_2",2,3,3,1,1,0
30046,"64_2",6,3,0,0,1,1
30047,"113_2",2,3,3,1,1,1
30047,"114_2",6,3,3,0,0,0
30049,"109_2",0,3,1,0,0,0
30050,"57_2",2,3,3,3,1,0
30051,"55_2",2,3,2,2,1,NA
30051,"56_2",10,2,0,0,0,NA
30052,"2175_2",1,4,1,1,0,1
30053,"95_2",2,3,3,3,1,0
30054,"134_2",1,3,3,3,0,0
30054,"135_2",8,3,2,1,0,0
30056,"12_2",2,4,3,3,1,0
30057,"102_2",7,5,2,10,1,0
30058,"133_2",2,3,2,0,0,0
30061,"6_2",7,4,0,10,1,0
30062,"151_2",8,3,0,0,0,1
30063,"100_2",2,3,3,3,1,0
30067,"101_2",2,3,3,3,1,0
30069,"14_2",7,4,2,0,1,1
30069,"15_2",8,3,1,0,1,1
30071,"98_2",2,3,3,3,1,0
30073,"13_2",7,4,3,3,1,1
30074,"32_2",1,3,1,0,1,0
30077,"5_2",7,4,1,10,1,0
30078,"2184_2",2,3,2,0,1,0
30080,"118_2",4,4,3,2,1,0
30081,"4_2",7,4,0,1,0,NA
30082,"105_2",8,3,2,0,1,0
30086,"96_2",1,2,2,0,0,0
30087,"60_2",0,1,0,0,0,0
30087,"61_2",1,3,1,0,1,0
30088,"2182_2",1,4,3,1,0,1
30088,"2183_2",8,1,1,0,0,1
30089,"16_2",5,3,3,0,0,0
30091,"44_2",2,3,3,3,1,0
30093,"7_2",0,1,0,0,0,1
30093,"8_2",8,3,3,0,1,0
30095,"65_2",1,1,1,0,0,NA
30095,"66_2",2,3,3,10,1,NA
30096,"68_2",7,5,1,0,1,1
30100,"87_2",3,3,3,0,0,1
30100,"88_2",8,1,0,0,0,1
30103,"62_2",0,2,3,10,0,0
30104,"112_2",8,4,1,0,1,0
30106,"2_2",0,2,0,0,0,0
30106,"3_2",1,0,3,0,0,1
30107,"59_2",0,2,1,0,0,0
30109,"111_2",2,3,3,0,0,0
30113,"86_2",0,3,1,0,0,1
30116,"97_2",2,3,2,10,1,0
30118,"24_2",0,3,1,0,1,0
30120,"51_2",1,2,2,2,1,NA
30121,"2180_2",1,0,0,10,0,1
30122,"23_2",2,3,2,0,0,0
30123,"2178_2",4,3,3,0,0,1
30123,"2179_2",1,3,3,3,1,0
30129,"89_2",2,3,3,10,0,0
30129,"90_2",1,1,1,1,0,1
30131,"71_2",8,3,2,1,0,1
30132,"147_2",0,2,0,0,0,1
30132,"148_2",0,2,0,0,0,1
30132,"149_2",1,0,1,0,0,1
30132,"150_2",2,3,3,3,10,1
30133,"2166_2",2,3,3,3,0,1
30133,"2167_2",8,1,1,10,0,0
30134,"120_2",3,3,3,0,0,1
30135,"9_2",2,3,3,3,0,0
30136,"2168_2",2,3,3,3,0,1
30136,"2169_2",8,1,10,1,0,1
30137,"2170_2",1,2,3,2,10,1
30139,"11_2",2,3,3,3,0,0
30140,"91_2",2,3,3,3,10,1
30140,"92_2",3,3,3,1,10,1
30140,"93_2",8,1,0,10,1,0
30143,"45_2",2,3,3,3,10,1
30145,"99_2",2,3,3,3,0,0
30148,"2173_2",2,3,2,10,0,1
30148,"2174_2",1,3,2,10,0,1
30153,"74_2",7,3,0,0,0,0
30153,"75_2",8,2,2,0,1,0
30153,"76_2",8,2,0,0,1,0
30153,"77_2",8,2,0,0,1,0
30156,"67_2",3,3,2,0,0,1
30164,"119_2",3,3,2,10,0,1
30168,"30_2",8,3,3,1,1,0
30172,"34_2",2,4,2,10,1,0
30173,"17_2",8,1,2,0,1,0
30173,"18_2",1,1,3,3,1,0
30173,"19_2",8,1,1,0,1,0
30176,"33_2",4,3,0,10,1,0
30179,"94_2",0,3,0,0,0,0
30180,"52_2",2,3,3,0,0,1
30180,"53_2",8,3,3,0,1,0
30183,"107_2",1,0,0,0,0,0
30187,"103_2",7,4,2,10,1,0
30188,"54_2",8,4,3,2,0,0
30189,"2176_2",2,3,3,2,0,1
30189,"2177_2",1,2,2,2,0,1
30191,"108_2",7,4,0,10,1,0
30193,"46_2",8,5,0,0,0,1
30195,"78_2",1,2,0,10,1,0
30196,"106_2",1,3,1,2,1,0
30197,"21_2",2,3,3,3,10,1
30197,"22_2",1,2,2,2,10,1
30199,"31_2",7,4,1,10,1,0
30200,"104_2",2,3,3,3,1,0
40001,"159_2",0,0,0,1,0,0
40003,"237_2",7,3,2,10,1,1
40003,"238_2",1,2,3,10,1,0
40004,"189_2",5,2,1,0,1,0
40004,"190_2",1,1,3,2,0,0
40005,"166_2",8,3,2,0,1,0
40008,"170_2",1,1,0,0,0,0
40011,"173_2",7,4,0,10,1,1
40011,"174_2",1,2,0,10,1,0
40011,"182_2",7,1,0,10,1,1
40011,"494_2",6,2,1,10,0,1
40012,"216_2",2,3,3,2,0,0
40013,"160_2",2,3,3,3,1,0
40016,"240_2",8,3,1,0,1,0
40023,"208_2",1,1,1,0,1,0
40023,"209_2",8,2,0,0,1,0
40024,"140_2",10,3,3,3,0,NA
40028,"142_2",1,0,0,0,0,0
40028,"144_2",1,0,0,0,0,0
40031,"186_2",7,6,3,0,1,1
40031,"188_2",3,2,2,10,0,1
40032,"141_2",0,3,1,0,0,0
40032,"1011_2",0,4,0,0,0,0
40034,"157_2",8,4,0,10,0,1
40035,"207_2",1,1,3,3,1,0
40036,"2206_2",1,2,1,1,1,1
40037,"156_2",1,2,0,0,0,0
40038,"232_2",7,2,2,0,1,1
40038,"233_2",1,2,0,0,1,1
40038,"234_2",7,2,10,0,1,1
40038,"235_2",7,2,2,0,1,0
40038,"236_2",0,3,0,0,0,1
40039,"205_2",7,6,1,0,1,1
40039,"206_2",3,3,3,0,1,0
40040,"498_2",0,10,10,10,10,NA
40043,"495_2",7,5,1,0,1,1
40043,"496_2",3,4,3,0,1,0
40043,"497_2",7,2,2,0,1,0
40044,"2207_2",1,1,2,2,0,1
40044,"2208_2",8,1,2,2,0,1
40047,"215_2",7,5,3,3,1,1
40048,"191_2",6,2,1,0,0,0
40048,"192_2",0,3,0,0,10,NA
40049,"245_2",8,0,0,0,1,0
40050,"2209_2",8,2,1,0,0,1
40051,"2210_2",8,10,3,3,0,1
40052,"2211_2",3,3,3,1,1,0
40053,"167_2",4,2,3,10,0,0
40055,"2212_2",2,3,3,1,0,1
40059,"2213_2",8,6,1,10,0,1
40060,"184_2",4,4,3,0,1,1
40060,"185_2",1,0,0,0,0,0
40062,"164_2",2,3,3,3,1,0
40062,"165_2",0,3,0,1,0,0
40063,"2214_2",8,5,2,10,10,1
40064,"239_2",4,3,3,3,0,0
40067,"2181_2",1,2,3,10,0,1
40068,"241_2",1,1,3,3,1,0
40068,"242_2",1,4,1,1,1,0
40068,"243_2",1,0,0,0,0,0
40068,"244_2",8,0,1,0,0,0
40070,"218_2",4,4,3,0,1,0
40071,"2185_2",1,3,10,1,10,1
40074,"201_2",8,2,0,0,1,0
40074,"202_2",1,2,2,0,1,0
40074,"203_2",1,2,3,2,1,0
40074,"204_2",1,2,3,3,1,0
40075,"220_2",4,3,10,3,0,1
40076,"2186_2",8,1,2,0,0,0
40077,"136_2",8,1,3,3,0,0
40079,"489_2",3,3,3,1,0,1
40079,"490_2",6,4,2,1,0,1
40081,"172_2",7,3,2,2,0,0
40083,"168_2",6,1,0,0,0,0
40083,"169_2",0,2,0,0,0,0
40084,"139_2",8,3,1,0,0,NA
40087,"210_2",4,3,3,10,1,0
40087,"211_2",3,2,1,0,0,0
40088,"2187_2",0,3,1,10,0,1
40092,"2190_2",7,3,2,3,0,1
40093,"250_2",2,3,3,3,10,1
40096,"2191_2",4,3,1,3,0,1
40096,"2192_2",0,1,2,10,0,0
40104,"227_2",8,0,0,10,0,1
40117,"228_2",0,4,0,0,1,1
40117,"229_2",3,3,3,0,0,0
40121,"79_2",1,1,0,1,0,1
40121,"80_2",1,2,1,0,0,1
40121,"81_2",1,10,10,10,10,NA
40121,"82_2",1,1,10,10,10,NA
40121,"83_2",1,10,10,10,10,NA
40125,"491_2",1,10,10,10,10,NA
40125,"492_2",1,10,10,10,10,NA
40125,"493_2",3,10,10,10,10,NA
40129,"222_2",8,2,3,0,1,0
40129,"223_2",1,1,2,0,1,0
40129,"224_2",1,2,1,0,1,0
40131,"2195_2",0,1,0,0,0,1
40135,"247_2",2,3,3,3,0,1
40135,"248_2",1,2,3,2,10,0
40135,"249_2",0,1,3,0,1,0
40141,"171_2",1,0,0,10,0,0
40142,"225_2",0,2,0,0,0,0
40142,"226_2",0,0,0,0,0,0
40143,"1012_2",8,4,2,0,1,NA
40144,"212_2",1,3,3,1,1,1
40144,"213_2",3,5,3,0,0,1
40146,"161_2",0,2,0,0,0,0
40146,"162_2",0,1,0,0,0,0
40146,"163_2",8,1,0,0,0,0
40147,"158_2",3,3,3,0,0,0
40148,"252_2",3,3,2,0,0,1
40150,"221_2",4,3,2,10,1,0
40151,"152_2",8,1,0,0,1,0
40151,"153_2",1,1,3,2,1,0
40151,"154_2",3,3,3,10,1,0
40151,"155_2",3,3,3,10,1,0
40154,"219_2",0,3,0,10,0,1
40161,"214_2",4,4,3,0,1,1
40162,"2188_2",2,3,0,2,1,0
40162,"2189_2",2,3,1,1,0,1
40163,"2193_2",0,0,0,0,0,0
40163,"2194_2",8,3,0,0,0,1
40167,"2196_2",8,1,0,10,0,1
40170,"488_2",0,3,2,3,0,0
40171,"2197_2",1,3,1,0,1,1
40173,"187_2",8,3,1,0,0,0
40175,"193_2",1,3,10,10,10,NA
40175,"194_2",10,10,10,10,10,NA
40175,"195_2",10,10,10,10,10,NA
40175,"196_2",10,10,10,10,10,NA
40175,"197_2",10,10,10,10,10,NA
40175,"198_2",10,10,10,10,10,NA
40175,"199_2",7,1,10,10,10,NA
40175,"200_2",8,1,10,10,10,NA
40178,"217_2",1,0,0,10,0,0
40179,"2201_2",8,1,0,0,1,0
40180,"2202_2",0,5,0,0,0,1
40180,"2203_2",1,1,1,1,0,1
40184,"254_2",0,3,0,0,0,0
40185,"253_2",1,1,10,0,1,0
40188,"138_2",8,3,3,3,0,0
40192,"256_2",0,2,0,0,0,0
40193,"246_2",0,10,3,10,10,1
40196,"137_2",8,3,3,3,0,0
40197,"251_2",8,2,0,0,1,0
40198,"2204_2",0,3,0,0,1,1
40198,"2205_2",0,1,0,0,0,1
40200,"145_2",10,3,3,3,10,0
50001,"440_2",2,3,3,2,0,1
50001,"441_2",0,2,0,0,0,1
50002,"422_2",2,3,3,3,1,0
50002,"423_2",3,3,3,0,0,0
50004,"470_2",0,2,0,0,0,1
50005,"448_2",3,3,3,2,0,1
50006,"416_2",0,2,0,0,0,1
50006,"417_2",3,3,2,0,0,1
50006,"418_2",6,1,0,0,0,1
50006,"419_2",8,1,0,0,1,1
50006,"420_2",2,3,2,2,10,1
50007,"2198_2",0,2,0,0,0,0
50007,"2199_2",2,3,3,10,0,NA
50007,"2200_2",1,0,0,0,0,1
50008,"466_2",0,2,0,0,0,0
50008,"467_2",1,0,0,0,0,0
50008,"468_2",8,2,2,2,0,0
50010,"377_2",2,3,3,3,1,0
50010,"378_2",0,4,0,1,0,1
50012,"454_2",1,0,0,0,0,0
50012,"455_2",0,1,0,0,0,1
50013,"533_2",2,4,2,0,0,1
50013,"534_2",1,0,0,0,1,0
50016,"464_2",2,3,2,0,1,0
50016,"465_2",8,3,2,0,1,0
50017,"854_2",5,3,3,2,10,NA
50017,"855_2",0,0,0,0,10,1
50021,"452_2",0,1,1,0,0,0
50024,"462_2",1,0,0,0,0,0
50025,"560_2",3,3,2,0,0,1
50027,"353_2",2,3,3,3,1,0
50027,"354_2",0,2,0,0,0,1
50028,"457_2",1,0,0,0,0,0
50028,"458_2",8,1,1,1,0,0
50029,"459_2",0,1,0,0,0,1
50029,"460_2",1,0,0,0,0,1
50031,"434_2",8,4,0,10,1,0
50033,"424_2",1,0,0,0,0,0
50035,"480_2",8,2,0,0,1,0
50039,"428_2",0,0,0,0,0,0
50041,"404_2",7,5,2,0,1,1
50041,"405_2",3,3,2,0,0,0
50043,"415_2",1,0,0,10,1,0
50045,"461_2",3,3,3,0,0,0
50049,"401_2",2,3,3,3,1,0
50053,"406_2",3,2,2,10,0,0
50053,"856_2",3,2,2,10,0,0
50057,"482_2",0,2,0,0,10,0
50066,"530_2",2,3,2,1,0,0
50066,"531_2",4,4,2,10,1,0
50067,"336_2",1,2,1,0,1,1
50071,"393_2",1,1,1,0,0,1
50071,"394_2",3,4,2,0,0,1
50071,"395_2",8,2,1,0,0,1
50071,"396_2",0,1,0,0,0,1
50073,"506_2",1,1,0,0,0,1
50073,"507_2",3,3,2,0,0,1
50073,"779_2",8,2,2,0,1,1
50074,"437_2",3,3,2,1,0,1
50074,"438_2",0,1,1,0,1,1
50077,"476_2",2,3,2,1,0,0
50078,"475_2",1,1,0,0,1,0
50078,"857_2",7,5,3,0,1,0
50081,"403_2",0,4,0,0,0,1
50082,"541_2",8,3,3,0,0,0
50082,"542_2",0,1,0,0,0,0
50083,"519_2",3,3,2,0,0,1
50083,"520_2",1,2,1,0,0,1
50085,"436_2",8,0,0,10,1,0
50089,"439_2",1,3,1,0,1,0
50090,"463_2",0,1,0,0,0,0
50093,"537_2",8,2,2,0,0,0
50095,"469_2",8,3,0,0,0,0
50096,"397_2",1,2,2,2,1,1
50096,"398_2",7,4,2,1,1,1
50097,"399_2",3,3,3,0,0,1
50098,"456_2",2,4,3,3,0,0
50099,"426_2",2,3,2,2,0,0
50099,"427_2",0,2,0,0,1,0
50100,"388_2",3,3,2,0,0,1
50100,"389_2",0,1,1,0,0,1
50101,"435_2",5,3,3,3,0,0
50102,"409_2",1,1,0,10,0,0
50103,"442_2",0,2,0,0,0,0
50105,"421_2",0,0,0,0,10,0
50107,"430_2",8,2,2,0,1,0
50109,"544_2",7,4,3,0,1,1
50110,"413_2",1,10,0,10,0,0
50110,"414_2",0,10,0,0,1,0
50111,"445_2",0,2,0,10,0,0
50111,"446_2",1,0,0,0,0,0
50111,"447_2",6,0,0,0,0,0
50112,"366_2",5,3,3,1,0,NA
50112,"367_2",3,2,0,10,0,NA
50115,"410_2",0,2,0,0,0,1
50115,"411_2",8,1,0,0,0,1
50115,"412_2",5,3,3,2,1,1
50118,"402_2",1,1,0,1,1,0
50119,"535_2",5,4,3,3,0,1
50119,"536_2",1,1,0,0,0,0
50120,"338_2",0,1,1,0,0,0
50120,"345_2",1,1,0,0,0,0
50120,"346_2",3,2,3,0,0,0
50122,"358_2",1,0,1,0,0,1
50122,"359_2",2,2,2,1,0,1
50122,"360_2",5,2,2,2,1,0
50123,"355_2",2,3,3,3,0,0
50123,"356_2",1,0,0,0,1,0
50123,"357_2",0,1,0,0,0,1
50124,"502_2",1,2,0,10,0,0
50124,"503_2",1,0,0,10,0,0
50126,"362_2",1,0,0,0,0,1
50126,"363_2",6,1,1,0,0,1
50126,"365_2",8,0,1,1,1,0
50128,"550_2",2,4,3,3,0,1
50128,"551_2",0,1,2,10,10,0
50129,"556_2",5,2,2,0,1,1
50130,"381_2",1,0,0,0,0,0
50131,"347_2",2,3,3,3,0,0
50131,"348_2",1,2,1,0,1,0
50131,"349_2",6,2,10,10,10,1
50131,"350_2",6,2,10,10,10,1
50132,"472_2",0,4,3,2,1,0
50133,"525_2",1,1,0,0,0,1
50133,"526_2",2,3,3,3,1,0
50134,"384_2",4,3,3,0,0,1
50134,"385_2",3,3,2,0,0,0
50134,"386_2",2,0,0,1,10,0
50135,"361_2",3,6,2,1,0,1
50136,"508_2",0,2,0,0,0,0
50137,"500_2",2,3,3,3,0,0
50137,"501_2",0,2,1,0,1,1
50138,"382_2",0,0,0,0,0,1
50138,"383_2",1,2,1,1,0,1
50138,"858_2",8,0,0,0,0,1
50139,"373_2",1,1,1,0,0,1
50139,"374_2",3,2,2,1,0,1
50139,"375_2",8,0,1,1,1,1
50140,"471_2",0,2,0,2,0,1
50141,"522_2",2,3,3,3,1,0
50141,"523_2",5,2,3,3,1,0
50142,"449_2",1,1,0,10,0,0
50142,"450_2",3,3,3,10,0,1
50142,"451_2",5,3,10,2,1,0
50143,"379_2",1,1,0,0,0,1
50143,"380_2",3,3,1,0,0,1
50144,"484_2",5,3,3,0,1,1
50145,"370_2",4,4,3,0,1,1
50145,"371_2",0,1,0,0,0,0
50147,"543_2",4,4,3,10,0,1
50148,"390_2",0,1,0,0,0,1
50148,"391_2",3,3,2,0,0,1
50148,"392_2",1,0,1,0,0,1
50153,"372_2",0,1,0,0,0,0
50154,"528_2",1,0,0,0,0,1
50154,"529_2",0,1,0,0,0,1
50155,"532_2",0,2,0,0,0,0
50157,"351_2",2,2,0,0,0,0
50157,"352_2",0,1,0,0,0,0
50158,"453_2",3,4,2,0,0,1
50159,"546_2",1,1,2,10,1,0
50159,"547_2",1,1,2,10,1,0
50159,"548_2",1,1,2,10,1,0
50163,"515_2",3,3,1,0,0,1
50165,"400_2",1,0,0,0,0,0
50166,"557_2",0,2,0,0,0,0
50166,"558_2",1,1,0,0,0,0
50166,"559_2",7,4,2,0,1,1
50167,"510_2",3,3,2,0,0,1
50171,"512_2",0,3,0,0,0,1
50171,"513_2",1,2,1,0,0,0
50173,"408_2",0,2,0,0,1,0
50175,"554_2",0,3,0,0,0,0
50175,"555_2",1,2,1,0,0,1
50178,"368_2",1,2,0,10,0,1
50179,"473_2",2,3,2,0,1,0
50179,"474_2",6,2,1,10,1,0
50182,"369_2",2,3,3,3,1,0
50185,"431_2",0,0,0,0,0,1
50185,"432_2",2,3,2,1,1,1
50185,"433_2",1,0,0,0,0,1
50186,"407_2",2,3,3,3,1,0
50189,"552_2",0,0,0,0,0,1
50189,"553_2",1,2,1,0,1,0
50191,"425_2",8,2,2,0,10,1
50193,"477_2",0,2,0,0,0,1
50193,"478_2",1,1,1,0,1,0
50193,"479_2",2,3,2,1,1,0
50194,"387_2",0,4,0,0,0,1
50195,"443_2",3,4,3,0,0,0
50195,"444_2",1,0,1,0,0,1
50197,"517_2",3,3,0,0,0,1
50197,"518_2",0,0,0,0,0,1
50198,"545_2",1,0,0,10,0,0
50199,"429_2",3,4,3,0,0,0
60005,"481_2",2,3,3,2,0,0
60007,"131_2",0,5,3,2,0,0
60008,"516_2",3,4,3,2,0,0
60009,"132_2",0,4,3,0,1,0
60011,"129_2",0,5,3,2,0,1
60013,"128_2",0,3,0,0,0,0
60017,"499_2",2,3,3,3,0,0
60020,"295_2",1,1,0,10,1,0
60020,"297_2",8,3,3,10,1,0
60021,"514_2",5,3,1,1,0,0
60024,"312_2",0,5,3,0,0,1
60028,"278_2",1,1,3,1,1,0
60033,"123_2",2,3,3,2,0,0
60037,"124_2",3,3,2,10,0,0
60042,"527_2",0,3,0,0,0,1
60044,"287_2",0,2,0,0,0,0
60044,"288_2",4,4,1,3,0,1
60047,"332_2",0,0,0,0,0,0
60049,"334_2",0,1,0,10,0,0
60051,"329_2",0,3,0,0,0,1
60051,"330_2",2,3,2,10,0,1
60052,"255_2",4,3,2,3,0,1
60053,"326_2",4,4,3,10,0,1
60054,"258_2",7,4,1,0,0,1
60054,"259_2",0,2,0,0,0,1
60056,"308_2",0,2,0,0,0,0
60057,"327_2",1,3,1,0,0,0
60057,"328_2",0,2,0,0,0,0
60058,"257_2",4,4,3,0,1,1
60059,"321_2",3,3,1,0,1,1
60059,"322_2",7,4,0,0,1,1
60064,"283_2",3,4,2,0,0,1
60064,"284_2",6,3,0,0,0,1
60065,"279_2",1,1,0,10,1,0
60065,"280_2",1,1,0,10,1,0
60065,"281_2",1,1,0,10,1,1
60065,"282_2",1,2,0,10,1,0
60068,"313_2",0,1,0,0,0,0
60070,"303_2",1,1,0,10,0,0
60074,"261_2",3,3,1,0,0,0
60080,"122_2",0,3,3,2,0,1
60087,"126_2",0,2,0,0,0,0
60092,"125_2",7,3,3,0,0,1
60109,"130_2",5,3,3,3,1,0
60112,"316_2",2,3,2,0,0,0
60120,"335_2",0,1,0,0,0,0
60124,"331_2",0,2,0,0,0,0
60128,"325_2",0,0,0,0,0,0
60129,"292_2",5,1,2,0,1,0
60129,"293_2",8,3,3,0,1,1
60129,"294_2",1,0,2,0,0,0
60130,"483_2",8,3,0,0,0,0
60131,"324_2",0,0,0,0,0,0
60133,"504_2",8,4,0,0,0,1
60133,"505_2",3,4,3,0,0,1
60135,"314_2",8,3,2,1,0,0
60135,"315_2",1,0,0,0,0,0
60136,"290_2",0,3,0,0,0,0
60137,"260_2",7,4,10,1,0,0
60138,"302_2",0,6,3,2,0,1
60141,"296_2",0,5,3,0,0,1
60142,"337_2",8,3,0,0,0,0
60144,"320_2",0,3,0,0,0,0
60145,"511_2",0,2,0,0,0,0
60146,"509_2",3,5,3,0,0,1
60147,"323_2",0,2,0,0,0,0
60149,"487_2",1,2,2,0,0,0
60150,"319_2",5,2,1,0,0,0
60151,"339_2",8,3,1,0,1,0
60152,"309_2",0,3,3,0,0,0
60152,"310_2",2,2,0,0,0,0
60153,"127_2",0,5,3,2,0,0
60157,"300_2",8,3,0,0,0,1
60168,"524_2",0,1,0,0,0,0
60173,"298_2",0,4,0,0,0,1
60177,"317_2",0,3,3,2,1,0
60181,"311_2",4,3,3,10,0,0
60183,"289_2",4,3,3,10,0,0
60184,"277_2",3,3,1,0,0,1
60186,"273_2",1,0,0,10,0,0
60186,"274_2",1,0,1,10,0,0
60186,"275_2",1,0,0,0,0,0
60186,"276_2",1,0,0,0,0,0
60189,"304_2",0,2,0,0,0,1
60191,"291_2",1,0,0,10,0,1
60192,"286_2",0,2,0,0,0,0
60193,"318_2",5,3,3,2,0,0
60195,"305_2",1,0,0,10,0,0
60195,"306_2",2,3,3,10,0,0
60199,"307_2",1,1,0,10,0,0
60200,"285_2",4,4,3,0,0,1
70001,"610_2",1,0,0,0,0,0
70002,"635_2",0,4,0,0,0,0
70002,"636_2",1,0,0,0,0,0
70005,"629_2",0,1,2,2,0,0
70006,"700_2",3,3,1,0,0,0
70010,"671_2",0,10,0,0,0,0
70010,"672_2",10,1,10,10,10,NA
70015,"660_2",0,3,0,1,0,0
70015,"661_2",2,3,2,0,0,0
70017,"615_2",0,3,3,3,0,0
70019,"658_2",0,3,0,0,0,0
70019,"659_2",1,0,0,0,0,0
70028,"614_2",7,5,0,0,1,0
70033,"576_2",7,4,1,0,1,1
70033,"577_2",0,2,0,0,0,0
70036,"605_2",1,1,0,0,0,0
70036,"606_2",7,2,0,0,0,0
70039,"563_2",1,1,0,1,0,1
70040,"680_2",0,1,0,0,0,1
70040,"681_2",0,1,0,0,0,1
70040,"682_2",8,2,10,0,1,0
70044,"678_2",3,3,2,0,0,0
70044,"679_2",0,2,0,0,0,0
70048,"621_2",7,4,1,0,1,1
70054,"652_2",0,2,0,0,0,0
70054,"653_2",1,1,0,0,0,0
70054,"654_2",6,2,0,0,0,0
70054,"655_2",7,5,0,0,0,1
70054,"656_2",10,10,10,0,0,0
70056,"589_2",1,1,1,0,1,1
70056,"590_2",1,2,1,0,1,1
70056,"592_2",1,1,1,0,1,1
70056,"593_2",1,1,1,0,1,1
70056,"594_2",7,2,2,2,1,1
70056,"595_2",7,2,1,1,1,1
70056,"596_2",8,2,3,0,1,1
70057,"609_2",7,5,2,0,1,0
70058,"691_2",1,1,0,0,0,0
70058,"692_2",7,5,1,0,0,1
70059,"568_2",7,10,10,10,10,NA
70059,"569_2",1,10,10,10,10,NA
70059,"571_2",8,10,10,10,10,NA
70059,"572_2",8,10,10,10,10,NA
70059,"920_2",3,3,3,0,0,0
70060,"564_2",3,3,3,0,0,0
70061,"598_2",3,4,2,0,0,0
70061,"599_2",0,2,0,0,0,0
70063,"622_2",4,3,2,0,1,0
70063,"623_2",8,3,0,0,0,0
70063,"624_2",0,3,0,0,0,0
70063,"625_2",0,2,0,0,1,0
70064,"570_2",4,1,2,2,0,1
70064,"573_2",4,2,2,2,0,1
70064,"574_2",4,2,0,0,0,1
70064,"575_2",4,2,1,2,0,1
70068,"664_2",2,3,3,3,0,0
70070,"565_2",0,0,0,0,0,0
70070,"566_2",1,0,0,0,0,0
70072,"645_2",1,1,0,0,0,0
70072,"646_2",10,4,0,0,0,0
70072,"647_2",1,0,0,0,0,0
70074,"683_2",7,5,0,0,1,1
70074,"684_2",8,1,10,10,0,0
70075,"921_2",6,3,3,0,0,1
70075,"922_2",0,0,0,0,0,1
70076,"648_2",1,2,0,0,0,0
70079,"626_2",0,0,2,1,0,1
70079,"627_2",0,1,2,0,0,1
70079,"628_2",0,1,1,1,0,1
70085,"665_2",0,1,0,0,1,0
70085,"666_2",1,2,0,0,1,0
70085,"667_2",8,2,1,0,1,0
70085,"668_2",4,3,1,0,1,0
70089,"662_2",3,0,2,0,0,0
70089,"663_2",3,4,3,0,0,0
70090,"676_2",1,0,0,0,0,0
70090,"677_2",4,3,3,3,0,1
70091,"657_2",3,3,3,0,0,0
70093,"689_2",4,4,3,0,0,0
70095,"707_2",3,5,3,0,0,1
70096,"923_2",3,3,2,0,0,0
70097,"685_2",7,0,3,0,1,1
70098,"675_2",7,6,3,0,0,1
70101,"702_2",7,4,0,0,1,0
70102,"695_2",1,2,0,0,0,0
70103,"669_2",8,3,1,0,0,1
70103,"670_2",0,1,0,0,0,0
70105,"651_2",3,4,3,0,0,NA
70109,"649_2",1,3,0,0,0,0
70109,"650_2",3,3,3,3,0,0
70110,"673_2",4,3,3,0,0,0
70110,"674_2",3,3,2,0,0,1
70111,"561_2",4,3,3,0,0,1
70111,"562_2",3,3,2,0,0,0
70112,"578_2",1,0,0,0,0,0
70112,"579_2",4,0,1,2,0,0
70116,"632_2",1,3,1,0,0,0
70116,"633_2",8,3,1,10,1,NA
70122,"925_2",0,2,0,0,0,1
70129,"686_2",0,3,0,0,0,0
70131,"699_2",1,0,0,0,0,1
70137,"630_2",1,3,0,0,0,0
70137,"631_2",3,3,2,2,0,1
70140,"588_2",0,4,0,0,0,0
70145,"617_2",1,1,0,0,0,0
70147,"703_2",10,0,3,3,0,1
70149,"582_2",7,5,2,0,0,1
70150,"705_2",1,1,2,1,0,1
70150,"706_2",2,2,3,1,0,1
70153,"616_2",7,4,2,0,1,0
70154,"604_2",0,3,2,0,0,1
70155,"704_2",4,0,2,10,1,1
70156,"696_2",1,1,0,0,0,0
70156,"697_2",4,3,3,10,0,1
70156,"698_2",8,2,0,0,1,0
70158,"607_2",7,4,3,0,1,1
70158,"608_2",1,0,2,0,0,1
70160,"634_2",7,5,0,0,1,0
70161,"583_2",2,2,2,0,0,1
70161,"585_2",0,2,0,0,0,1
70164,"611_2",0,3,0,0,0,0
70164,"612_2",8,1,1,0,1,0
70164,"613_2",0,0,0,0,0,1
70166,"694_2",1,4,0,0,0,1
70167,"637_2",3,3,3,0,0,0
70167,"638_2",4,3,3,0,1,1
70167,"639_2",8,2,0,0,0,1
70168,"586_2",3,4,2,0,0,1
70168,"587_2",1,1,0,0,0,0
70171,"701_2",6,5,1,0,0,1
70174,"687_2",1,1,0,0,0,0
70174,"688_2",6,2,0,0,0,0
70178,"567_2",1,0,1,0,0,0
70179,"591_2",7,4,2,0,0,1
70182,"618_2",4,4,3,0,1,0
70182,"619_2",6,2,0,0,0,0
70182,"620_2",1,2,3,1,1,0
70183,"597_2",1,3,0,0,0,0
70183,"926_2",3,4,3,0,1,1
70188,"640_2",2,3,2,1,0,0
70188,"641_2",1,0,0,0,0,0
70192,"642_2",3,4,3,0,0,0
70192,"643_2",3,0,2,0,0,0
70196,"644_2",3,2,2,0,0,0
70197,"693_2",10,10,10,2,0,1
70200,"600_2",0,10,3,0,0,0
70200,"601_2",3,10,10,1,0,0
70200,"602_2",6,2,10,0,0,0
70200,"603_2",3,0,10,0,0,0
80001,"773_2",5,4,3,3,0,1
80005,"769_2",7,5,3,0,1,1
80006,"747_2",8,3,0,0,0,0
80007,"727_2",0,4,0,0,1,0
80009,"755_2",4,4,3,3,0,1
80010,"745_2",2,3,3,0,0,0
80012,"763_2",0,3,0,0,0,0
80013,"768_2",0,3,0,0,0,1
80014,"710_2",4,4,3,0,0,NA
80015,"735_2",2,3,3,0,0,0
80016,"764_2",1,0,0,0,0,0
80017,"944_2",5,2,1,0,1,1
80018,"750_2",1,4,1,0,0,1
80018,"751_2",5,2,1,0,0,0
80019,"758_2",6,4,0,0,0,1
80019,"759_2",1,3,0,1,1,1
80020,"766_2",3,3,1,0,0,0
80023,"713_2",3,3,3,0,0,1
80024,"776_2",0,2,0,0,0,0
80025,"717_2",7,5,3,0,1,1
80028,"777_2",1,2,0,0,10,1
80030,"709_2",7,4,1,0,1,1
80031,"743_2",2,4,3,2,0,NA
80032,"775_2",1,3,0,0,0,1
80033,"738_2",1,3,0,0,0,1
80034,"774_2",7,5,1,0,1,1
80035,"757_2",0,3,1,0,0,NA
80037,"770_2",8,5,3,0,1,1
80038,"712_2",0,3,0,0,0,0
80041,"714_2",0,2,0,0,0,1
80042,"711_2",2,6,3,3,0,0
80048,"771_2",7,5,3,0,1,1
80052,"762_2",0,3,0,0,0,1
80053,"737_2",1,1,1,0,0,1
80055,"721_2",0,2,0,0,0,0
80057,"772_2",0,3,1,1,0,1
80060,"760_2",0,3,3,1,0,0
80064,"746_2",2,3,3,3,0,0
80076,"724_2",0,4,0,0,1,1
80077,"761_2",2,4,2,1,0,1
80087,"720_2",5,4,2,0,0,1
80092,"739_2",3,3,0,0,0,0
80094,"744_2",0,2,0,0,0,1
80099,"754_2",1,3,3,2,1,0
80103,"742_2",1,5,3,1,0,1
80104,"756_2",4,3,0,0,1,0
80108,"741_2",1,4,0,0,0,0
80122,"748_2",0,2,0,0,0,0
80122,"749_2",8,1,3,0,1,0
80123,"719_2",8,3,2,0,1,1
80128,"740_2",8,4,2,0,1,0
80130,"752_2",0,3,0,0,0,0
80130,"753_2",2,3,3,1,0,1
80131,"715_2",0,2,0,0,0,0
80132,"778_2",4,4,3,10,0,1
80133,"765_2",3,3,3,0,0,0
80133,"767_2",7,4,3,10,1,1
80134,"722_2",8,2,3,2,0,1
80151,"718_2",5,0,1,0,0,0
80152,"945_2",3,2,0,0,0,0
80173,"726_2",0,3,1,0,0,0
80177,"734_2",1,1,2,0,1,0
80179,"723_2",1,0,0,0,0,1
80185,"725_2",0,3,0,0,0,1
80195,"736_2",1,3,0,0,0,1
90001,"1098_2",0,1,0,0,0,0
90001,"1099_2",1,1,0,0,0,0
90001,"1100_2",1,1,1,0,0,0
90001,"1101_2",0,0,0,0,0,0
90001,"1102_2",2,2,3,1,0,0
90001,"1103_2",5,1,3,0,0,0
90001,"1104_2",6,1,0,0,0,0
90001,"1105_2",7,3,1,0,1,1
90002,"1181_2",1,0,0,0,0,0
90003,"1034_2",0,4,0,0,0,0
90004,"1110_2",0,0,0,0,0,0
90004,"1111_2",1,0,0,0,0,0
90004,"1112_2",5,2,2,0,0,0
90004,"1113_2",3,3,2,0,0,0
90006,"1076_2",2,3,3,0,0,0
90007,"1106_2",1,1,0,1,0,0
90007,"1107_2",6,2,0,0,0,0
90007,"1108_2",1,1,1,0,0,0
90007,"1109_2",3,3,3,0,0,0
90008,"1265_2",0,1,0,0,0,0
90008,"1266_2",2,4,1,0,0,0
90008,"1267_2",0,1,0,0,0,0
90009,"1082_2",7,3,0,0,0,0
90010,"1114_2",7,2,1,0,1,1
90011,"1133_2",1,1,0,0,0,0
90011,"1134_2",1,1,1,1,0,0
90011,"1135_2",2,3,2,0,0,0
90012,"1268_2",0,3,0,0,0,0
90013,"1189_2",8,4,3,3,0,0
90014,"1185_2",8,2,0,0,10,0
90015,"1275_2",0,3,3,1,10,0
90016,"1263_2",8,4,3,0,0,1
90017,"1221_2",1,6,0,0,0,1
90018,"1026_2",0,3,0,0,0,0
90018,"1027_2",8,3,0,0,0,0
90019,"1073_2",1,0,0,10,0,0
90019,"1074_2",0,0,0,10,0,0
90019,"1075_2",3,0,3,10,0,0
90020,"1018_2",1,2,0,0,0,0
90022,"1036_2",1,2,1,0,0,0
90022,"1037_2",3,3,1,0,0,0
90023,"1198_2",2,3,2,0,0,0
90025,"1071_2",2,3,2,0,0,0
90025,"1072_2",1,2,3,0,1,0
90026,"1149_2",0,3,0,0,1,0
90030,"1152_2",0,1,0,0,0,0
90030,"1153_2",8,2,3,3,0,0
90031,"1065_2",8,2,3,3,0,1
90031,"1066_2",8,2,0,0,0,0
90032,"1170_2",3,3,2,0,0,0
90032,"1171_2",8,3,3,3,0,0
90033,"1203_2",2,3,3,3,0,0
90034,"1019_2",0,2,0,0,0,0
90034,"1021_2",1,1,2,1,0,0
90035,"1040_2",2,3,3,3,0,0
90036,"1090_2",2,3,3,3,0,0
90036,"1091_2",0,2,0,0,0,0
90036,"1092_2",1,0,0,0,0,0
90037,"1257_2",0,2,0,0,0,0
90037,"1259_2",2,3,3,3,0,0
90038,"1242_2",3,3,2,0,1,0
90038,"1244_2",5,2,3,3,0,0
90039,"1147_2",0,2,0,0,0,0
90041,"1064_2",5,3,0,0,0,1
90043,"1041_2",1,2,1,1,0,0
90043,"1042_2",0,1,1,0,0,0
90044,"1087_2",1,1,0,0,0,0
90044,"1088_2",8,3,3,1,0,0
90046,"1095_2",1,1,0,0,0,0
90047,"1077_2",0,3,1,0,0,0
90048,"1432_2",7,5,3,0,1,0
90049,"1055_2",8,1,0,0,0,0
90050,"1093_2",8,2,2,0,1,1
90050,"1094_2",1,3,0,0,1,0
90051,"1124_2",0,2,0,0,0,0
90051,"1125_2",1,1,0,0,0,0
90051,"1126_2",2,3,3,0,0,0
90052,"1052_2",1,2,1,0,1,1
90052,"1053_2",7,4,1,0,1,0
90052,"1054_2",3,3,3,0,0,0
90053,"1083_2",8,1,3,0,1,0
90053,"1084_2",7,6,3,0,1,0
90054,"1200_2",8,2,1,0,0,0
90055,"1130_2",2,5,3,3,0,0
90056,"1173_2",3,3,10,2,0,0
90057,"1161_2",0,2,0,0,0,0
90057,"1162_2",0,1,3,3,0,0
90057,"1163_2",0,2,0,0,0,0
90057,"1164_2",0,3,1,0,0,1
90058,"1123_2",3,1,3,0,0,1
90060,"1190_2",0,2,0,0,0,0
90061,"1156_2",0,2,0,0,0,0
90061,"1157_2",1,2,3,3,10,0
90063,"1051_2",0,3,2,0,1,0
90064,"1154_2",8,4,3,3,1,0
90065,"1120_2",0,3,0,0,0,0
90065,"1121_2",3,4,2,0,0,0
90066,"1070_2",1,0,0,0,0,0
90067,"1131_2",3,6,2,0,0,1
90068,"1118_2",1,3,0,0,0,0
90068,"1119_2",7,4,10,2,1,0
90069,"1205_2",0,3,1,0,0,0
90071,"1115_2",3,3,3,3,0,0
90071,"1116_2",0,1,0,0,0,0
90072,"1262_2",0,2,0,0,0,0
90073,"1028_2",8,3,3,3,0,0
90073,"1029_2",0,2,0,0,0,0
90074,"1201_2",1,0,0,0,0,0
90075,"1204_2",8,1,0,0,0,0
90076,"1206_2",7,4,1,0,1,0
90077,"1117_2",7,4,2,0,1,0
90078,"1202_2",0,4,0,0,0,0
90080,"1048_2",7,4,1,0,1,0
90081,"1159_2",4,3,3,0,1,0
90081,"1160_2",1,0,0,0,0,0
90082,"1199_2",1,1,0,0,0,1
90083,"1195_2",4,4,3,0,1,0
90083,"1196_2",8,3,2,0,1,1
90083,"1197_2",4,2,2,0,0,0
90085,"1096_2",0,3,3,0,0,0
90085,"1097_2",1,1,0,0,0,0
90086,"1078_2",0,1,0,0,0,0
90086,"1079_2",1,0,1,0,0,0
90087,"1080_2",4,4,3,0,0,0
90087,"1081_2",0,3,0,0,0,0
90088,"1278_2",2,3,3,3,0,0
90089,"1140_2",1,0,0,0,1,0
90089,"1141_2",1,2,0,0,1,0
90090,"1043_2",0,3,0,0,1,0
90090,"1044_2",0,2,0,0,1,0
90090,"1045_2",0,5,0,0,1,0
90090,"1046_2",1,1,0,0,1,0
90090,"1047_2",8,0,0,0,1,1
90091,"1057_2",2,3,3,0,0,0
90091,"1058_2",8,2,1,0,0,0
90091,"1059_2",0,2,0,0,0,0
90092,"1223_2",1,1,0,0,0,0
90094,"1067_2",0,2,1,0,0,0
90094,"1068_2",1,1,0,0,0,0
90094,"1069_2",2,3,3,3,0,0
90096,"1215_2",4,1,0,0,0,0
90096,"1216_2",0,0,0,0,0,0
90096,"1217_2",1,1,0,0,0,0
90097,"1222_2",1,6,0,0,0,1
90099,"1030_2",1,1,1,0,0,0
90100,"1211_2",3,5,3,0,1,0
90101,"1122_2",0,6,0,0,0,0
90102,"1172_2",8,2,3,3,0,0
90103,"1245_2",8,10,1,10,0,0
90104,"1220_2",1,1,3,3,1,0
90105,"1061_2",1,2,2,0,0,0
90106,"1176_2",2,2,1,0,0,0
90107,"1178_2",0,2,0,0,0,0
90108,"1214_2",0,2,0,0,1,0
90110,"1060_2",4,3,3,0,0,0
90111,"1177_2",3,2,3,0,0,0
90112,"1186_2",5,3,3,3,0,0
90113,"1277_2",3,3,1,0,0,0
90114,"1056_2",4,3,3,0,1,0
90115,"1279_2",8,2,1,0,0,0
90116,"1049_2",0,3,0,0,0,0
90117,"1260_2",0,3,0,0,0,0
90117,"1261_2",3,2,2,0,0,0
90118,"1174_2",0,3,1,0,1,0
90118,"1175_2",7,3,1,0,1,0
90120,"1169_2",0,1,0,0,0,0
90121,"1224_2",8,2,3,0,1,0
90122,"1025_2",2,3,1,0,0,0
90123,"1139_2",0,3,0,0,0,0
90124,"1209_2",1,1,0,0,0,0
90124,"1210_2",7,3,0,0,1,NA
90124,"1212_2",0,10,0,0,0,0
90125,"1179_2",8,5,2,1,0,1
90126,"1035_2",4,4,3,0,1,0
90127,"1165_2",0,1,0,0,0,0
90129,"1031_2",4,3,2,0,0,0
90129,"1032_2",1,5,0,0,0,1
90129,"1033_2",1,2,0,0,0,0
90130,"1038_2",1,6,0,0,0,1
90130,"1039_2",4,2,1,0,0,0
90132,"1128_2",0,3,0,0,0,0
90133,"1167_2",1,1,0,0,0,0
90133,"1168_2",8,4,0,0,0,1
90134,"1062_2",1,2,0,0,0,0
90134,"1063_2",0,1,0,0,0,0
90135,"1180_2",8,3,1,0,0,0
90136,"1129_2",0,3,0,0,0,0
90137,"1251_2",2,3,3,3,0,0
90137,"1252_2",0,3,0,0,0,0
90138,"1213_2",7,5,2,0,0,0
90139,"1193_2",0,2,0,0,0,0
90139,"1194_2",5,3,3,0,0,0
90140,"1184_2",5,3,3,3,0,0
90144,"1150_2",3,0,3,2,0,0
90147,"1166_2",3,3,3,0,0,0
90148,"1142_2",1,0,0,0,0,0
90148,"1143_2",1,0,1,0,0,1
90148,"1144_2",1,1,1,0,0,1
90148,"1145_2",3,2,3,0,1,NA
90148,"1146_2",3,3,3,0,1,0
90150,"1155_2",0,2,0,0,1,0
90151,"1085_2",7,4,2,0,1,1
90151,"1086_2",1,0,0,0,0,0
90152,"1188_2",0,3,3,0,0,0
90153,"1191_2",0,3,2,0,0,0
90153,"1192_2",1,1,0,0,0,0
90154,"1089_2",1,2,1,0,1,0
90155,"1158_2",3,3,3,0,0,0
90156,"1187_2",0,2,0,0,0,0
90157,"1022_2",7,4,2,0,1,0
90157,"1023_2",0,3,0,0,0,0
90157,"1024_2",1,3,3,0,1,0
90161,"1132_2",5,3,3,3,0,0
90165,"1050_2",0,3,0,0,0,0
90169,"1218_2",3,3,3,0,0,0
90169,"1219_2",0,3,0,0,0,0
90173,"1269_2",7,4,3,0,1,0
90177,"1182_2",7,4,2,0,1,0
90177,"1183_2",0,3,3,3,1,0
90181,"1138_2",3,4,3,0,0,0
90185,"1136_2",1,3,3,3,10,0
90185,"1137_2",0,3,0,0,10,0
90193,"1020_2",0,3,0,0,1,0
90197,"1151_2",2,4,3,3,1,0
100001,"830_2",0,3,10,1,0,1
100001,"831_2",8,0,1,0,0,1
100002,"986_2",5,3,3,3,0,0
100002,"987_2",0,2,3,0,0,1
100003,"852_2",1,0,0,0,0,1
100003,"853_2",8,0,0,0,0,0
100004,"883_2",0,5,0,0,0,1
100004,"884_2",8,2,0,0,1,1
100004,"885_2",2,1,3,1,0,1
100004,"886_2",1,1,3,0,1,0
100006,"988_2",0,2,0,0,1,1
100006,"991_2",0,3,1,0,0,NA
100007,"798_2",8,2,3,1,1,1
100007,"799_2",0,1,0,0,0,1
100008,"992_2",0,0,0,0,0,1
100008,"993_2",8,5,0,0,0,1
100009,"730_2",7,6,0,0,1,0
100009,"731_2",1,0,1,0,0,0
100009,"732_2",8,2,3,0,1,0
100010,"994_2",8,5,0,0,0,1
100011,"733_2",2,3,3,3,0,1
100012,"881_2",3,0,3,0,0,1
100012,"882_2",0,2,0,0,0,1
100012,"1017_2",1,0,0,0,0,1
100013,"728_2",1,0,1,0,0,0
100013,"729_2",3,3,3,0,0,1
100013,"1013_2",7,6,2,10,1,0
100014,"878_2",4,3,3,0,1,1
100014,"879_2",2,3,1,0,0,1
100014,"880_2",0,2,0,0,1,1
100014,"1014_2",0,3,0,0,0,1
100015,"832_2",2,3,3,3,0,0
100015,"833_2",1,1,0,0,0,0
100015,"834_2",8,4,3,3,0,1
100017,"835_2",1,1,0,0,0,0
100019,"913_2",0,2,1,0,0,0
100020,"995_2",1,1,3,0,1,1
100020,"996_2",1,2,0,0,1,1
100020,"997_2",1,2,0,0,1,1
100020,"998_2",1,0,3,0,1,1
100020,"999_2",0,3,0,0,0,1
100021,"914_2",7,3,3,10,1,0
100024,"915_2",2,3,3,3,10,1
100024,"916_2",8,1,0,10,0,0
100026,"889_2",2,3,3,3,0,1
100026,"890_2",8,5,2,0,0,1
100026,"891_2",4,2,2,0,0,1
100027,"917_2",1,1,1,0,0,1
100028,"918_2",2,3,3,3,0,1
100028,"919_2",8,1,0,0,0,0
100029,"864_2",4,4,3,0,1,0
100029,"865_2",1,2,2,0,1,0
100030,"874_2",2,4,3,0,0,1
100030,"875_2",0,2,0,0,0,1
100030,"876_2",0,1,0,0,0,1
100030,"877_2",8,5,0,0,0,1
100031,"866_2",8,3,1,0,1,0
100031,"867_2",1,1,0,0,0,0
100032,"871_2",4,3,3,0,1,1
100032,"872_2",8,3,3,0,1,1
100032,"873_2",0,4,0,0,0,1
100034,"887_2",0,2,0,0,0,1
100034,"888_2",0,2,0,0,0,1
100035,"868_2",4,4,3,3,1,1
100035,"869_2",1,0,0,0,0,1
100035,"870_2",4,3,2,1,0,1
100036,"800_2",3,3,10,10,0,1
100036,"801_2",1,0,0,10,0,0
100037,"924_2",0,1,1,0,0,0
100039,"927_2",4,3,3,0,1,0
100039,"928_2",8,3,0,10,1,1
100039,"929_2",7,3,2,0,1,1
100040,"930_2",0,3,0,0,0,1
100041,"931_2",8,3,0,0,1,0
100044,"784_2",0,2,1,10,0,1
100045,"983_2",8,0,1,0,1,0
100047,"863_2",2,3,3,3,0,0
100050,"789_2",1,1,0,0,0,1
100050,"790_2",5,2,0,0,1,1
100050,"791_2",8,1,0,0,1,1
100050,"792_2",8,1,0,0,1,1
100050,"793_2",8,1,0,0,1,1
100050,"794_2",8,1,0,0,1,1
100050,"795_2",8,1,0,0,1,1
100050,"796_2",8,0,0,0,1,1
100050,"797_2",8,0,0,0,1,1
100052,"785_2",6,2,0,0,0,1
100052,"786_2",8,1,2,2,1,1
100052,"787_2",8,1,2,2,1,1
100055,"981_2",2,3,3,3,0,0
100055,"982_2",0,3,1,0,0,0
100057,"845_2",3,4,3,0,0,1
100057,"846_2",0,2,0,0,0,1
100058,"932_2",0,2,0,0,0,1
100058,"933_2",1,1,1,1,0,1
100058,"934_2",0,3,1,0,0,1
100059,"912_2",1,0,3,0,1,0
100061,"935_2",1,5,3,0,1,1
100061,"936_2",2,1,2,0,0,1
100061,"937_2",7,4,3,0,1,1
100062,"842_2",1,1,0,0,0,1
100062,"843_2",0,2,0,0,0,1
100062,"844_2",0,1,1,0,0,1
100063,"903_2",0,3,0,0,0,1
100063,"904_2",0,1,0,0,0,0
100063,"905_2",0,3,0,0,0,1
100063,"906_2",1,0,0,0,0,1
100063,"907_2",1,0,0,0,0,0
100063,"908_2",1,0,0,0,0,1
100063,"909_2",2,3,3,3,1,1
100064,"941_2",0,1,0,0,0,1
100064,"942_2",1,1,0,1,0,1
100064,"943_2",1,3,2,0,0,1
100067,"910_2",2,3,3,3,1,0
100068,"824_2",8,1,0,0,1,1
100068,"825_2",8,1,0,0,1,1
100068,"826_2",8,1,0,0,1,1
100068,"827_2",8,1,0,0,1,1
100069,"979_2",0,0,0,0,0,1
100069,"980_2",1,1,0,0,0,1
100070,"946_2",0,1,0,0,0,1
100070,"947_2",0,3,0,0,0,1
100071,"782_2",0,3,1,0,0,1
100072,"783_2",0,2,0,10,0,1
100073,"948_2",0,2,0,0,1,1
100075,"847_2",0,3,0,0,0,1
100075,"848_2",7,4,3,0,1,1
100078,"949_2",0,0,0,0,0,1
100078,"950_2",0,0,0,0,0,1
100078,"951_2",0,1,0,0,0,1
100079,"952_2",0,6,0,0,1,1
100081,"953_2",0,1,0,0,0,1
100081,"954_2",0,3,0,0,1,1
100081,"955_2",0,2,1,0,1,1
100081,"956_2",0,5,0,0,0,1
100081,"957_2",1,0,1,0,0,1
100085,"958_2",0,3,1,0,0,1
100085,"959_2",0,1,0,0,0,1
100085,"1016_2",0,2,1,0,1,1
100086,"849_2",0,2,1,1,0,1
100086,"850_2",0,2,0,0,0,1
100086,"851_2",1,0,1,0,0,1
100086,"1015_2",8,3,3,0,0,1
100087,"911_2",0,0,0,0,0,0
100088,"895_2",1,3,2,10,1,1
100089,"896_2",0,2,1,0,1,0
100089,"897_2",1,0,1,0,0,0
100091,"960_2",7,4,2,0,0,1
100091,"961_2",1,0,1,1,0,1
100092,"894_2",2,3,2,0,1,0
100093,"839_2",1,0,0,0,0,0
100094,"840_2",5,3,3,2,1,0
100094,"841_2",1,0,0,0,0,0
100098,"1000_2",0,2,0,0,1,1
100098,"1001_2",1,1,1,0,0,1
100099,"818_2",1,2,0,0,0,1
100101,"1002_2",3,3,3,0,0,1
100101,"1003_2",1,2,1,0,1,1
100101,"1004_2",1,2,1,0,1,1
100101,"1005_2",0,3,0,0,1,1
100103,"812_2",1,1,1,0,0,1
100103,"813_2",1,1,0,0,0,0
100104,"966_2",7,4,3,0,1,1
100106,"1006_2",0,2,0,0,0,1
100106,"1007_2",1,1,0,0,0,1
100106,"1008_2",3,2,3,0,0,1
100107,"1009_2",8,3,2,0,1,1
100107,"1010_2",1,1,1,0,1,1
100109,"829_2",1,3,0,0,1,1
100110,"974_2",0,3,0,0,1,1
100110,"975_2",0,2,0,0,1,1
100110,"976_2",1,1,3,0,1,1
100110,"977_2",1,1,1,0,1,1
100110,"978_2",4,3,0,3,0,1
100111,"973_2",0,2,0,0,0,1
100112,"802_2",0,2,0,0,0,1
100112,"803_2",0,0,0,0,0,1
100112,"804_2",1,1,0,0,0,1
100115,"823_2",1,4,1,0,0,1
100116,"859_2",0,2,0,0,0,1
100116,"860_2",0,3,0,0,1,1
100116,"861_2",0,2,1,0,1,1
100116,"862_2",1,0,0,0,0,1
100117,"819_2",0,0,0,0,0,1
100117,"820_2",0,1,0,0,0,1
100117,"821_2",0,1,0,0,1,1
100117,"822_2",1,0,1,0,0,1
100118,"814_2",0,3,1,0,0,1
100118,"815_2",1,3,0,0,0,1
100118,"816_2",3,3,3,0,0,1
100118,"817_2",3,3,3,0,1,0
100119,"808_2",1,3,0,0,1,1
100119,"809_2",0,1,0,0,0,1
100119,"810_2",1,1,1,0,0,0
100119,"811_2",8,2,0,0,1,1
100120,"780_2",0,2,0,0,1,0
100120,"781_2",3,3,2,0,1,0
100122,"836_2",0,1,1,0,0,0
100122,"837_2",8,3,3,10,0,1
100125,"899_2",3,4,1,0,0,0
100126,"902_2",7,4,0,0,0,1
100131,"967_2",0,10,10,10,1,1
100131,"968_2",0,10,10,10,1,1
100132,"838_2",5,3,1,0,1,0
100133,"969_2",0,3,2,0,1,1
100134,"828_2",1,1,1,0,1,1
100135,"805_2",4,4,3,0,0,1
100135,"806_2",4,3,3,0,1,1
100135,"807_2",1,1,0,0,1,0
100136,"900_2",1,4,1,0,0,1
100136,"901_2",0,1,0,0,0,0
100137,"970_2",0,3,3,0,1,0
100137,"971_2",0,5,2,0,1,1
100138,"972_2",0,3,0,0,1,1
100139,"984_2",6,2,1,0,0,0
100140,"898_2",3,3,2,0,0,0
100141,"962_2",1,2,0,0,0,1
100141,"963_2",0,3,0,1,0,1
100141,"964_2",0,2,0,0,0,1
100141,"965_2",0,2,0,0,0,1
100144,"985_2",1,1,0,0,0,0
100148,"892_2",1,1,0,0,0,0
100148,"893_2",3,4,2,0,0,0
110003,"1240_2",1,1,0,0,0,0
110004,"1241_2",0,1,0,0,0,0
110006,"1312_2",4,5,3,3,1,0
110006,"1313_2",0,2,0,0,10,1
110007,"1376_2",4,5,3,0,1,0
110008,"1243_2",1,0,0,0,0,0
110010,"1377_2",4,5,3,0,1,0
110011,"1393_2",3,2,1,0,0,0
110014,"1378_2",0,0,0,0,1,0
110014,"1379_2",3,3,3,1,0,1
110015,"1394_2",3,3,2,0,1,0
110016,"1229_2",2,3,0,0,0,1
110017,"1336_2",7,10,0,0,0,0
110018,"1318_2",0,1,0,0,0,0
110018,"1319_2",2,3,2,1,0,0
110018,"1320_2",3,3,2,0,10,1
110018,"1321_2",7,4,1,0,10,1
110019,"1339_2",3,2,2,0,1,1
110020,"1337_2",2,3,2,2,0,NA
110020,"1338_2",3,3,1,1,0,NA
110020,"1623_2",7,5,1,1,1,NA
110021,"1342_2",0,1,0,0,1,0
110022,"1340_2",7,2,0,0,1,1
110022,"1341_2",2,2,0,0,0,0
110023,"1316_2",1,2,1,0,0,NA
110023,"1317_2",7,4,0,0,0,NA
110025,"1343_2",0,1,0,0,1,0
110026,"1344_2",3,3,1,0,1,0
110027,"1334_2",3,3,2,0,0,1
110029,"1622_2",0,0,0,0,0,0
110030,"1335_2",3,3,2,0,0,0
110031,"1345_2",3,1,1,0,1,0
110032,"1232_2",7,4,2,0,1,1
110033,"1621_2",1,1,0,0,0,0
110034,"1330_2",1,1,0,0,0,0
110035,"1322_2",3,2,2,0,0,1
110037,"1348_2",7,3,1,0,0,1
110038,"1290_2",8,0,0,0,1,0
110039,"1314_2",2,3,2,0,0,0
110039,"1315_2",3,3,2,0,0,1
110040,"1246_2",2,2,0,0,1,1
110041,"1380_2",7,5,3,0,1,0
110041,"1381_2",0,1,0,0,0,1
110043,"1382_2",0,4,1,1,0,1
110043,"1383_2",1,1,0,0,0,0
110044,"1297_2",3,3,10,0,0,0
110045,"1384_2",4,5,3,3,0,0
110046,"1368_2",2,4,2,1,0,1
110047,"1395_2",4,5,3,0,1,0
110047,"1396_2",1,1,1,1,0,1
110048,"1295_2",3,3,1,0,0,NA
110048,"1296_2",2,3,3,2,0,NA
110050,"1292_2",3,3,2,0,0,1
110051,"1288_2",0,3,1,0,1,0
110052,"1300_2",3,3,2,0,0,1
110052,"1301_2",2,3,2,1,0,1
110053,"1309_2",7,4,3,1,1,0
110053,"1310_2",1,1,0,0,0,1
110054,"1373_2",2,2,2,2,0,1
110055,"1282_2",7,3,1,0,1,0
110056,"1346_2",3,3,2,0,0,1
110056,"1347_2",7,3,2,0,1,1
110058,"1372_2",5,2,1,2,0,1
110059,"1280_2",3,3,2,10,0,1
110060,"1328_2",7,4,1,0,1,1
110060,"1329_2",2,3,3,0,0,0
110061,"1311_2",0,3,1,0,0,1
110063,"1273_2",3,4,3,0,0,1
110064,"1230_2",1,0,0,0,0,0
110064,"1231_2",0,3,0,1,0,0
110065,"1307_2",7,6,3,3,1,0
110065,"1308_2",1,1,1,0,1,1
110067,"1270_2",0,6,1,0,0,NA
110067,"1271_2",1,1,0,0,0,NA
110067,"1272_2",4,5,3,0,1,0
110068,"1289_2",1,1,1,0,0,0
110071,"1234_2",0,3,0,0,0,1
110071,"1235_2",1,0,0,0,0,0
110074,"1250_2",0,0,0,0,0,0
110079,"1236_2",7,1,0,0,1,0
110081,"1370_2",1,4,1,2,0,1
110082,"1233_2",0,2,0,0,1,0
110083,"1249_2",0,1,0,0,0,0
110087,"1254_2",0,4,0,0,0,0
110087,"1255_2",2,3,3,3,0,0
110088,"1385_2",2,4,2,1,0,1
110093,"1283_2",7,5,2,0,1,0
110093,"1284_2",1,0,0,0,1,1
110100,"1298_2",4,4,3,3,0,0
110100,"1299_2",1,0,0,0,0,1
110104,"1281_2",1,2,0,0,0,0
110105,"1253_2",0,1,0,0,0,0
110108,"1374_2",7,4,3,0,1,0
110108,"1375_2",1,0,0,2,10,1
110112,"1386_2",0,3,0,1,0,0
110116,"1349_2",2,3,3,0,0,1
110116,"1350_2",3,3,2,0,0,1
110116,"1351_2",7,3,1,0,1,1
110117,"1225_2",1,2,0,0,1,1
110117,"1226_2",8,3,1,0,0,0
110120,"1735_2",1,0,0,0,0,NA
110125,"1227_2",0,3,1,0,0,0
110125,"1228_2",1,0,0,0,1,0
110129,"1247_2",2,3,3,3,0,0
110129,"1248_2",1,1,1,1,1,1
110133,"1256_2",1,3,1,1,0,0
110133,"1258_2",7,5,2,2,1,1
110136,"1264_2",0,3,2,0,0,0
110137,"1291_2",7,5,2,0,1,0
110138,"1276_2",3,4,3,0,0,1
110139,"1352_2",3,3,2,0,0,1
110139,"1353_2",7,3,1,0,0,1
110143,"1354_2",0,2,0,2,0,1
110143,"1355_2",2,2,0,1,0,1
110145,"1286_2",7,5,2,0,1,0
110145,"1287_2",1,1,1,0,0,1
110147,"1356_2",7,3,1,10,1,1
110147,"1357_2",7,3,1,1,1,1
110149,"1285_2",4,5,3,3,0,0
110150,"1237_2",0,2,1,0,0,0
110150,"1238_2",1,1,0,0,0,0
110151,"1326_2",3,3,1,0,0,1
110151,"1327_2",8,3,1,0,0,1
110154,"1293_2",7,5,3,0,0,0
110154,"1294_2",2,3,3,0,1,0
110155,"1358_2",2,3,3,0,0,0
110155,"1359_2",7,3,1,0,0,1
110158,"1360_2",3,3,2,0,0,1
110158,"1361_2",8,2,0,0,0,1
110159,"1302_2",3,10,10,10,10,NA
110161,"1303_2",1,1,0,0,0,0
110161,"1304_2",3,4,1,0,0,0
110163,"1305_2",7,6,3,0,0,1
110163,"1306_2",2,3,3,10,0,0
110167,"1323_2",2,3,2,2,0,0
110167,"1324_2",5,2,2,2,0,0
110167,"1325_2",7,4,1,0,1,1
110168,"1624_2",7,4,2,1,0,1
110169,"1362_2",3,3,1,0,1,0
110171,"1363_2",2,4,3,1,0,1
110171,"1364_2",7,4,3,3,0,1
110172,"1369_2",5,4,2,1,0,1
110174,"1365_2",2,3,10,1,0,1
110174,"1366_2",7,3,1,0,0,1
110178,"1367_2",8,1,1,0,0,0
110180,"1331_2",0,1,0,0,0,0
110180,"1332_2",1,0,0,0,0,1
110184,"1333_2",0,0,0,0,0,0
110188,"1239_2",1,0,0,0,0,0
110191,"1387_2",1,1,0,0,0,0
110191,"1388_2",0,2,0,0,0,0
110191,"1389_2",7,4,2,0,1,1
110195,"1390_2",7,5,0,0,1,0
110199,"1391_2",3,2,3,0,0,0
110199,"1392_2",0,1,0,0,0,1
120001,"1496_2",3,5,3,0,0,1
120001,"1497_2",7,4,3,0,1,0
120001,"1498_2",0,1,1,0,0,0
120002,"1581_2",3,5,3,0,0,1
120002,"1582_2",1,1,0,1,10,0
120004,"1459_2",6,3,1,1,0,0
120004,"1460_2",1,0,0,0,0,0
120004,"1461_2",1,0,0,0,0,0
120005,"1508_2",1,1,0,0,0,1
120005,"1509_2",5,3,3,3,0,0
120008,"1462_2",1,0,1,0,0,0
120009,"1528_2",0,2,0,0,10,NA
120009,"1529_2",1,3,3,2,10,NA
120012,"1456_2",0,10,0,0,0,1
120012,"1457_2",2,3,3,1,0,0
120015,"1568_2",3,3,3,0,0,1
120015,"1569_2",7,6,2,0,0,0
120015,"1570_2",1,1,0,10,0,1
120016,"1453_2",0,6,0,0,0,1
120016,"1454_2",8,5,3,3,1,1
120016,"1455_2",2,3,3,2,1,0
120018,"1553_2",0,3,0,10,0,0
120018,"1554_2",1,1,1,10,0,1
120018,"1556_2",3,3,3,10,0,1
120018,"1557_2",7,6,1,10,1,0
120020,"1465_2",8,3,10,1,1,0
120020,"1466_2",1,0,0,0,0,0
120021,"1592_2",4,6,10,3,1,0
120021,"1593_2",1,1,10,0,0,1
120022,"1726_2",3,3,3,0,0,1
120022,"1727_2",7,5,2,0,0,0
120023,"1532_2",3,3,3,2,0,1
120024,"1544_2",1,0,0,0,1,1
120025,"1516_2",1,0,0,0,0,0
120025,"1517_2",7,4,3,3,1,1
120027,"1530_2",0,4,0,0,0,1
120027,"1531_2",2,2,3,3,0,0
120028,"1463_2",0,3,0,0,0,0
120028,"1464_2",7,4,0,0,1,0
120029,"1512_2",1,2,0,0,0,0
120029,"1513_2",3,3,3,0,1,1
120030,"1589_2",0,2,0,0,0,0
120030,"1590_2",2,3,3,3,10,0
120030,"1591_2",3,3,3,0,0,0
120031,"1579_2",1,2,1,0,0,1
120031,"1580_2",0,3,3,0,0,0
120036,"1458_2",1,0,0,0,0,0
120039,"1480_2",0,1,1,0,0,0
120039,"1481_2",1,0,0,0,0,1
120039,"1482_2",8,2,2,2,1,0
120043,"1467_2",3,3,2,0,0,0
120043,"1468_2",0,2,1,0,1,0
120043,"1469_2",1,0,0,0,0,0
120044,"1542_2",3,3,2,1,0,0
120044,"1543_2",8,2,1,1,1,1
120046,"1495_2",1,0,0,0,0,0
120048,"1479_2",4,3,0,0,0,0
120050,"1558_2",2,3,3,3,1,0
120050,"1559_2",1,0,0,0,0,0
120053,"1525_2",6,4,1,0,0,0
120053,"1526_2",6,3,2,1,0,0
120053,"1527_2",6,2,0,1,0,0
120054,"1555_2",2,3,3,3,10,0
120058,"1547_2",0,2,0,0,0,0
120058,"1548_2",2,3,3,3,10,0
120058,"1549_2",1,0,1,0,1,0
120059,"1560_2",7,4,2,10,0,0
120059,"1561_2",1,0,1,0,0,0
120064,"1476_2",0,4,3,2,0,1
120064,"1477_2",1,1,1,0,0,0
120064,"1478_2",3,4,3,1,10,1
120068,"1504_2",0,1,1,0,0,0
120068,"1505_2",1,2,1,1,1,0
120068,"1506_2",10,10,1,0,1,0
120068,"1507_2",7,2,10,10,10,NA
120071,"1510_2",1,1,1,0,0,1
120071,"1511_2",2,3,3,0,1,0
120076,"1412_2",3,3,2,0,0,1
120076,"1413_2",2,3,2,0,0,1
120076,"1414_2",0,3,2,0,0,1
120079,"1563_2",3,4,3,0,0,1
120079,"1564_2",7,5,2,0,1,1
120080,"1404_2",2,3,3,2,0,0
120083,"1565_2",1,1,0,0,0,0
120083,"1566_2",10,3,3,0,0,1
120083,"1567_2",7,5,2,0,1,0
120084,"1427_2",0,2,0,0,0,1
120084,"1428_2",2,3,1,0,0,1
120085,"1405_2",7,3,0,0,0,1
120087,"1523_2",1,2,2,1,0,0
120087,"1524_2",7,6,3,0,1,1
120088,"1419_2",10,1,0,0,0,0
120088,"1420_2",2,3,3,2,0,1
120089,"1411_2",0,4,0,0,0,0
120092,"1586_2",0,1,0,0,0,0
120092,"1587_2",2,3,2,2,0,1
120092,"1588_2",7,3,1,1,0,1
120093,"1402_2",0,2,10,0,0,1
120093,"1403_2",2,3,3,2,0,1
120096,"1421_2",2,3,2,1,0,0
120096,"1422_2",0,1,0,0,0,0
120097,"1406_2",7,3,1,0,0,0
120097,"1407_2",2,3,3,2,0,1
120100,"1423_2",2,3,1,0,0,1
120100,"1424_2",7,3,1,0,0,1
120101,"1409_2",0,0,0,0,0,0
120101,"1410_2",2,1,3,2,0,0
120104,"1483_2",2,3,3,1,0,0
120104,"1484_2",5,1,2,2,0,0
120105,"1408_2",8,1,0,0,0,0
120106,"1485_2",3,3,3,3,1,1
120106,"1486_2",2,3,0,2,0,0
120106,"1487_2",6,2,0,0,0,0
120106,"1488_2",7,6,3,0,1,0
120108,"1489_2",7,4,1,1,0,0
120108,"1490_2",2,3,3,0,0,1
120109,"1499_2",0,1,0,0,1,0
120109,"1500_2",2,1,0,0,1,0
120110,"1491_2",7,6,3,2,1,0
120110,"1492_2",3,3,3,1,10,1
120110,"1493_2",6,1,0,0,0,0
120110,"1494_2",1,1,0,0,1,1
120112,"1425_2",2,3,1,1,0,0
120112,"1426_2",7,4,3,1,1,1
120116,"1451_2",0,4,0,0,0,1
120116,"1452_2",2,3,3,3,1,0
120120,"1545_2",1,0,0,0,1,0
120120,"1546_2",0,4,0,0,0,1
120123,"1435_2",3,3,2,0,0,1
120123,"1436_2",7,4,2,0,1,1
120123,"1437_2",0,0,0,0,0,1
120124,"1552_2",2,3,3,3,10,0
120127,"1438_2",1,2,1,0,1,0
120127,"1439_2",0,2,1,0,1,0
120127,"1440_2",3,2,1,0,1,0
120128,"1535_2",4,4,3,0,1,1
120128,"1536_2",0,2,0,0,1,0
120128,"1537_2",1,0,0,1,0,0
120131,"1433_2",2,2,2,0,0,0
120131,"1434_2",3,2,3,0,0,1
120132,"1539_2",4,4,3,0,1,1
120132,"1540_2",1,1,0,0,0,0
120132,"1541_2",3,2,2,0,0,0
120135,"1429_2",3,3,2,0,0,0
120135,"1430_2",0,1,10,0,0,0
120136,"1533_2",1,0,0,0,0,0
120136,"1534_2",3,3,2,0,0,1
120140,"1724_2",3,3,1,10,0,0
120140,"1725_2",8,4,0,1,1,0
120144,"1722_2",3,3,10,10,0,0
120144,"1723_2",1,2,0,10,0,1
120148,"1550_2",3,3,3,0,0,1
120148,"1551_2",7,5,3,0,1,0
120153,"1473_2",0,1,0,0,0,1
120153,"1474_2",2,2,0,0,0,1
120153,"1475_2",7,3,0,0,0,1
120157,"1470_2",0,10,10,10,0,1
120157,"1471_2",3,3,2,0,0,1
120157,"1472_2",2,3,2,0,0,1
120161,"1518_2",0,2,0,0,0,0
120161,"1519_2",3,2,2,0,0,0
120161,"1520_2",2,2,3,2,0,0
120162,"1415_2",0,1,0,0,0,0
120162,"1416_2",2,1,0,0,0,1
120164,"1501_2",2,1,0,0,0,1
120164,"1502_2",6,2,0,0,0,NA
120164,"1503_2",7,1,0,0,1,NA
120165,"1521_2",3,3,2,0,0,1
120165,"1522_2",2,3,3,0,0,1
120166,"1417_2",3,3,2,0,0,1
120166,"1418_2",0,1,0,0,0,0
120167,"1575_2",3,3,3,10,0,1
120167,"1576_2",1,1,10,0,0,0
120172,"1583_2",2,3,0,0,1,0
120172,"1584_2",6,1,0,0,0,0
120172,"1585_2",7,4,0,0,0,0
120173,"1442_2",0,1,0,0,0,1
120173,"1443_2",3,3,2,0,0,1
120175,"1514_2",1,1,0,0,0,1
120175,"1515_2",3,5,3,0,0,0
120176,"1538_2",7,4,1,0,1,0
120177,"1449_2",0,0,0,0,0,1
120177,"1450_2",3,3,2,0,0,1
120180,"1577_2",7,2,0,0,0,0
120180,"1578_2",10,2,0,0,1,0
120181,"1446_2",7,1,1,0,10,0
120181,"1447_2",3,1,1,0,0,0
120181,"1448_2",2,1,1,0,1,0
120184,"1573_2",2,3,0,0,0,1
120184,"1574_2",7,2,0,0,1,1
120188,"1397_2",0,1,0,0,0,1
120188,"1398_2",7,3,1,1,0,1
120188,"1399_2",2,3,3,3,0,1
120189,"1444_2",0,1,0,0,0,0
120189,"1445_2",2,3,3,2,1,0
120192,"1400_2",7,1,1,0,1,NA
120192,"1401_2",2,3,3,2,0,NA
120197,"1571_2",1,2,0,0,0,0
120197,"1572_2",3,4,3,1,0,1
130004,"2236_2",7,4,2,0,1,1
130005,"2234_2",1,2,3,1,1,0
130006,"1626_2",0,2,0,1,0,1
130007,"1625_2",0,1,2,0,0,1
130008,"1594_2",0,4,1,0,1,1
130009,"1595_2",8,1,0,0,1,0
130016,"1654_2",6,3,0,0,0,1
130016,"1655_2",2,3,0,0,0,0
130018,"1650_2",8,2,2,0,10,0
130019,"1651_2",8,1,3,0,1,0
130019,"1652_2",5,3,3,2,1,1
130019,"1653_2",1,2,3,3,1,0
130020,"1627_2",1,1,1,0,1,0
130022,"1633_2",4,3,3,0,1,1
130023,"1634_2",2,3,3,3,1,1
130025,"2228_2",7,4,1,0,1,1
130027,"2227_2",3,1,0,0,0,0
130028,"2233_2",1,0,0,0,0,0
130029,"2235_2",7,4,2,0,0,1
130031,"2231_2",3,2,2,0,0,0
130038,"2232_2",3,3,3,0,0,1
130056,"1606_2",4,4,3,0,0,1
130058,"1614_2",1,2,0,0,10,1
130059,"1608_2",0,2,0,0,0,1
130059,"1609_2",0,2,0,0,0,1
130059,"1610_2",0,2,0,0,0,1
130059,"1611_2",0,2,0,0,0,1
130060,"1648_2",2,6,0,0,0,1
130061,"1649_2",3,3,3,0,0,1
130066,"1646_2",1,1,0,0,0,1
130066,"1647_2",3,4,3,0,1,1
130072,"1607_2",0,0,0,0,0,1
130073,"1619_2",0,3,3,0,1,0
130073,"1620_2",1,1,1,0,1,0
130075,"1612_2",1,2,2,0,0,0
130076,"1640_2",3,3,2,0,0,0
130076,"1641_2",0,3,0,0,0,0
130079,"1615_2",0,1,0,0,0,1
130079,"1616_2",0,2,1,0,0,1
130079,"1617_2",0,1,0,0,0,1
130079,"1618_2",0,1,0,0,0,1
130082,"1613_2",0,0,1,0,0,1
130083,"1631_2",0,1,0,0,0,1
130086,"1645_2",0,1,0,0,0,1
130091,"1604_2",8,2,1,0,0,1
130103,"2226_2",7,5,0,0,1,1
130112,"1630_2",3,4,2,0,0,1
130114,"2229_2",8,1,1,0,1,0
130114,"2230_2",1,2,3,2,1,0
130115,"2215_2",8,1,0,0,1,0
130115,"2216_2",8,1,2,0,1,0
130120,"1605_2",2,3,2,0,1,1
130122,"1599_2",1,3,1,0,1,0
130122,"1600_2",2,3,2,0,1,0
130123,"1642_2",0,2,1,0,1,1
130123,"1643_2",0,2,0,0,1,1
130126,"1632_2",2,0,3,2,0,1
130129,"2225_2",7,1,0,0,0,1
130132,"2224_2",1,1,1,0,0,1
130133,"2221_2",8,2,0,0,0,1
130133,"2222_2",0,3,1,0,0,0
130134,"2219_2",7,3,2,0,1,0
130134,"2220_2",1,1,1,0,1,0
130135,"2217_2",4,3,2,0,1,0
130136,"2223_2",1,1,1,0,0,NA
130142,"1596_2",4,0,1,3,1,0
130155,"2218_2",4,3,3,0,10,1
130176,"1603_2",1,2,3,0,0,1
130177,"1598_2",4,1,1,0,0,1
130178,"1629_2",4,3,3,0,0,1
130179,"1628_2",1,2,2,0,0,1
130181,"1597_2",2,3,3,0,1,0
140003,"1687_2",0,4,0,0,0,1
140004,"1686_2",1,3,3,0,0,1
140006,"1729_2",2,3,3,0,1,0
140010,"1728_2",1,1,1,0,0,0
140015,"1682_2",0,5,3,1,0,0
140016,"1666_2",2,3,3,3,0,1
140017,"1656_2",2,3,3,3,0,1
140019,"1738_2",2,3,3,3,0,1
140020,"1661_2",2,6,3,3,0,1
140021,"1676_2",4,3,2,0,1,0
140021,"1677_2",4,2,3,0,1,0
140021,"1679_2",4,3,10,0,10,0
140022,"1681_2",8,2,1,0,0,0
140024,"1683_2",7,2,1,0,1,0
140024,"1684_2",8,3,3,0,1,0
140034,"1678_2",4,3,3,0,0,1
140039,"1730_2",1,4,0,10,0,1
140041,"1734_2",4,3,3,0,1,1
140043,"1670_2",2,3,3,0,0,1
140043,"1671_2",1,2,2,1,1,0
140045,"1736_2",5,3,3,3,0,1
140048,"1739_2",0,6,3,1,1,0
140050,"1657_2",1,4,3,0,1,1
140051,"1667_2",1,5,1,0,0,1
140051,"1668_2",1,2,3,2,1,0
140051,"1669_2",1,2,3,2,1,0
140053,"1673_2",1,3,3,0,0,1
140054,"1719_2",7,4,3,0,1,1
140059,"1731_2",3,4,0,0,0,1
140062,"1732_2",2,3,3,3,0,0
140063,"1720_2",2,3,3,3,0,0
140065,"1721_2",0,3,0,0,0,0
140067,"1710_2",1,0,0,0,0,0
140078,"1662_2",2,3,3,0,0,1
140078,"1663_2",8,4,3,0,1,0
140078,"1664_2",2,2,3,3,0,1
140078,"1665_2",0,2,1,0,1,0
140079,"1659_2",4,4,1,0,0,1
140079,"1660_2",2,2,3,3,0,1
140080,"1717_2",1,0,1,0,0,0
140080,"1718_2",1,0,0,0,0,0
140081,"1704_2",8,2,2,0,1,0
140088,"1672_2",1,3,2,2,0,1
140089,"1705_2",1,2,2,2,0,0
140091,"1707_2",4,4,3,0,1,1
140092,"1712_2",4,3,3,0,0,0
140093,"1702_2",4,3,3,0,0,0
140093,"1703_2",4,2,3,0,0,0
140095,"1708_2",5,1,3,3,0,0
140098,"1733_2",7,4,3,0,1,1
140103,"1690_2",0,10,0,0,0,NA
140103,"1691_2",0,10,0,0,0,NA
140104,"1697_2",1,0,0,0,0,1
140106,"1706_2",4,4,3,0,1,1
140117,"1693_2",5,3,3,1,1,0
140117,"1694_2",8,0,2,2,1,0
140117,"1695_2",1,1,3,3,1,0
140117,"1696_2",1,3,3,0,1,0
140133,"1698_2",1,2,1,0,1,0
140133,"1699_2",1,1,2,1,1,1
140133,"1700_2",1,2,1,0,1,0
140133,"1701_2",1,3,2,1,1,1
140134,"1715_2",0,2,0,0,1,0
140135,"1709_2",4,4,3,0,0,1
140136,"1674_2",4,4,3,0,1,1
140136,"1675_2",1,1,0,0,0,0
140137,"1713_2",1,0,0,0,0,0
140138,"1680_2",7,5,2,0,1,1
140139,"1658_2",0,2,0,0,1,1
140142,"1714_2",5,3,3,0,1,1
140149,"1685_2",7,4,1,0,1,1
140150,"1688_2",2,4,3,3,0,1
140151,"1689_2",7,4,0,0,1,1
140159,"1711_2",2,3,3,3,0,1
150001,"1823_2",7,6,1,10,1,1
150002,"1816_2",3,3,2,1,0,0
150003,"1810_2",6,3,2,0,0,1
150004,"1815_2",8,1,0,0,0,1
150005,"1822_2",0,3,0,10,1,0
150007,"1803_2",1,0,1,1,0,1
150011,"1828_2",8,1,3,2,0,0
150013,"1824_2",3,3,3,10,0,1
150014,"1825_2",0,3,10,10,1,1
150015,"1829_2",4,4,3,10,0,1
150016,"1802_2",2,3,3,3,10,1
150018,"1856_2",1,1,1,0,0,0
150024,"1827_2",1,1,0,10,1,1
150028,"1811_2",1,1,1,0,0,1
150029,"1830_2",8,0,0,0,0,1
150030,"1865_2",3,1,3,0,0,1
150032,"1797_2",3,3,3,10,0,1
150033,"1831_2",1,5,1,10,0,1
150034,"1872_2",3,2,3,0,0,1
150035,"1847_2",10,1,0,0,0,1
150037,"1871_2",3,3,3,10,0,0
150038,"1867_2",1,1,0,0,0,0
150041,"1832_2",1,0,1,10,0,0
150042,"2155_2",2,4,3,1,0,1
150043,"1845_2",0,2,0,1,0,NA
150043,"1846_2",2,3,2,0,0,1
150045,"1869_2",4,4,3,10,0,1
150046,"2156_2",1,0,1,0,0,0
150047,"1848_2",1,1,1,0,0,1
150047,"1849_2",4,1,0,10,0,NA
150048,"1844_2",1,0,0,0,0,0
150051,"1850_2",2,3,3,10,0,1
150051,"1851_2",0,3,2,10,0,0
150052,"1880_2",7,5,3,2,0,1
150054,"1799_2",5,2,3,3,1,0
150055,"1806_2",2,3,3,3,0,0
150055,"1807_2",3,2,2,10,0,0
150056,"1887_2",1,3,1,10,0,1
150056,"1888_2",4,2,3,3,0,0
150056,"1889_2",5,2,3,10,0,0
150057,"1852_2",5,1,1,10,0,0
150057,"1853_2",0,3,0,10,0,1
150057,"1854_2",0,2,10,10,0,0
150058,"1798_2",6,3,0,0,1,0
150061,"1833_2",2,3,2,0,0,1
150062,"1796_2",3,3,3,0,1,1
150069,"1794_2",2,3,3,3,1,0
150073,"2157_2",8,2,2,0,1,0
150077,"1795_2",6,6,1,1,0,1
150078,"1809_2",0,3,10,10,1,0
150079,"1787_2",2,3,3,2,10,1
150092,"1895_2",1,0,0,0,0,1
150097,"1834_2",5,6,1,10,1,0
150099,"1835_2",2,3,3,3,0,1
150100,"1800_2",5,2,2,2,0,0
150100,"1801_2",2,1,0,0,0,0
150101,"1836_2",0,1,0,0,0,0
150102,"1837_2",3,3,3,0,0,1
150103,"1838_2",3,4,2,0,0,1
150106,"1839_2",1,2,0,10,0,0
150114,"1862_2",3,3,3,10,0,1
150115,"1785_2",1,1,1,1,10,1
150116,"1866_2",1,0,1,10,1,0
150118,"1904_2",4,3,2,10,1,1
150118,"1905_2",3,3,2,10,0,0
150118,"1906_2",1,0,1,10,0,1
150118,"1907_2",0,2,0,10,10,NA
150120,"1902_2",2,2,1,10,0,1
150121,"1792_2",7,4,3,10,1,1
150122,"2154_2",0,1,0,0,0,0
150123,"1818_2",1,2,3,1,1,1
150127,"1793_2",1,1,1,10,0,0
150132,"1855_2",3,3,3,10,0,1
150140,"1860_2",3,3,1,10,10,1
150140,"1861_2",1,1,0,10,10,1
150144,"1814_2",3,3,3,10,0,0
150147,"1786_2",2,3,3,3,1,1
150150,"1840_2",2,3,0,10,0,NA
150152,"1858_2",7,4,3,10,10,1
150152,"1859_2",7,4,3,10,10,1
150154,"1873_2",10,3,3,0,0,1
150156,"1804_2",2,3,3,10,0,1
150161,"1900_2",10,3,10,10,1,0
150165,"1790_2",6,3,1,1,10,0
150166,"1813_2",4,4,2,0,0,1
150169,"1791_2",1,1,0,1,0,1
150171,"1863_2",3,5,0,1,0,1
150173,"1788_2",1,0,2,1,10,1
150175,"1805_2",3,0,1,3,1,1
150177,"1841_2",3,3,3,0,0,1
150179,"1842_2",3,2,2,0,1,0
150180,"1893_2",10,4,0,0,0,1
150181,"1857_2",1,1,1,0,1,0
150182,"1826_2",4,4,3,0,0,1
150183,"1843_2",1,2,2,1,1,0
150184,"1897_2",1,3,0,0,0,1
150187,"1817_2",8,2,0,0,0,1
150188,"1875_2",4,4,3,10,10,1
150188,"1876_2",3,3,10,10,10,1
150191,"1864_2",5,3,3,2,0,0
150192,"1884_2",1,0,0,10,0,1
150195,"1819_2",3,3,3,3,0,1
150195,"1820_2",1,10,0,1,0,1
150196,"1808_2",1,1,0,0,0,1
150198,"1821_2",7,4,1,10,1,1
160003,"1763_2",0,1,0,10,0,1
160005,"1753_2",3,2,2,10,1,1
160007,"1745_2",0,3,2,0,0,0
160013,"1754_2",3,2,2,10,0,1
160017,"1748_2",0,2,0,0,0,1
160018,"1760_2",1,1,1,10,0,1
160032,"1750_2",0,4,0,0,1,0
160036,"1737_2",0,3,0,1,0,1
160042,"1743_2",0,3,2,10,0,1
160043,"1766_2",3,3,2,0,0,1
160045,"1740_2",2,3,2,3,10,1
160046,"1752_2",7,4,3,0,0,1
160047,"1767_2",7,4,3,2,0,1
160048,"1778_2",4,5,1,0,0,1
160051,"1770_2",8,3,1,0,10,1
160052,"1779_2",2,3,3,3,0,1
160054,"1764_2",3,3,3,10,0,1
160055,"1771_2",7,4,1,0,0,1
160059,"1762_2",1,2,0,10,0,1
160084,"1744_2",2,2,10,2,0,1
160095,"1777_2",3,0,3,0,0,0
160102,"1782_2",3,2,3,0,0,0
160106,"1775_2",3,2,2,1,0,1
160106,"1776_2",3,3,2,1,0,1
160110,"1780_2",4,4,2,0,0,1
160111,"1781_2",0,3,0,0,0,1
160115,"1783_2",3,1,3,0,0,1
160115,"1784_2",3,0,3,0,0,1
160149,"1765_2",7,4,2,0,0,1
160160,"1749_2",2,3,1,10,0,1
160163,"1773_2",7,5,0,3,10,1
160166,"1741_2",8,2,3,3,1,1
160169,"1747_2",0,1,0,0,0,0
160172,"1746_2",5,2,1,0,0,0
160173,"1772_2",4,4,3,3,10,1
160176,"1761_2",0,3,0,0,0,0
160179,"1774_2",5,3,3,3,10,1
160183,"1755_2",0,3,0,0,0,0
160187,"1751_2",0,1,0,10,0,0
160188,"1742_2",5,4,3,3,0,1
160191,"1759_2",7,5,2,10,1,1
160193,"1769_2",1,2,2,3,10,1
160195,"1756_2",7,2,2,10,1,0
160195,"1757_2",1,1,2,10,1,0
160198,"1758_2",0,3,1,0,0,1
170001,"1988_2",0,4,1,0,0,1
170001,"1989_2",7,5,3,0,0,1
170004,"1891_2",7,4,1,0,1,1
170004,"1892_2",1,0,2,2,1,0
170006,"1977_2",0,3,2,10,1,0
170007,"1990_2",0,1,0,0,0,0
170007,"1991_2",1,0,1,0,1,0
170007,"1992_2",2,3,2,1,0,1
170010,"1993_2",0,3,1,10,10,0
170012,"1932_2",0,2,1,10,0,1
170012,"1934_2",1,0,0,10,0,0
170012,"1935_2",2,2,2,10,0,1
170015,"1994_2",0,1,1,10,0,0
170015,"1995_2",5,2,2,10,0,0
170020,"2077_2",5,3,3,3,1,1
170024,"2079_2",1,2,3,3,1,1
170025,"1898_2",1,0,1,0,1,0
170025,"1899_2",8,1,0,10,1,0
170027,"1996_2",5,4,3,3,1,1
170028,"2065_2",1,1,1,0,1,0
170030,"1997_2",2,2,3,1,1,0
170042,"1944_2",0,3,0,0,0,1
170044,"1978_2",7,4,3,10,0,1
170044,"1979_2",1,1,0,0,1,0
170046,"1945_2",0,3,0,0,0,1
170046,"1946_2",4,3,10,3,10,1
170049,"2067_2",8,1,3,2,1,1
170051,"1927_2",1,1,1,0,1,0
170051,"1928_2",8,2,2,1,1,1
170053,"1962_2",7,4,2,0,1,1
170055,"1998_2",1,1,1,0,1,0
170055,"1999_2",0,2,0,0,1,1
170057,"1971_2",1,2,1,0,1,0
170057,"1972_2",6,3,1,1,1,1
170061,"2161_2",0,5,0,0,0,1
170061,"2162_2",1,1,0,0,0,1
170063,"2000_2",1,1,0,0,1,0
170063,"2001_2",8,2,3,2,1,1
170064,"2078_2",4,3,3,0,1,1
170068,"1915_2",10,3,2,0,0,1
170069,"1908_2",0,1,0,0,0,0
170069,"1909_2",1,0,1,1,1,0
170071,"1947_2",0,0,2,10,1,NA
170071,"1948_2",8,3,1,10,1,NA
170073,"1917_2",3,3,2,10,0,1
170074,"1980_2",0,4,0,0,0,1
170074,"1981_2",10,3,0,0,1,1
170078,"2002_2",1,0,0,0,1,0
170078,"2003_2",7,4,0,0,1,1
170079,"2004_2",0,1,1,1,0,1
170079,"2005_2",1,0,0,0,1,0
170079,"2006_2",2,3,3,2,1,NA
170079,"2007_2",4,4,2,0,1,1
170081,"1984_2",0,4,1,0,0,1
170081,"1985_2",2,3,3,3,0,1
170082,"1956_2",0,3,2,0,0,1
170083,"1982_2",0,6,0,0,0,1
170083,"1983_2",1,2,2,1,0,1
170086,"1959_2",0,4,0,0,0,1
170086,"1960_2",7,3,0,0,0,1
170087,"1949_2",0,3,0,0,0,1
170087,"1950_2",2,3,3,3,0,1
170090,"1961_2",0,4,0,0,0,1
170091,"1952_2",0,5,0,0,0,1
170091,"1953_2",2,3,3,1,0,0
170094,"1954_2",0,4,0,0,0,1
170094,"1955_2",3,3,1,0,0,1
170095,"1957_2",0,1,0,0,0,1
170095,"1958_2",1,3,1,0,0,1
170104,"1951_2",0,5,0,0,0,1
170108,"2063_2",1,1,1,10,1,0
170108,"2064_2",8,2,1,10,1,0
170116,"1885_2",0,5,0,0,0,1
170116,"1886_2",1,3,1,0,0,1
170120,"1868_2",0,6,0,0,0,1
170124,"1894_2",0,6,0,0,0,1
170127,"1942_2",0,4,0,0,0,1
170127,"1943_2",4,4,3,3,1,1
170128,"1901_2",1,0,10,1,1,0
170129,"1967_2",1,1,1,0,1,1
170129,"1968_2",7,4,2,2,10,1
170130,"1913_2",1,1,0,0,1,0
170131,"1940_2",1,1,0,0,1,NA
170131,"1941_2",3,3,2,0,0,NA
170133,"1920_2",0,4,0,0,0,1
170135,"1877_2",8,1,2,2,1,0
170137,"1881_2",0,5,0,0,0,1
170137,"1882_2",2,3,2,1,10,0
170137,"1883_2",1,0,0,0,1,0
170139,"1923_2",1,0,0,0,1,0
170139,"1924_2",1,0,0,0,1,0
170139,"1925_2",1,0,0,0,0,1
170141,"2163_2",0,6,1,0,0,1
170141,"2164_2",1,0,0,0,0,0
170143,"1911_2",8,2,3,0,1,1
170144,"2165_2",0,4,0,1,0,1
170145,"1870_2",2,0,0,1,0,0
170148,"1921_2",7,3,1,10,0,0
170149,"1874_2",0,3,0,0,1,0
170150,"2073_2",1,0,0,0,0,1
170152,"1896_2",0,6,1,0,0,1
170156,"1890_2",0,5,0,0,0,1
170159,"1918_2",2,3,2,1,1,0
170159,"1919_2",1,1,0,0,0,0
170161,"1975_2",8,3,2,0,1,NA
170161,"1976_2",2,3,3,1,0,NA
170163,"1963_2",1,3,2,0,1,1
170163,"1964_2",8,1,0,0,0,0
170165,"1936_2",3,3,2,0,0,0
170165,"1937_2",1,1,0,0,0,0
170166,"1878_2",0,4,0,0,0,1
170166,"1879_2",1,2,2,2,1,1
170167,"1922_2",2,3,2,2,1,1
170171,"1914_2",10,3,2,1,0,0
170172,"1986_2",0,3,0,0,0,1
170172,"1987_2",7,4,2,0,1,1
170174,"2069_2",10,2,10,0,1,0
170175,"1926_2",0,4,1,0,1,0
170177,"1929_2",0,3,1,1,0,NA
170177,"1930_2",1,3,1,10,10,NA
170177,"1931_2",5,2,2,1,10,1
170177,"1933_2",7,4,10,2,1,NA
170178,"1969_2",1,1,1,0,0,1
170178,"1970_2",2,3,2,0,10,0
170179,"1973_2",7,4,2,1,1,1
170179,"1974_2",1,0,0,0,10,1
170181,"1938_2",3,3,2,0,0,0
170181,"1939_2",1,0,1,1,1,0
170183,"1965_2",8,5,0,0,0,1
170187,"1966_2",0,4,0,0,0,1
170189,"1912_2",1,0,1,0,1,0
170195,"2075_2",8,4,3,3,0,1
170197,"1910_2",1,1,0,0,1,0
170200,"1916_2",1,1,0,0,1,0
180001,"2131_2",0,4,0,0,0,1
180001,"2132_2",8,3,0,0,0,1
180002,"2142_2",0,6,0,0,0,0
180003,"2133_2",0,6,0,0,0,1
180003,"2134_2",1,3,3,2,0,1
180005,"2088_2",0,3,0,0,0,1
180006,"2086_2",0,5,0,0,0,1
180006,"2087_2",7,3,3,2,0,1
180007,"2089_2",0,6,0,0,0,1
180009,"2138_2",0,4,0,0,0,1
180009,"2139_2",8,2,1,0,0,1
180010,"2128_2",0,5,0,0,0,1
180010,"2129_2",8,3,3,3,0,1
180011,"2150_2",0,3,0,0,0,1
180011,"2151_2",7,4,3,2,0,1
180012,"2158_2",0,5,0,0,0,1
180013,"2122_2",0,3,0,0,0,1
180013,"2123_2",8,3,3,3,1,1
180014,"2084_2",0,6,0,0,0,1
180014,"2085_2",5,3,3,3,10,0
180015,"2140_2",0,3,0,0,0,1
180015,"2141_2",5,3,3,3,1,1
180016,"2120_2",0,6,0,0,0,1
180016,"2121_2",1,1,2,2,0,1
180018,"2055_2",1,3,2,2,1,1
180019,"2143_2",0,6,0,0,0,1
180022,"2148_2",0,6,0,0,0,1
180023,"2130_2",0,6,0,0,0,1
180027,"2111_2",0,3,0,0,0,1
180027,"2112_2",8,3,0,0,0,1
180031,"2052_2",1,5,3,3,1,1
180035,"2145_2",0,6,1,0,0,1
180039,"2135_2",0,6,0,0,0,1
180039,"2136_2",1,6,2,1,0,1
180043,"2119_2",0,6,0,0,0,1
180047,"2114_2",0,3,0,0,0,1
180047,"2115_2",7,4,3,2,0,1
180050,"2040_2",8,2,3,0,1,0
180052,"2047_2",5,3,3,10,1,0
180055,"2032_2",7,3,3,0,0,1
180056,"2008_2",5,3,3,3,0,0
180060,"2009_2",1,1,0,0,0,0
180063,"2035_2",2,3,3,0,1,1
180063,"2036_2",1,1,1,0,1,0
180065,"2054_2",7,4,3,2,1,1
180069,"2090_2",1,2,0,0,0,1
180072,"2024_2",1,2,0,0,0,1
180076,"2023_2",1,1,1,0,1,1
180077,"2026_2",1,2,3,2,1,1
180080,"2051_2",4,4,3,3,1,1
180084,"2082_2",0,4,0,0,0,1
180084,"2083_2",2,3,2,0,0,1
180097,"2146_2",0,6,0,0,0,1
180097,"2147_2",1,2,2,1,0,1
180101,"2126_2",0,3,0,0,0,1
180101,"2127_2",7,4,3,2,0,1
180102,"2076_2",0,6,10,0,0,1
180105,"2137_2",0,5,0,0,0,1
180106,"2159_2",0,6,0,0,0,1
180107,"2056_2",4,4,3,0,1,1
180109,"2074_2",0,5,0,0,0,1
180110,"2149_2",0,6,0,0,0,1
180111,"2041_2",8,3,2,0,1,0
180113,"2116_2",0,1,0,0,1,1
180114,"2102_2",8,1,3,0,1,0
180116,"2053_2",1,3,1,1,0,1
180117,"2152_2",7,4,0,0,1,1
180118,"2107_2",7,3,0,0,1,1
180120,"2048_2",1,2,0,0,0,1
180120,"2049_2",7,4,2,0,1,1
180121,"2027_2",3,3,3,0,0,1
180123,"2068_2",1,2,2,1,0,1
180126,"2113_2",0,1,0,0,1,0
180132,"2144_2",4,4,3,0,1,1
180133,"2010_2",0,3,0,0,1,0
180136,"2043_2",1,1,2,0,1,0
180137,"2039_2",7,4,2,1,1,1
180138,"2098_2",1,1,0,0,0,1
180139,"2108_2",1,1,0,0,0,0
180143,"2153_2",2,2,2,0,0,1
180144,"2042_2",8,3,0,0,1,0
180145,"2028_2",7,4,3,3,0,1
180146,"2021_2",1,1,0,0,0,0
180146,"2022_2",3,3,2,0,0,1
180147,"2109_2",0,1,1,1,0,0
180147,"2110_2",3,3,10,2,0,1
180148,"2019_2",0,3,1,0,1,0
180148,"2020_2",5,2,2,0,0,1
180149,"2017_2",3,3,3,0,0,1
180149,"2018_2",2,2,0,0,1,0
180150,"2033_2",3,3,2,0,0,1
180150,"2034_2",1,1,0,0,0,1
180152,"2072_2",1,1,2,0,1,0
180153,"2025_2",3,4,2,0,0,1
180154,"2029_2",1,1,0,0,0,0
180154,"2030_2",5,2,2,2,1,0
180155,"2015_2",0,0,2,0,1,0
180155,"2016_2",1,1,1,10,1,0
180156,"2037_2",1,1,3,1,1,0
180156,"2038_2",7,4,0,0,10,1
180157,"2106_2",4,4,3,3,0,1
180158,"2031_2",3,4,3,0,1,1
180161,"2160_2",0,1,0,10,0,0
180165,"2011_2",0,4,2,0,0,1
180165,"2012_2",7,5,1,10,0,1
180166,"2013_2",0,1,1,0,0,0
180166,"2014_2",5,2,2,1,1,0
180169,"2103_2",0,2,0,10,0,1
180169,"2104_2",1,1,1,10,1,0
180170,"2096_2",0,3,2,10,1,0
180170,"2097_2",7,4,10,0,1,1
180171,"2080_2",1,1,0,10,1,0
180171,"2081_2",8,0,2,2,1,0
180173,"2091_2",0,2,1,0,1,0
180173,"2092_2",1,3,10,0,1,0
180173,"2093_2",5,1,2,10,0,0
180174,"2105_2",0,3,0,0,0,1
180178,"2070_2",0,2,2,0,1,1
180178,"2071_2",1,1,1,10,1,0
180179,"2061_2",0,2,1,10,0,0
180179,"2062_2",1,5,2,10,1,1
180180,"2117_2",4,4,3,0,1,1
180180,"2118_2",1,1,1,0,1,0
180184,"2124_2",4,4,1,0,1,1
180184,"2125_2",8,2,1,1,1,0
180187,"2058_2",0,1,1,0,0,0
180187,"2059_2",4,4,2,10,0,1
180188,"2060_2",4,4,3,0,1,1
180191,"2099_2",0,3,1,0,0,1
180191,"2100_2",4,4,3,1,0,1
180192,"2057_2",4,4,3,0,1,1
180194,"2094_2",0,0,1,1,0,0
180194,"2095_2",1,3,2,10,1,1
180195,"2066_2",4,3,2,0,0,1
180200,"2050_2",0,3,3,1,1,0
911100,"1_1",1,1,1,0,0,1
911100,"2_1",0,2,0,0,0,0
911101,"3_1",0,4,0,0,0,1
911102,"4_1",7,5,3,0,1,0
911102,"5_1",1,2,1,2,0,0
911102,"6_1",0,1,0,0,0,0
911103,"7_1",7,NA,3,0,1,1
911104,"8_1",1,1,1,0,0,1
911104,"9_1",2,3,2,1,1,1
911105,"10_1",7,4,2,0,1,1
911105,"11_1",0,0,0,0,0,1
911107,"12_1",7,4,1,0,1,0
911107,"13_1",1,2,2,1,0,0
911108,"14_1",1,1,1,NA,0,1
911108,"15_1",7,4,NA,3,1,0
911108,"16_1",0,3,0,0,0,1
911109,"17_1",7,5,3,0,1,1
911110,"18_1",8,2,3,3,0,1
911111,"19_1",8,4,3,1,1,1
911112,"20_1",0,3,1,0,0,1
911115,"21_1",3,3,1,0,0,1
911116,"22_1",1,1,2,1,0,1
911116,"23_1",NA,4,1,0,1,1
911117,"24_1",7,4,2,0,1,0
911119,"25_1",1,2,2,0,0,1
911120,"26_1",0,2,1,0,0,0
911121,"27_1",7,5,2,0,1,1
911122,"28_1",8,5,1,0,1,1
911124,"29_1",1,1,1,0,0,1
911125,"30_1",0,2,0,0,1,0
911126,"31_1",0,3,1,0,0,0
911127,"32_1",7,5,1,1,0,1
911127,"33_1",0,3,0,0,0,1
911128,"34_1",0,3,0,0,0,1
911129,"35_1",3,4,2,0,0,1
911130,"36_1",4,3,3,0,0,1
911131,"37_1",0,3,1,0,1,0
911132,"38_1",1,1,0,0,0,1
911133,"39_1",0,2,1,1,1,1
911133,"40_1",7,4,0,3,1,1
911134,"41_1",1,4,0,1,0,1
911138,"42_1",4,4,2,0,1,1
911139,"43_1",7,4,3,0,1,1
912101,"44_1",1,2,1,0,0,1
912103,"45_1",7,4,1,0,1,1
912104,"46_1",7,4,2,0,1,1
912105,"47_1",7,3,2,2,0,1
912107,"48_1",0,3,0,0,0,1
912108,"49_1",0,3,1,1,0,1
912109,"50_1",0,2,0,0,0,1
912110,"51_1",4,4,3,0,0,1
912111,"52_1",1,2,3,3,1,1
912111,"53_1",0,3,0,1,1,1
912111,"54_1",7,4,0,3,1,1
912112,"55_1",1,2,3,2,1,0
912112,"56_1",7,2,1,0,1,0
912114,"57_1",4,4,3,0,0,1
912114,"58_1",0,2,0,0,0,1
912116,"59_1",4,4,3,0,0,1
912117,"60_1",4,4,3,0,0,1
912118,"61_1",7,4,2,1,1,1
912119,"62_1",0,2,0,0,0,1
912120,"63_1",3,2,3,0,0,1
912123,"64_1",1,1,2,0,1,1
912124,"65_1",2,3,3,2,0,1
912126,"66_1",5,3,3,3,1,1
912130,"67_1",0,2,0,0,0,1
912131,"68_1",7,4,2,0,1,1
912132,"69_1",7,4,1,0,1,1
912136,"70_1",0,3,0,0,0,0
912137,"71_1",3,2,0,2,0,1
912138,"72_1",0,2,0,0,0,0
912138,"73_1",3,2,1,3,0,0
912139,"74_1",7,4,0,1,0,1
913101,"75_1",0,3,0,0,1,1
913102,"76_1",0,2,1,0,0,1
913103,"77_1",7,4,0,3,1,1
913104,"78_1",0,2,0,3,NA,1
913106,"79_1",7,4,3,3,0,1
913107,"80_1",7,4,2,0,1,1
913110,"81_1",4,3,3,0,1,1
913110,"82_1",1,1,0,1,0,0
913111,"83_1",4,4,3,0,0,1
913111,"84_1",1,1,1,1,0,0
913112,"85_1",7,4,3,0,1,1
913114,"86_1",7,4,1,0,0,1
913115,"87_1",8,1,3,3,1,0
913116,"88_1",4,3,3,0,0,1
913117,"89_1",5,3,3,2,1,1
913118,"90_1",1,1,0,0,0,1
913120,"91_1",1,1,0,0,0,0
913121,"92_1",1,2,0,0,0,1
913122,"93_1",1,1,1,0,0,1
913123,"94_1",5,3,3,3,0,1
913125,"95_1",1,1,1,0,0,0
913127,"96_1",2,4,2,1,0,1
913128,"97_1",0,2,0,0,0,1
913129,"98_1",1,2,1,0,0,0
913130,"99_1",0,2,0,0,0,1
913131,"100_1",0,2,0,0,0,1
913132,"101_1",0,2,0,0,0,1
913133,"102_1",7,3,2,0,1,0
913135,"103_1",7,4,3,0,1,1
913136,"104_1",0,1,1,0,0,0
913139,"105_1",4,3,3,0,1,1
914103,"106_1",0,4,3,3,0,1
914104,"107_1",4,0,2,3,0,1
914105,"108_1",0,2,0,0,0,1
914108,"109_1",0,3,0,0,0,1
914109,"110_1",7,4,2,0,1,1
914110,"111_1",7,4,1,0,1,1
914111,"112_1",4,4,3,0,0,1
914112,"113_1",7,5,3,0,1,1
914113,"114_1",7,4,2,0,1,1
914113,"115_1",4,3,3,0,1,1
914113,"116_1",0,3,0,0,0,1
914116,"117_1",7,2,1,0,0,1
914118,"118_1",0,3,0,0,0,1
914121,"119_1",3,2,3,0,0,1
914122,"120_1",7,4,0,0,1,1
914123,"121_1",6,2,0,0,0,1
914124,"122_1",3,4,2,1,0,0
914125,"123_1",0,3,2,0,0,1
914126,"124_1",0,4,0,0,0,1
914127,"125_1",0,1,1,0,0,0
914129,"126_1",7,4,0,0,1,1
914134,"127_1",3,3,3,0,0,1
914135,"128_1",3,3,0,0,0,1
914136,"129_1",0,3,2,0,0,1
914137,"130_1",0,2,0,0,0,1
914138,"131_1",0,2,1,0,0,1
914139,"132_1",3,2,0,0,0,0
921101,"133_1",0,4,0,0,0,1
921102,"134_1",8,3,3,1,1,1
921103,"135_1",0,3,0,0,0,1
921103,"136_1",0,3,0,0,0,1
921104,"137_1",0,4,0,0,0,1
921104,"138_1",0,4,0,0,0,1
921105,"139_1",0,4,0,0,0,1
921105,"140_1",0,4,0,0,0,1
921105,"141_1",0,4,0,0,0,1
921106,"142_1",0,3,0,0,0,1
921107,"143_1",0,4,0,0,0,1
921108,"144_1",7,4,3,0,1,1
921108,"145_1",0,4,0,0,0,1
921108,"146_1",0,3,0,0,0,1
921108,"147_1",0,3,0,0,0,1
921109,"148_1",0,4,0,0,0,1
921113,"149_1",8,2,2,0,1,0
921116,"150_1",7,4,0,0,1,1
921120,"151_1",0,3,0,0,1,0
921122,"152_1",4,4,3,0,0,1
921122,"153_1",0,3,0,0,0,1
921123,"154_1",7,4,1,0,1,1
921124,"155_1",0,3,0,0,0,1
921124,"156_1",5,3,3,NA,0,1
921126,"157_1",7,4,1,0,1,1
921128,"158_1",0,3,0,0,1,1
921128,"159_1",0,3,0,0,1,1
921129,"160_1",8,2,1,0,1,0
921130,"161_1",0,3,0,0,0,1
921131,"162_1",7,4,3,0,1,1
921132,"163_1",7,4,1,0,1,1
921132,"164_1",NA,2,0,0,0,1
921135,"165_1",0,4,1,0,0,1
921136,"166_1",2,3,3,3,0,1
921136,"167_1",8,6,NA,0,0,1
921137,"168_1",0,3,0,0,1,1
921139,"169_1",0,3,0,0,0,1
921139,"170_1",0,3,0,0,0,1
921139,"171_1",0,3,0,0,0,1
922104,"172_1",2,3,3,0,0,1
922105,"173_1",1,3,3,3,1,0
922106,"174_1",0,3,0,0,0,1
922107,"175_1",7,4,1,0,1,1
922108,"176_1",6,3,0,0,1,0
922109,"177_1",0,3,0,0,0,1
922111,"178_1",0,2,1,0,0,1
922115,"179_1",7,4,1,0,0,1
922117,"180_1",7,4,0,0,1,1
922117,"181_1",0,2,0,0,0,1
922119,"182_1",2,3,3,3,0,1
922120,"183_1",0,4,3,0,0,1
922122,"184_1",7,4,3,0,0,1
922123,"185_1",7,4,1,0,1,1
922124,"186_1",0,3,0,0,0,1
922126,"187_1",0,3,0,0,1,1
922127,"188_1",0,3,0,0,0,1
922127,"189_1",0,3,0,0,0,1
922128,"190_1",1,3,3,1,1,1
922128,"191_1",0,3,0,0,0,1
922129,"192_1",0,2,0,0,0,1
922129,"193_1",2,3,2,2,0,1
922130,"194_1",7,5,0,0,1,1
922130,"195_1",0,2,0,0,0,1
922132,"196_1",0,1,0,0,0,1
922133,"197_1",8,3,0,0,0,1
922134,"198_1",1,2,0,NA,1,1
922135,"199_1",0,4,0,0,0,1
922136,"200_1",7,5,0,0,1,1
922137,"201_1",0,4,0,0,0,1
922138,"202_1",0,5,0,0,0,1
922138,"203_1",1,1,0,0,0,1
923100,"204_1",0,3,1,0,0,1
923101,"205_1",0,4,NA,0,0,1
923101,"206_1",0,4,NA,0,0,1
923101,"207_1",0,4,NA,0,0,1
923104,"208_1",0,2,0,0,0,1
923105,"209_1",7,4,3,0,1,1
923105,"210_1",0,3,0,1,0,1
923106,"211_1",0,4,0,0,1,1
923106,"212_1",0,3,0,0,0,1
923107,"213_1",0,4,NA,0,0,1
923109,"214_1",7,5,0,0,1,1
923114,"215_1",0,2,0,0,0,1
923117,"216_1",2,3,3,3,0,1
923119,"217_1",7,4,1,0,1,1
923121,"218_1",0,3,0,0,0,1
923122,"219_1",7,3,3,0,0,1
923123,"220_1",4,4,3,0,0,1
923124,"221_1",1,2,3,0,0,1
923126,"222_1",6,4,1,0,0,1
923127,"223_1",7,4,0,0,1,1
923134,"224_1",0,4,0,0,0,1
923135,"225_1",0,3,0,0,NA,1
923139,"226_1",0,4,0,0,0,1
924100,"227_1",0,2,0,0,0,1
924103,"228_1",7,4,0,0,1,1
924104,"229_1",7,5,0,0,0,1
924105,"230_1",5,3,3,3,NA,1
924106,"231_1",0,3,0,0,0,1
924109,"232_1",7,5,1,0,1,1
924110,"233_1",0,3,0,0,0,1
924111,"234_1",0,3,0,0,0,1
924114,"235_1",7,4,0,0,0,1
924115,"236_1",7,5,0,0,1,1
924121,"237_1",0,3,0,0,0,1
924121,"238_1",0,3,0,0,0,1
924122,"239_1",1,3,0,NA,1,0
924123,"240_1",1,3,3,NA,1,0
924124,"241_1",0,3,0,0,0,1
924124,"242_1",2,3,3,3,1,1
924126,"243_1",0,4,0,0,0,1
924127,"244_1",7,4,0,0,0,1
924128,"245_1",0,3,0,0,1,1
924130,"246_1",7,4,3,0,1,1
924131,"247_1",0,2,0,0,0,1
924134,"248_1",0,4,0,0,0,1
924134,"249_1",0,4,0,0,1,0
924135,"250_1",2,3,3,3,1,1
924138,"251_1",7,0,NA,0,1,1
924139,"252_1",2,3,3,3,0,1
924139,"253_1",0,4,0,0,0,1
931102,"254_1",1,3,3,3,1,1
931102,"255_1",6,3,0,0,0,1
931106,"256_1",8,3,3,0,0,0
931111,"257_1",5,3,3,3,0,1
931112,"258_1",7,4,0,0,1,1
931113,"259_1",0,4,NA,0,0,1
931114,"260_1",1,3,0,0,0,0
931114,"261_1",0,4,0,0,0,1
931115,"262_1",4,4,3,0,0,1
931118,"263_1",2,3,3,3,0,1
931121,"264_1",0,3,0,0,0,1
931123,"265_1",7,4,0,0,0,1
931124,"266_1",2,3,3,2,0,1
931125,"267_1",3,3,2,0,0,1
931127,"268_1",1,4,3,0,0,1
931128,"269_1",3,3,2,2,0,1
931128,"270_1",0,3,0,0,0,1
931128,"271_1",0,1,0,2,0,1
931129,"272_1",3,4,2,0,0,1
931129,"273_1",1,2,0,1,0,1
931130,"274_1",5,2,3,2,0,1
931130,"275_1",0,4,2,0,0,1
931131,"276_1",7,5,0,0,1,1
931132,"277_1",7,4,3,0,1,1
931134,"278_1",7,4,2,0,1,1
931136,"279_1",1,3,3,1,0,0
931137,"280_1",7,4,3,0,0,1
931138,"281_1",8,3,0,0,0,1
932100,"282_1",7,4,2,0,1,1
932109,"283_1",7,4,1,0,1,1
932114,"284_1",1,3,0,0,0,1
932114,"285_1",7,4,1,3,0,1
932115,"286_1",7,4,0,0,0,1
932116,"287_1",1,3,3,0,0,1
932118,"288_1",1,0,0,0,0,1
932127,"289_1",7,4,3,0,0,1
932128,"290_1",7,4,3,3,0,1
932128,"291_1",3,3,3,0,0,0
932128,"292_1",0,4,0,0,0,1
932128,"293_1",1,0,1,0,0,1
932129,"294_1",0,4,1,0,0,1
932130,"295_1",4,1,0,0,0,1
932130,"296_1",5,5,2,1,0,0
932131,"297_1",0,2,0,0,0,1
932131,"298_1",7,4,1,0,0,1
932131,"299_1",1,0,0,0,0,1
932132,"300_1",7,4,2,0,1,1
932133,"301_1",7,4,0,0,0,1
932134,"302_1",7,4,2,0,0,1
932135,"303_1",4,3,2,0,0,1
933100,"304_1",1,0,3,0,0,1
933100,"305_1",0,3,1,0,0,1
933100,"306_1",7,4,0,0,1,1
933101,"307_1",0,2,0,0,0,1
933102,"308_1",4,4,3,0,1,1
933105,"309_1",8,3,3,0,1,0
933105,"310_1",1,3,3,1,1,0
933106,"311_1",8,5,3,0,0,0
933119,"312_1",2,3,3,0,0,1
933121,"313_1",8,4,3,0,1,1
933126,"314_1",0,3,0,0,0,1
933127,"315_1",7,4,1,1,0,1
933128,"316_1",0,3,1,0,0,1
933129,"317_1",2,3,3,2,0,1
933130,"318_1",7,4,0,0,1,1
933131,"319_1",7,5,0,0,0,1
933131,"320_1",0,2,0,0,0,1
933132,"321_1",2,3,2,0,0,1
933133,"322_1",4,4,3,0,0,1
933134,"323_1",8,4,3,0,1,1
933135,"324_1",4,4,3,0,0,1
933136,"325_1",7,4,3,0,1,1
933136,"326_1",0,2,0,0,0,0
933137,"327_1",7,4,3,0,1,1
933138,"328_1",2,3,3,3,0,1
934100,"329_1",7,4,3,0,1,1
934100,"330_1",3,4,3,0,1,1
934101,"331_1",2,3,3,3,NA,1
934103,"332_1",0,2,0,0,0,1
934104,"333_1",7,4,1,0,0,1
934105,"334_1",0,3,0,0,0,1
934107,"335_1",4,4,3,0,1,1
934107,"336_1",4,4,3,0,1,1
934107,"337_1",0,4,0,0,0,1
934107,"338_1",0,3,0,0,0,1
934108,"339_1",0,3,0,0,0,1
934109,"340_1",0,4,0,0,0,1
934110,"341_1",7,4,3,3,0,1
934111,"342_1",0,4,0,0,0,1
934111,"343_1",0,4,0,0,0,1
934112,"344_1",7,4,3,0,1,1
934112,"345_1",0,4,0,0,0,1
934113,"346_1",2,3,3,3,0,1
934114,"347_1",2,3,3,3,0,1
934114,"348_1",0,3,0,0,0,1
934114,"349_1",0,3,0,0,0,1
934115,"350_1",3,4,3,0,0,1
934115,"351_1",0,4,0,0,0,1
934115,"352_1",7,4,2,0,0,1
934116,"353_1",0,4,0,0,0,1
934118,"354_1",7,5,0,0,1,1
934121,"355_1",2,3,3,2,0,1
934126,"356_1",0,3,0,0,0,1
934127,"357_1",7,4,0,0,0,1
934129,"358_1",7,5,1,0,0,1
934130,"359_1",7,4,0,0,0,1
934135,"360_1",3,3,2,0,0,1
934136,"361_1",1,3,3,1,1,1
934136,"362_1",0,4,0,0,0,1
934136,"363_1",0,4,0,0,0,1
934137,"364_1",7,4,3,0,1,1
934137,"365_1",0,3,0,0,0,1
934138,"366_1",0,4,0,0,0,1
934139,"367_1",0,3,3,0,0,1
934139,"368_1",2,3,3,3,0,0
941100,"369_1",0,3,0,0,0,1
941101,"370_1",7,4,2,0,0,1
941102,"371_1",7,4,1,0,NA,1
941102,"372_1",0,3,0,0,0,1
941105,"373_1",0,2,3,NA,0,1
941106,"374_1",7,6,0,0,0,1
941106,"375_1",0,4,0,0,0,1
941107,"376_1",7,5,1,0,0,1
941108,"377_1",7,4,3,0,0,1
941111,"378_1",7,2,2,0,1,1
941111,"379_1",0,2,0,0,NA,1
941111,"380_1",0,1,0,0,0,NA
941112,"381_1",7,4,3,0,1,0
941112,"382_1",8,3,2,0,0,1
941115,"383_1",1,3,3,0,0,0
941116,"384_1",1,3,2,0,0,0
941119,"385_1",8,4,3,0,1,0
941121,"386_1",4,4,3,0,0,1
941121,"387_1",0,4,0,0,0,1
941122,"388_1",7,4,0,0,1,1
941122,"389_1",8,2,0,0,1,0
941123,"390_1",6,3,0,0,0,1
941126,"391_1",0,2,0,0,0,0
941126,"392_1",4,4,3,0,0,1
941126,"393_1",0,3,0,0,0,1
941126,"394_1",0,2,0,0,0,1
941127,"395_1",3,2,1,0,0,1
941130,"396_1",1,2,3,0,0,1
941131,"397_1",0,1,0,0,1,1
941132,"398_1",0,3,0,0,0,1
941133,"399_1",0,4,0,0,1,0
941133,"400_1",0,3,1,0,1,0
941134,"401_1",1,1,0,0,0,0
941135,"402_1",7,5,3,0,1,1
941136,"403_1",1,2,0,0,0,0
941137,"404_1",7,4,3,NA,1,1
941138,"405_1",7,4,2,0,1,1
942100,"406_1",0,4,0,0,0,1
942100,"407_1",8,4,2,0,0,1
942102,"408_1",0,0,0,0,0,0
942104,"409_1",7,5,2,0,0,1
942105,"410_1",2,3,3,2,0,1
942107,"411_1",0,3,0,0,1,1
942108,"412_1",7,5,0,0,0,1
942110,"413_1",7,5,3,0,0,1
942111,"414_1",0,2,0,0,1,1
942112,"415_1",8,3,0,0,0,0
942113,"416_1",0,3,0,0,0,1
942114,"417_1",8,4,0,0,1,0
942118,"418_1",0,4,1,0,0,1
942119,"419_1",0,1,2,0,0,1
942121,"420_1",7,5,0,0,0,1
942123,"421_1",0,2,3,2,0,1
942124,"422_1",7,2,3,0,1,1
942124,"423_1",0,3,1,1,0,1
942125,"424_1",8,3,0,0,0,0
942126,"425_1",7,5,0,0,1,1
942129,"426_1",6,3,0,0,0,0
942130,"427_1",7,2,3,0,NA,1
942131,"428_1",5,4,3,2,1,0
942132,"429_1",7,2,3,0,1,1
942133,"430_1",5,0,2,2,0,1
942134,"431_1",7,4,2,0,0,1
942135,"432_1",0,2,0,0,0,0
942137,"433_1",0,3,0,0,0,1
942138,"434_1",7,2,3,0,1,1
942139,"435_1",7,2,3,0,1,1
942139,"436_1",2,1,3,2,0,1
943100,"437_1",4,4,3,0,0,1
943102,"438_1",0,2,0,0,0,1
943103,"439_1",5,3,3,3,0,1
943104,"440_1",0,3,1,0,0,1
943104,"441_1",0,3,1,0,0,1
943105,"442_1",7,5,0,0,0,1
943106,"443_1",7,5,2,0,1,1
943107,"444_1",0,2,1,0,0,1
943107,"445_1",0,6,0,NA,0,1
943108,"446_1",0,3,0,0,0,1
943108,"447_1",0,4,0,0,0,1
943109,"448_1",0,3,0,0,0,1
943110,"449_1",8,1,3,2,0,1
943111,"450_1",7,4,3,0,1,1
943113,"451_1",8,4,3,2,0,1
943115,"452_1",7,4,2,0,1,1
943115,"453_1",2,3,3,2,0,1
943116,"454_1",0,3,0,0,0,1
943116,"455_1",7,4,3,0,1,1
943118,"456_1",0,2,1,1,0,1
943118,"457_1",0,3,1,0,0,1
943118,"458_1",0,4,1,1,0,1
943118,"459_1",NA,2,1,1,0,1
943119,"460_1",1,2,3,0,0,0
943121,"461_1",0,4,1,0,0,1
943122,"462_1",0,3,0,0,0,1
943122,"463_1",7,5,2,0,1,1
943124,"464_1",0,3,1,0,0,1
943126,"465_1",7,5,2,0,1,1
943126,"466_1",8,2,2,0,1,0
943129,"467_1",7,4,3,0,0,1
943130,"468_1",7,4,1,0,1,1
943131,"469_1",5,3,3,0,0,0
943135,"470_1",7,4,0,0,1,1
943136,"471_1",0,3,0,0,0,0
943137,"472_1",0,3,0,NA,0,0
943137,"473_1",4,4,3,NA,1,1
943137,"474_1",0,2,0,NA,0,0
943139,"475_1",4,4,3,0,0,1
944101,"476_1",0,3,0,0,0,0
944101,"477_1",0,3,0,0,0,0
944102,"478_1",2,2,3,1,0,1
944103,"479_1",4,3,3,0,1,0
944106,"480_1",0,3,0,0,0,1
944108,"481_1",0,3,0,NA,0,0
944108,"482_1",0,3,0,NA,0,0
944109,"483_1",7,4,2,0,1,1
944111,"484_1",0,3,1,0,0,1
944112,"485_1",0,3,0,0,0,0
944113,"486_1",0,2,0,0,0,1
944114,"487_1",0,3,0,0,0,1
944115,"488_1",7,3,2,0,1,1
944115,"489_1",0,2,1,0,0,1
944116,"490_1",0,3,0,0,0,1
944117,"491_1",0,3,0,0,0,1
944118,"492_1",0,3,0,0,0,1
944121,"493_1",7,4,2,0,1,1
944123,"494_1",0,3,0,0,0,1
944123,"495_1",0,2,0,0,0,1
944125,"496_1",2,3,2,2,0,1
944127,"497_1",0,2,0,0,0,0
944128,"498_1",8,3,2,0,1,0
944129,"499_1",7,4,3,3,0,1
944130,"500_1",7,4,0,0,1,1
944131,"501_1",7,4,2,0,1,1
944132,"502_1",7,4,2,0,1,1
944135,"503_1",8,2,0,0,1,0
944136,"504_1",7,4,0,0,0,1
944138,"505_1",0,2,0,0,0,0
944139,"506_1",0,3,1,0,0,1
951100,"507_1",1,3,3,1,1,1
951101,"508_1",1,0,0,0,0,1
951102,"509_1",4,5,3,0,1,1
951104,"510_1",0,2,0,0,0,1
951107,"511_1",1,0,3,3,0,1
951108,"512_1",7,4,2,0,1,1
951109,"513_1",1,4,1,1,0,1
951110,"514_1",0,0,0,0,0,1
951111,"515_1",0,3,0,0,0,1
951112,"516_1",0,4,0,0,0,1
951112,"517_1",1,3,3,3,1,1
951113,"518_1",0,3,1,0,0,1
951114,"519_1",1,1,3,3,0,0
951117,"520_1",7,4,0,0,1,1
951121,"521_1",8,2,2,0,0,1
951121,"522_1",1,3,3,2,0,1
951123,"523_1",3,4,3,0,1,1
951124,"524_1",0,3,0,1,0,1
951125,"525_1",7,4,3,0,1,1
951128,"526_1",3,5,3,0,1,1
951129,"527_1",2,3,2,0,0,1
951130,"528_1",0,4,1,1,0,1
951132,"529_1",7,4,2,0,1,1
951133,"530_1",7,4,3,0,1,0
951134,"531_1",3,3,3,0,0,1
951135,"532_1",7,4,0,0,1,1
952100,"533_1",7,4,0,0,1,1
952101,"534_1",0,1,0,0,0,1
952105,"535_1",7,4,1,0,0,1
952106,"536_1",8,4,1,0,1,1
952107,"537_1",1,2,3,3,0,1
952107,"538_1",0,3,0,0,0,1
952109,"539_1",4,2,2,0,1,1
952110,"540_1",0,3,0,0,0,1
952111,"541_1",1,1,1,1,0,1
952113,"542_1",7,5,3,0,1,1
952114,"543_1",7,4,3,0,1,1
952118,"544_1",1,1,3,3,0,1
952119,"545_1",0,3,0,0,0,1
952120,"546_1",7,4,3,0,1,1
952123,"547_1",7,3,1,0,1,1
952124,"548_1",1,3,3,2,1,1
952125,"549_1",7,4,2,0,1,1
952126,"550_1",7,5,3,3,1,1
952127,"551_1",5,3,1,2,1,0
952128,"552_1",0,3,0,0,0,1
952130,"553_1",7,5,NA,2,1,1
952130,"554_1",0,1,0,0,0,1
952132,"555_1",1,0,3,3,0,1
952132,"556_1",8,1,2,0,0,1
952132,"557_1",8,3,3,3,0,0
952132,"558_1",8,1,1,0,1,0
952134,"559_1",4,4,3,0,1,1
952136,"560_1",7,5,3,0,1,1
952137,"561_1",0,3,0,0,0,1
952138,"562_1",1,2,3,2,0,0
952138,"563_1",7,4,2,0,1,1
952139,"564_1",1,1,0,0,0,0
953101,"565_1",0,3,0,0,0,1
953102,"566_1",4,1,1,0,0,0
953102,"567_1",2,4,3,NA,1,1
953104,"568_1",0,3,0,0,0,1
953106,"569_1",1,4,3,3,0,0
953106,"570_1",7,6,3,0,1,1
953107,"571_1",2,3,2,1,0,0
953108,"572_1",0,3,0,0,0,1
953110,"573_1",7,4,2,0,1,1
953111,"574_1",4,2,2,0,0,0
953112,"575_1",1,3,0,0,0,1
953113,"576_1",7,4,2,0,1,1
953114,"577_1",7,4,3,0,1,1
953114,"578_1",3,3,3,0,0,1
953116,"579_1",4,4,2,0,1,1
953117,"580_1",4,4,2,0,0,1
953118,"581_1",0,3,0,0,0,1
953120,"582_1",7,4,0,0,1,1
953121,"583_1",7,4,1,0,1,1
953122,"584_1",3,3,2,0,0,1
953122,"585_1",1,0,0,0,0,1
953123,"586_1",1,1,0,0,0,1
953124,"587_1",1,0,2,0,1,1
953124,"588_1",4,2,3,0,0,0
953124,"589_1",0,2,0,0,0,1
953125,"590_1",4,3,3,0,0,0
953127,"591_1",7,4,2,0,1,1
953128,"592_1",0,4,1,1,0,1
953132,"593_1",7,4,2,0,1,1
953132,"594_1",0,1,0,0,0,1
953132,"595_1",2,3,3,0,0,0
953133,"596_1",0,4,0,1,0,1
953134,"597_1",7,6,2,0,1,1
953136,"598_1",1,2,1,1,0,1
953136,"599_1",2,3,2,1,0,1
953136,"600_1",8,3,0,0,0,1
953138,"601_1",2,3,3,NA,0,1
953138,"602_1",0,2,0,NA,0,1
953139,"603_1",2,3,3,1,0,1
954101,"604_1",0,2,0,0,0,1
954102,"605_1",7,4,0,0,1,1
954104,"606_1",0,3,0,0,0,1
954105,"607_1",1,3,2,0,0,1
954106,"608_1",7,4,3,0,1,1
954107,"609_1",2,3,3,2,0,0
954108,"610_1",8,4,3,0,0,1
954109,"611_1",4,4,2,0,0,1
954109,"612_1",0,3,0,0,0,1
954110,"613_1",2,3,2,1,0,1
954111,"614_1",2,3,3,3,0,1
954113,"615_1",7,4,3,3,0,1
954115,"616_1",7,4,3,0,1,1
954116,"617_1",7,5,3,0,1,1
954117,"618_1",1,0,1,1,0,1
954119,"619_1",7,4,1,0,1,1
954120,"620_1",7,4,2,0,1,1
954122,"621_1",7,4,3,0,1,1
954123,"622_1",3,3,2,0,0,1
954124,"623_1",7,4,1,0,0,1
954125,"624_1",6,4,1,0,1,0
954126,"625_1",0,3,0,1,0,1
954126,"626_1",NA,2,1,2,0,1
954129,"627_1",4,4,2,0,0,1
954130,"628_1",4,1,1,2,0,1
954131,"629_1",7,4,2,0,1,1
954132,"630_1",3,2,3,0,1,1
954133,"631_1",0,3,0,0,0,1
954133,"632_1",8,5,0,0,1,1
954134,"633_1",0,4,0,0,0,1
954135,"634_1",1,1,0,0,0,1
954136,"635_1",7,4,1,0,1,1
954137,"636_1",4,3,3,2,0,1
954138,"637_1",3,0,2,0,0,1
954138,"638_1",0,2,0,0,0,1
954139,"639_1",0,2,0,0,0,1
961100,"640_1",0,4,0,0,0,0
961101,"641_1",7,5,3,3,1,1
961104,"642_1",0,2,0,0,0,1
961106,"643_1",0,3,0,0,0,0
961107,"644_1",7,4,1,0,1,1
961108,"645_1",7,4,2,0,0,1
961109,"646_1",7,4,3,0,1,1
961112,"647_1",0,1,0,0,0,0
961114,"648_1",1,2,3,0,1,1
961116,"649_1",0,5,0,3,0,1
961119,"650_1",7,4,3,0,0,1
961121,"651_1",0,2,0,0,0,0
961122,"652_1",0,6,0,0,0,1
961128,"653_1",0,5,0,0,0,0
961130,"654_1",3,4,3,0,0,0
961131,"655_1",3,3,3,0,0,0
961131,"656_1",0,3,1,0,0,0
961132,"657_1",1,2,2,2,0,0
961132,"658_1",0,3,0,0,0,NA
961132,"659_1",3,2,2,0,0,NA
961134,"660_1",4,3,3,0,0,0
961136,"661_1",0,3,0,0,0,0
961136,"662_1",1,0,0,0,0,0
961137,"663_1",7,4,3,0,1,1
961138,"664_1",7,5,0,3,1,1
961139,"665_1",7,4,3,0,1,1
962101,"666_1",0,6,0,0,0,1
962102,"667_1",0,6,0,0,0,1
962103,"668_1",7,6,1,0,0,1
962109,"669_1",0,3,0,0,0,0
962109,"670_1",0,5,0,0,0,0
962110,"671_1",0,3,0,0,0,0
962111,"672_1",8,5,1,0,1,0
962114,"673_1",8,4,2,0,0,0
962115,"674_1",7,4,1,0,0,0
962116,"675_1",0,3,0,0,0,0
962116,"676_1",8,2,3,0,0,0
962125,"677_1",0,3,0,0,0,0
962126,"678_1",7,3,0,0,1,0
962127,"679_1",4,3,0,0,1,1
962128,"680_1",1,2,3,2,0,0
962134,"681_1",8,NA,2,0,1,0
962135,"682_1",8,3,0,0,0,0
962136,"683_1",8,3,0,0,0,0
962137,"684_1",7,5,3,0,1,1
962139,"685_1",7,4,1,0,0,1
963102,"686_1",0,3,0,0,0,1
963105,"687_1",7,5,0,0,0,1
963109,"688_1",4,4,3,0,1,1
963109,"689_1",0,3,0,0,0,0
963110,"690_1",7,4,3,0,0,1
963111,"691_1",0,3,0,0,1,0
963119,"692_1",5,3,3,2,0,1
963124,"693_1",2,3,3,3,0,1
963125,"694_1",8,2,1,0,0,0
963127,"695_1",7,4,3,0,1,1
963128,"696_1",4,4,3,0,1,1
963129,"697_1",0,3,0,0,0,1
963129,"698_1",0,2,0,0,0,1
963130,"699_1",7,3,3,0,0,1
963133,"700_1",7,4,3,0,1,1
963136,"701_1",0,3,1,0,0,0
963137,"702_1",7,4,1,0,1,1
963138,"703_1",4,4,3,0,1,1
963139,"704_1",0,4,3,1,0,1
964102,"705_1",1,4,1,0,1,0
964103,"706_1",8,2,0,0,1,0
964104,"707_1",0,2,3,0,0,0
964106,"708_1",4,2,2,0,0,0
964107,"709_1",8,1,3,0,0,0
964108,"710_1",7,6,2,0,0,1
964110,"711_1",0,3,0,0,0,0
964111,"712_1",0,2,1,0,0,1
964113,"713_1",7,4,1,0,0,1
964113,"714_1",0,3,0,0,0,NA
964116,"715_1",0,2,0,0,1,1
964118,"716_1",0,3,0,0,0,0
964118,"717_1",0,2,0,0,0,0
964118,"718_1",0,2,0,0,0,0
964119,"719_1",7,3,3,3,0,1
964121,"720_1",7,4,0,0,1,1
964123,"721_1",0,3,0,0,0,0
964124,"722_1",1,3,3,1,0,0
964125,"723_1",7,4,3,3,1,1
964126,"724_1",0,2,1,0,0,0
964127,"725_1",4,4,3,0,1,1
964128,"726_1",0,3,0,0,0,0
964128,"727_1",4,5,3,0,0,1
964129,"728_1",0,4,0,0,0,0
964131,"729_1",0,4,0,0,0,1
964132,"730_1",0,3,0,0,0,1
964132,"731_1",7,4,3,0,1,1
964133,"732_1",4,3,2,0,0,1
964134,"733_1",7,4,1,0,0,1
964136,"734_1",7,4,2,0,1,1
964136,"735_1",0,4,0,0,0,1
964137,"736_1",7,3,2,0,1,1
964138,"737_1",0,4,0,0,0,1
964138,"738_1",7,3,1,0,0,1
964139,"739_1",7,4,3,0,1,1
964139,"740_1",0,4,0,0,0,1
971100,"741_1",4,2,3,3,0,0
971103,"742_1",8,1,3,0,1,0
971104,"743_1",0,2,0,0,0,0
971105,"744_1",4,4,3,0,0,0
971106,"745_1",0,3,0,0,1,0
971106,"746_1",0,2,0,0,0,0
971106,"747_1",7,4,1,0,1,0
971107,"748_1",0,0,0,0,0,0
971111,"749_1",0,2,0,0,0,0
971112,"750_1",7,5,0,0,1,0
971114,"751_1",7,4,0,0,1,0
971115,"752_1",4,4,3,0,1,0
971116,"753_1",0,3,0,0,0,0
971121,"754_1",0,4,0,0,0,0
971122,"755_1",7,4,1,0,1,0
971123,"756_1",0,2,0,0,0,0
971124,"757_1",0,3,0,0,0,0
971127,"758_1",2,3,3,3,1,0
971129,"759_1",7,4,2,0,1,0
971131,"760_1",5,4,3,3,0,0
971133,"761_1",7,4,1,0,1,0
971134,"762_1",0,3,0,0,1,0
971136,"763_1",0,4,0,0,0,0
971138,"764_1",0,4,0,0,0,0
972102,"765_1",0,1,0,0,1,0
972103,"766_1",1,1,3,2,1,0
972103,"767_1",1,2,1,3,1,0
972103,"768_1",1,2,1,1,1,0
972105,"769_1",7,5,2,0,1,1
972106,"770_1",7,4,1,0,1,0
972109,"771_1",1,0,0,0,0,0
972110,"772_1",1,1,0,0,0,0
972111,"773_1",0,3,0,0,0,0
972112,"774_1",0,2,0,0,1,NA
972117,"775_1",4,4,3,0,1,0
972118,"776_1",1,2,2,0,1,0
972119,"777_1",0,4,0,0,1,0
972123,"778_1",2,4,3,3,1,0
972128,"779_1",0,3,0,0,0,0
972129,"780_1",0,3,0,0,0,0
972131,"781_1",4,4,3,0,0,0
972132,"782_1",0,2,0,0,0,0
972133,"783_1",0,3,0,0,0,0
972134,"784_1",4,3,3,0,0,0
972139,"785_1",3,4,3,0,0,0
973103,"786_1",0,2,0,0,0,0
973104,"787_1",0,4,1,0,0,1
973105,"788_1",7,4,0,0,1,0
973107,"789_1",0,4,0,0,1,0
973108,"790_1",0,3,0,0,0,0
973108,"791_1",2,3,3,2,0,0
973109,"792_1",0,3,0,0,1,0
973110,"793_1",3,5,3,0,0,0
973113,"794_1",0,3,0,0,0,0
973116,"795_1",0,2,0,0,1,0
973116,"796_1",4,4,3,0,1,0
973121,"797_1",0,3,0,0,0,0
973122,"798_1",0,3,0,0,0,0
973125,"799_1",2,3,3,3,0,0
973133,"800_1",5,3,3,0,1,0
974102,"801_1",0,2,0,0,0,0
974103,"802_1",5,2,1,0,1,0
974108,"803_1",0,0,0,0,0,0
974111,"804_1",7,4,0,0,1,0
974112,"805_1",0,3,1,0,0,0
974116,"806_1",5,4,3,3,0,0
974122,"807_1",4,3,0,0,1,0
974124,"808_1",0,0,0,0,0,0
974124,"809_1",7,0,0,0,1,0
974125,"810_1",0,3,0,0,0,0
974132,"811_1",0,3,0,0,0,0
974132,"812_1",7,4,1,0,1,0
974133,"813_1",7,4,1,0,1,0
974135,"814_1",7,4,0,0,1,0
974138,"815_1",0,3,0,0,1,1
974139,"816_1",0,3,0,0,0,0
981101,"817_1",1,0,0,0,0,0
981104,"818_1",0,4,0,0,0,0
981109,"819_1",0,3,0,0,1,0
981110,"820_1",1,3,3,0,1,1
981111,"821_1",1,3,3,3,1,0
981112,"822_1",1,3,3,1,1,1
981115,"823_1",1,3,3,1,1,1
981116,"824_1",0,3,0,0,0,1
981120,"825_1",1,3,2,2,1,1
981122,"826_1",7,4,3,NA,1,0
981123,"827_1",7,4,0,0,1,1
981124,"828_1",5,3,3,3,0,0
981129,"829_1",5,4,3,3,1,0
981132,"830_1",7,4,3,2,1,0
981133,"831_1",8,3,2,0,1,0
982100,"832_1",8,3,3,3,0,1
982101,"833_1",7,4,0,NA,1,0
982110,"834_1",1,2,1,0,0,0
982113,"835_1",1,1,0,0,0,1
982113,"836_1",0,4,1,NA,0,0
982115,"837_1",1,3,1,1,1,0
982122,"838_1",7,4,NA,0,1,0
982123,"839_1",1,1,0,0,0,1
982126,"840_1",1,1,2,1,1,0
982129,"841_1",1,0,0,0,0,1
982129,"842_1",0,3,0,0,0,0
982130,"843_1",1,0,0,0,0,0
982131,"844_1",1,3,3,0,1,0
982131,"845_1",1,3,3,1,NA,0
982131,"846_1",1,3,3,3,NA,0
982133,"847_1",1,0,0,0,0,0
982134,"848_1",8,1,0,0,1,0
982137,"849_1",0,3,0,0,1,0
983100,"850_1",0,1,0,0,1,0
983102,"851_1",2,3,3,1,1,1
983109,"852_1",7,3,1,0,1,1
983111,"853_1",1,3,3,3,1,0
983112,"854_1",0,1,0,0,0,0
983114,"855_1",1,3,3,3,1,0
983116,"856_1",7,4,3,3,0,0
983117,"857_1",7,4,0,0,1,0
983118,"858_1",0,3,0,0,0,0
983119,"859_1",5,4,3,0,0,1
983120,"860_1",7,4,3,0,1,1
983122,"861_1",0,4,0,0,0,1
983123,"862_1",1,1,3,2,1,0
983125,"863_1",8,2,3,1,0,0
983126,"864_1",0,2,0,0,1,0
983127,"865_1",8,1,2,0,0,0
983128,"866_1",7,4,0,0,1,1
983129,"867_1",8,1,3,NA,0,0
983129,"868_1",1,1,0,0,0,0
983132,"869_1",8,3,3,0,0,0
983133,"870_1",0,2,0,0,0,0
983135,"871_1",0,4,0,0,1,0
983136,"872_1",7,4,1,0,1,0
983138,"873_1",1,1,0,0,0,0
983139,"874_1",0,4,0,0,1,0
984100,"875_1",0,3,1,0,0,0
984101,"876_1",0,3,0,0,0,0
984104,"877_1",0,2,0,0,0,0
984109,"878_1",1,3,1,0,1,1
984111,"879_1",0,3,0,0,0,0
984114,"880_1",1,2,0,0,0,0
984119,"881_1",7,4,0,1,1,1
984123,"882_1",1,0,0,0,0,1
984124,"883_1",7,4,0,0,0,0
984128,"884_1",7,4,0,3,1,0
984133,"885_1",3,3,2,0,0,0
984139,"886_1",7,4,2,0,0,0
