part_id,dayofweek,day,month,year,date,sday_id
3825,5,22,10,2010,2010-10-22,2010.10.22
4793,3,24,11,2010,2010-11-24,2010.11.24
4845,5,29,10,2010,2010-10-29,2010.10.29
13427,3,27,10,2010,2010-10-27,2010.10.27
15907,5,29,10,2010,2010-10-29,2010.10.29
119730,5,29,10,2010,2010-10-29,2010.10.29
120537,2,26,10,2010,2010-10-26,2010.10.26
135807,2,26,10,2010,2010-10-26,2010.10.26
149733,4,28,10,2010,2010-10-28,2010.10.28
154610,3,1,12,2010,2010-12-01,2010.12.01
180147,5,29,10,2010,2010-10-29,2010.10.29
190034,4,28,10,2010,2010-10-28,2010.10.28
207475,NA,NA,10,2010,NA,NA
213625,5,29,10,2010,2010-10-29,2010.10.29
215529,1,25,10,2010,2010-10-25,2010.10.25
221758,5,29,10,2010,2010-10-29,2010.10.29
255230,2,23,11,2010,2010-11-23,2010.11.23
272791,7,24,10,2010,2010-10-24,2010.10.24
274046,1,25,10,2010,2010-10-25,2010.10.25
285152,1,22,11,2010,2010-11-22,2010.11.22
293473,4,18,11,2010,2010-11-18,2010.11.18
318752,6,27,11,2010,2010-11-27,2010.11.27
339803,1,15,11,2010,2010-11-15,2010.11.15
441492,6,23,10,2010,2010-10-23,2010.10.23
447012,5,29,10,2010,2010-10-29,2010.10.29
482513,1,15,11,2010,2010-11-15,2010.11.15
487509,1,25,10,2010,2010-10-25,2010.10.25
543398,5,29,10,2010,2010-10-29,2010.10.29
614776,2,16,11,2010,2010-11-16,2010.11.16
662350,4,28,10,2010,2010-10-28,2010.10.28
680606,5,12,11,2010,2010-11-12,2010.11.12
723543,2,26,10,2010,2010-10-26,2010.10.26
726871,7,16,1,2011,2011-01-16,2011.01.16
751825,7,24,10,2010,2010-10-24,2010.10.24
892028,3,27,10,2010,2010-10-27,2010.10.27
932792,6,20,11,2010,2010-11-20,2010.11.20
1177291,6,20,11,2010,2010-11-20,2010.11.20
1421646,7,24,10,2010,2010-10-24,2010.10.24
1432206,6,20,11,2010,2010-11-20,2010.11.20
1454172,7,21,11,2010,2010-11-21,2010.11.21
1602823,7,28,11,2010,2010-11-28,2010.11.28
1676207,6,20,11,2010,2010-11-20,2010.11.20
1759211,2,18,1,2011,2011-01-18,2011.01.18
2038522,7,24,10,2010,2010-10-24,2010.10.24
2070031,6,20,11,2010,2010-11-20,2010.11.20
2109526,6,27,11,2010,2010-11-27,2010.11.27
2255669,3,27,10,2010,2010-10-27,2010.10.27
2325729,5,22,10,2010,2010-10-22,2010.10.22
2398180,2,26,10,2010,2010-10-26,2010.10.26
2435783,7,28,11,2010,2010-11-28,2010.11.28
2439480,7,28,11,2010,2010-11-28,2010.11.28
2452344,7,28,11,2010,2010-11-28,2010.11.28
2470798,5,29,10,2010,2010-10-29,2010.10.29
2484669,3,22,12,2010,2010-12-22,2010.12.22
2874689,3,20,10,2010,2010-10-20,2010.10.20
2991872,5,22,10,2010,2010-10-22,2010.10.22
3042290,2,30,11,2010,2010-11-30,2010.11.30
3491228,5,22,10,2010,2010-10-22,2010.10.22
3686261,3,22,12,2010,2010-12-22,2010.12.22
4050797,3,27,10,2010,2010-10-27,2010.10.27
4057951,1,25,10,2010,2010-10-25,2010.10.25
4172139,6,23,10,2010,2010-10-23,2010.10.23
4245014,4,21,10,2010,2010-10-21,2010.10.21
4334509,2,26,10,2010,2010-10-26,2010.10.26
4371799,4,21,10,2010,2010-10-21,2010.10.21
4372152,4,28,10,2010,2010-10-28,2010.10.28
4678670,6,23,10,2010,2010-10-23,2010.10.23
4897338,2,26,10,2010,2010-10-26,2010.10.26
5245145,6,23,10,2010,2010-10-23,2010.10.23
5245419,3,27,10,2010,2010-10-27,2010.10.27
5347805,5,22,10,2010,2010-10-22,2010.10.22
5461565,7,24,10,2010,2010-10-24,2010.10.24
5559980,1,15,11,2010,2010-11-15,2010.11.15
5928624,4,28,10,2010,2010-10-28,2010.10.28
5956252,4,28,10,2010,2010-10-28,2010.10.28
5957632,2,26,10,2010,2010-10-26,2010.10.26
6141979,5,29,10,2010,2010-10-29,2010.10.29
6192076,4,28,10,2010,2010-10-28,2010.10.28
6323991,1,29,11,2010,2010-11-29,2010.11.29
6540209,7,21,11,2010,2010-11-21,2010.11.21
7200106,2,30,11,2010,2010-11-30,2010.11.30
7336623,4,28,10,2010,2010-10-28,2010.10.28
7566022,6,23,10,2010,2010-10-23,2010.10.23
7583935,7,24,10,2010,2010-10-24,2010.10.24
7737833,5,22,10,2010,2010-10-22,2010.10.22
8103139,6,23,10,2010,2010-10-23,2010.10.23
8210421,4,28,10,2010,2010-10-28,2010.10.28
8269554,4,28,10,2010,2010-10-28,2010.10.28
8345283,3,24,11,2010,2010-11-24,2010.11.24
8516142,3,27,10,2010,2010-10-27,2010.10.27
8569908,3,20,10,2010,2010-10-20,2010.10.20
9352632,7,24,10,2010,2010-10-24,2010.10.24
9352642,6,23,10,2010,2010-10-23,2010.10.23
9447989,1,25,10,2010,2010-10-25,2010.10.25
9571866,7,24,10,2010,2010-10-24,2010.10.24
9654869,2,26,10,2010,2010-10-26,2010.10.26
9749638,4,25,11,2010,2010-11-25,2010.11.25
9762167,4,28,10,2010,2010-10-28,2010.10.28
9904363,2,26,10,2010,2010-10-26,2010.10.26
9935357,6,4,12,2010,2010-12-04,2010.12.04
10002090,5,26,11,2010,2010-11-26,2010.11.26
10002570,5,26,11,2010,2010-11-26,2010.11.26
10002738,1,29,11,2010,2010-11-29,2010.11.29
10002760,4,25,11,2010,2010-11-25,2010.11.25
10002861,5,26,11,2010,2010-11-26,2010.11.26
20033306,6,9,4,2011,2011-04-09,2011.04.09
20033321,3,13,4,2011,2011-04-13,2011.04.13
20033323,2,19,4,2011,2011-04-19,2011.04.19
20033325,4,14,4,2011,2011-04-14,2011.04.14
20033326,6,16,4,2011,2011-04-16,2011.04.16
20033339,1,11,4,2011,2011-04-11,2011.04.11
20033354,5,15,4,2011,2011-04-15,2011.04.15
20033367,2,12,4,2011,2011-04-12,2011.04.12
20033390,2,12,4,2011,2011-04-12,2011.04.12
20033426,4,14,4,2011,2011-04-14,2011.04.14
20033451,4,7,4,2011,2011-04-07,2011.04.07
20033463,5,8,4,2011,2011-04-08,2011.04.08
20033467,2,19,4,2011,2011-04-19,2011.04.19
20033488,5,15,4,2011,2011-04-15,2011.04.15
20033492,6,16,4,2011,2011-04-16,2011.04.16
20033555,4,14,7,2011,2011-07-14,2011.07.14
20033571,2,12,4,2011,2011-04-12,2011.04.12
20033614,3,13,4,2011,2011-04-13,2011.04.13
20033639,1,18,4,2011,2011-04-18,2011.04.18
20033783,5,8,4,2011,2011-04-08,2011.04.08
20034297,6,16,4,2011,2011-04-16,2011.04.16
20034484,7,24,7,2011,2011-07-24,2011.07.24
20034486,4,7,4,2011,2011-04-07,2011.04.07
20034514,4,14,7,2011,2011-07-14,2011.07.14
20034929,6,9,4,2011,2011-04-09,2011.04.09
20035014,6,9,4,2011,2011-04-09,2011.04.09
20035017,3,6,4,2011,2011-04-06,2011.04.06
20035168,3,6,4,2011,2011-04-06,2011.04.06
20035169,4,14,4,2011,2011-04-14,2011.04.14
20035266,7,17,4,2011,2011-04-17,2011.04.17
20035383,5,8,4,2011,2011-04-08,2011.04.08
20035520,1,11,4,2011,2011-04-11,2011.04.11
20035528,4,7,4,2011,2011-04-07,2011.04.07
20035532,2,12,4,2011,2011-04-12,2011.04.12
20035539,5,15,4,2011,2011-04-15,2011.04.15
20035818,6,9,4,2011,2011-04-09,2011.04.09
20035877,7,17,4,2011,2011-04-17,2011.04.17
20035966,2,19,4,2011,2011-04-19,2011.04.19
20036338,7,10,4,2011,2011-04-10,2011.04.10
20036340,4,7,4,2011,2011-04-07,2011.04.07
20036344,1,11,4,2011,2011-04-11,2011.04.11
20036372,3,13,4,2011,2011-04-13,2011.04.13
20036548,6,9,4,2011,2011-04-09,2011.04.09
20037423,6,16,4,2011,2011-04-16,2011.04.16
20037425,2,12,4,2011,2011-04-12,2011.04.12
20037430,6,9,4,2011,2011-04-09,2011.04.09
20037434,4,7,4,2011,2011-04-07,2011.04.07
20037559,2,5,4,2011,2011-04-05,2011.04.05
20037602,7,10,4,2011,2011-04-10,2011.04.10
20037838,7,17,7,2011,2011-07-17,2011.07.17
20037844,4,7,4,2011,2011-04-07,2011.04.07
20037957,4,7,4,2011,2011-04-07,2011.04.07
20056001,4,14,4,2011,2011-04-14,2011.04.14
20056009,6,16,4,2011,2011-04-16,2011.04.16
20056042,2,12,4,2011,2011-04-12,2011.04.12
20056073,2,12,4,2011,2011-04-12,2011.04.12
20056117,4,14,7,2011,2011-07-14,2011.07.14
20056197,1,18,4,2011,2011-04-18,2011.04.18
20056208,3,27,4,2011,2011-04-27,2011.04.27
20056222,7,17,4,2011,2011-04-17,2011.04.17
20056233,1,18,4,2011,2011-04-18,2011.04.18
20056265,2,19,4,2011,2011-04-19,2011.04.19
20056399,2,19,4,2011,2011-04-19,2011.04.19
20056407,2,19,4,2011,2011-04-19,2011.04.19
20056422,6,16,4,2011,2011-04-16,2011.04.16
20056424,5,29,4,2011,2011-04-29,2011.04.29
20056435,2,19,4,2011,2011-04-19,2011.04.19
20056466,1,11,4,2011,2011-04-11,2011.04.11
20056616,7,1,5,2011,2011-05-01,2011.05.01
20056800,6,30,4,2011,2011-04-30,2011.04.30
20056814,6,30,4,2011,2011-04-30,2011.04.30
20056914,2,26,4,2011,2011-04-26,2011.04.26
20056985,1,16,5,2011,2011-05-16,2011.05.16
20057015,3,27,4,2011,2011-04-27,2011.04.27
20057062,1,18,4,2011,2011-04-18,2011.04.18
20057108,2,12,4,2011,2011-04-12,2011.04.12
20057252,6,7,5,2011,2011-05-07,2011.05.07
20057505,3,4,5,2011,2011-05-04,2011.05.04
20057516,3,27,4,2011,2011-04-27,2011.04.27
20057590,2,19,4,2011,2011-04-19,2011.04.19
20057788,3,13,4,2011,2011-04-13,2011.04.13
20057835,5,29,4,2011,2011-04-29,2011.04.29
20057839,3,20,7,2011,2011-07-20,2011.07.20
20057898,4,5,5,2011,2011-05-05,2011.05.05
20057933,7,17,4,2011,2011-04-17,2011.04.17
20057976,5,6,5,2011,2011-05-06,2011.05.06
20058001,3,20,7,2011,2011-07-20,2011.07.20
20058101,6,23,4,2011,2011-04-23,2011.04.23
20058109,1,25,4,2011,2011-04-25,2011.04.25
20058229,3,20,4,2011,2011-04-20,2011.04.20
20058268,1,18,4,2011,2011-04-18,2011.04.18
20058305,2,19,7,2011,2011-07-19,2011.07.19
20058452,5,6,5,2011,2011-05-06,2011.05.06
20058543,7,3,4,2011,2011-04-03,2011.04.03
20058597,7,8,5,2011,2011-05-08,2011.05.08
20058682,3,4,5,2011,2011-05-04,2011.05.04
20058790,7,8,5,2011,2011-05-08,2011.05.08
20058846,5,22,4,2011,2011-04-22,2011.04.22
20058951,3,11,5,2011,2011-05-11,2011.05.11
20058971,5,29,4,2011,2011-04-29,2011.04.29
20059172,3,13,7,2011,2011-07-13,2011.07.13
20059282,4,7,4,2011,2011-04-07,2011.04.07
20059317,4,12,5,2011,2011-05-12,2011.05.12
20059400,7,24,4,2011,2011-04-24,2011.04.24
20059443,5,6,5,2011,2011-05-06,2011.05.06
20059501,2,19,4,2011,2011-04-19,2011.04.19
20059570,2,26,4,2011,2011-04-26,2011.04.26
20059651,6,30,4,2011,2011-04-30,2011.04.30
20059716,7,1,5,2011,2011-05-01,2011.05.01
20059792,7,8,5,2011,2011-05-08,2011.05.08
20059874,2,12,4,2011,2011-04-12,2011.04.12
20060159,5,13,5,2011,2011-05-13,2011.05.13
20060235,4,28,4,2011,2011-04-28,2011.04.28
20060465,7,17,4,2011,2011-04-17,2011.04.17
20060489,3,27,4,2011,2011-04-27,2011.04.27
20060891,5,8,4,2011,2011-04-08,2011.04.08
20060979,3,27,4,2011,2011-04-27,2011.04.27
20061097,3,27,4,2011,2011-04-27,2011.04.27
20061102,7,1,5,2011,2011-05-01,2011.05.01
20061236,6,14,5,2011,2011-05-14,2011.05.14
20061523,2,26,4,2011,2011-04-26,2011.04.26
20061710,2,10,5,2011,2011-05-10,2011.05.10
20062027,7,24,4,2011,2011-04-24,2011.04.24
20062087,3,20,4,2011,2011-04-20,2011.04.20
20062120,7,17,7,2011,2011-07-17,2011.07.17
20062128,3,6,4,2011,2011-04-06,2011.04.06
20062297,7,17,7,2011,2011-07-17,2011.07.17
20062397,4,21,7,2011,2011-07-21,2011.07.21
20062412,7,8,5,2011,2011-05-08,2011.05.08
20062442,7,22,5,2011,2011-05-22,2011.05.22
20062567,1,25,4,2011,2011-04-25,2011.04.25
20062605,3,11,5,2011,2011-05-11,2011.05.11
20062621,4,7,4,2011,2011-04-07,2011.04.07
20062902,3,18,5,2011,2011-05-18,2011.05.18
20063116,3,20,4,2011,2011-04-20,2011.04.20
20063153,1,18,7,2011,2011-07-18,2011.07.18
20063210,6,30,4,2011,2011-04-30,2011.04.30
20063251,7,15,5,2011,2011-05-15,2011.05.15
20063275,7,8,5,2011,2011-05-08,2011.05.08
20063413,4,5,5,2011,2011-05-05,2011.05.05
20063441,5,6,5,2011,2011-05-06,2011.05.06
20063671,6,7,5,2011,2011-05-07,2011.05.07
20063673,1,9,5,2011,2011-05-09,2011.05.09
20063769,3,11,5,2011,2011-05-11,2011.05.11
20064030,6,23,7,2011,2011-07-23,2011.07.23
20064038,2,12,7,2011,2011-07-12,2011.07.12
20064059,1,23,5,2011,2011-05-23,2011.05.23
20064084,4,5,5,2011,2011-05-05,2011.05.05
20064505,3,20,7,2011,2011-07-20,2011.07.20
20064902,5,8,4,2011,2011-04-08,2011.04.08
20064938,5,13,5,2011,2011-05-13,2011.05.13
20065636,5,8,4,2011,2011-04-08,2011.04.08
20065927,7,24,7,2011,2011-07-24,2011.07.24
20066001,6,23,7,2011,2011-07-23,2011.07.23
20066067,7,15,5,2011,2011-05-15,2011.05.15
20066423,4,14,7,2011,2011-07-14,2011.07.14
20066430,3,18,5,2011,2011-05-18,2011.05.18
20066523,1,18,7,2011,2011-07-18,2011.07.18
20066747,5,8,4,2011,2011-04-08,2011.04.08
20067000,3,4,5,2011,2011-05-04,2011.05.04
20067864,6,21,5,2011,2011-05-21,2011.05.21
20068173,5,13,5,2011,2011-05-13,2011.05.13
20068314,1,16,5,2011,2011-05-16,2011.05.16
20068410,5,15,4,2011,2011-04-15,2011.04.15
20068540,1,11,4,2011,2011-04-11,2011.04.11
20068825,7,15,5,2011,2011-05-15,2011.05.15
20069279,4,28,4,2011,2011-04-28,2011.04.28
20069445,7,15,5,2011,2011-05-15,2011.05.15
20069608,7,22,5,2011,2011-05-22,2011.05.22
20070044,2,12,4,2011,2011-04-12,2011.04.12
20070116,3,20,7,2011,2011-07-20,2011.07.20
20070176,3,13,7,2011,2011-07-13,2011.07.13
20070554,3,27,4,2011,2011-04-27,2011.04.27
20071114,3,20,7,2011,2011-07-20,2011.07.20
20071116,6,9,4,2011,2011-04-09,2011.04.09
20071118,6,9,4,2011,2011-04-09,2011.04.09
20071795,1,18,7,2011,2011-07-18,2011.07.18
20072184,5,15,7,2011,2011-07-15,2011.07.15
20072737,1,11,4,2011,2011-04-11,2011.04.11
20073017,1,16,5,2011,2011-05-16,2011.05.16
20073743,3,13,7,2011,2011-07-13,2011.07.13
20073754,5,22,4,2011,2011-04-22,2011.04.22
20073772,6,16,7,2011,2011-07-16,2011.07.16
20073820,1,11,7,2011,2011-07-11,2011.07.11
20084150,2,26,4,2011,2011-04-26,2011.04.26
20085821,2,12,4,2011,2011-04-12,2011.04.12
20086455,7,10,4,2011,2011-04-10,2011.04.10
20086527,4,7,4,2011,2011-04-07,2011.04.07
20086954,5,22,4,2011,2011-04-22,2011.04.22
20087099,5,1,4,2011,2011-04-01,2011.04.01
20087242,1,18,7,2011,2011-07-18,2011.07.18
20087888,7,3,4,2011,2011-04-03,2011.04.03
20088801,2,24,5,2011,2011-05-24,2011.05.24
20089263,3,13,7,2011,2011-07-13,2011.07.13
20089496,5,22,7,2011,2011-07-22,2011.07.22
20089676,1,16,5,2011,2011-05-16,2011.05.16
20089990,5,8,7,2011,2011-07-08,2011.07.08
20090121,3,6,4,2011,2011-04-06,2011.04.06
20090144,3,11,5,2011,2011-05-11,2011.05.11
20091402,3,18,5,2011,2011-05-18,2011.05.18
20091635,5,8,4,2011,2011-04-08,2011.04.08
20092411,2,5,4,2011,2011-04-05,2011.04.05
20092458,7,22,5,2011,2011-05-22,2011.05.22
20092624,2,12,4,2011,2011-04-12,2011.04.12
20092717,3,6,4,2011,2011-04-06,2011.04.06
20093812,3,6,4,2011,2011-04-06,2011.04.06
30185177,3,20,7,2011,2011-07-20,2011.07.20
30185312,2,24,5,2011,2011-05-24,2011.05.24
30185456,2,24,5,2011,2011-05-24,2011.05.24
30185480,6,28,5,2011,2011-05-28,2011.05.28
30185514,4,26,5,2011,2011-05-26,2011.05.26
30185749,6,28,5,2011,2011-05-28,2011.05.28
382500001,5,22,10,2010,2010-10-22,2010.10.22
382500002,5,22,10,2010,2010-10-22,2010.10.22
382500003,5,22,10,2010,2010-10-22,2010.10.22
382500004,5,22,10,2010,2010-10-22,2010.10.22
479300001,3,24,11,2010,2010-11-24,2010.11.24
479300002,3,24,11,2010,2010-11-24,2010.11.24
479300003,3,24,11,2010,2010-11-24,2010.11.24
484500001,5,29,10,2010,2010-10-29,2010.10.29
484500002,5,29,10,2010,2010-10-29,2010.10.29
1342700001,3,27,10,2010,2010-10-27,2010.10.27
1342700002,3,27,10,2010,2010-10-27,2010.10.27
1342700003,3,27,10,2010,2010-10-27,2010.10.27
1590700001,5,29,10,2010,2010-10-29,2010.10.29
1590700002,5,29,10,2010,2010-10-29,2010.10.29
1590700003,5,29,10,2010,2010-10-29,2010.10.29
11973000001,5,29,10,2010,2010-10-29,2010.10.29
11973000002,5,29,10,2010,2010-10-29,2010.10.29
11973000003,5,29,10,2010,2010-10-29,2010.10.29
12053700001,2,26,10,2010,2010-10-26,2010.10.26
12053700002,2,26,10,2010,2010-10-26,2010.10.26
12053700003,2,26,10,2010,2010-10-26,2010.10.26
13580700001,2,26,10,2010,2010-10-26,2010.10.26
13580700002,2,26,10,2010,2010-10-26,2010.10.26
13580700003,2,26,10,2010,2010-10-26,2010.10.26
14973300001,4,28,10,2010,2010-10-28,2010.10.28
14973300002,4,28,10,2010,2010-10-28,2010.10.28
14973300003,4,28,10,2010,2010-10-28,2010.10.28
15461000001,3,1,12,2010,2010-12-01,2010.12.01
15461000002,3,1,12,2010,2010-12-01,2010.12.01
15461000003,3,1,12,2010,2010-12-01,2010.12.01
18014700001,5,29,10,2010,2010-10-29,2010.10.29
18014700002,5,29,10,2010,2010-10-29,2010.10.29
18014700003,5,29,10,2010,2010-10-29,2010.10.29
19003400001,4,28,10,2010,2010-10-28,2010.10.28
19003400002,4,28,10,2010,2010-10-28,2010.10.28
20747500001,NA,NA,10,2010,NA,NA
20747500002,NA,NA,10,2010,NA,NA
20747500003,NA,NA,10,2010,NA,NA
21362500001,5,29,10,2010,2010-10-29,2010.10.29
21362500002,5,29,10,2010,2010-10-29,2010.10.29
21362500003,5,29,10,2010,2010-10-29,2010.10.29
21552900001,1,25,10,2010,2010-10-25,2010.10.25
21552900002,1,25,10,2010,2010-10-25,2010.10.25
21552900003,1,25,10,2010,2010-10-25,2010.10.25
21552900004,1,25,10,2010,2010-10-25,2010.10.25
22175800001,5,29,10,2010,2010-10-29,2010.10.29
22175800002,5,29,10,2010,2010-10-29,2010.10.29
22175800003,5,29,10,2010,2010-10-29,2010.10.29
25523000001,2,23,11,2010,2010-11-23,2010.11.23
25523000002,2,23,11,2010,2010-11-23,2010.11.23
25523000003,2,23,11,2010,2010-11-23,2010.11.23
25523000004,2,23,11,2010,2010-11-23,2010.11.23
25523000005,2,23,11,2010,2010-11-23,2010.11.23
27279100001,7,24,10,2010,2010-10-24,2010.10.24
27279100002,7,24,10,2010,2010-10-24,2010.10.24
27279100003,7,24,10,2010,2010-10-24,2010.10.24
27279100004,7,24,10,2010,2010-10-24,2010.10.24
27404600001,1,25,10,2010,2010-10-25,2010.10.25
27404600002,1,25,10,2010,2010-10-25,2010.10.25
27404600003,1,25,10,2010,2010-10-25,2010.10.25
28515200001,1,22,11,2010,2010-11-22,2010.11.22
28515200002,1,22,11,2010,2010-11-22,2010.11.22
28515200003,1,22,11,2010,2010-11-22,2010.11.22
29347300001,4,18,11,2010,2010-11-18,2010.11.18
29347300002,4,18,11,2010,2010-11-18,2010.11.18
31875200001,6,27,11,2010,2010-11-27,2010.11.27
31875200002,6,27,11,2010,2010-11-27,2010.11.27
31875200003,6,27,11,2010,2010-11-27,2010.11.27
33980300001,1,15,11,2010,2010-11-15,2010.11.15
33980300002,1,15,11,2010,2010-11-15,2010.11.15
44149200001,6,23,10,2010,2010-10-23,2010.10.23
44149200002,6,23,10,2010,2010-10-23,2010.10.23
44149200003,6,23,10,2010,2010-10-23,2010.10.23
44701200001,5,29,10,2010,2010-10-29,2010.10.29
44701200002,5,29,10,2010,2010-10-29,2010.10.29
48251300001,1,15,11,2010,2010-11-15,2010.11.15
48251300002,1,15,11,2010,2010-11-15,2010.11.15
48251300003,1,15,11,2010,2010-11-15,2010.11.15
48251300004,1,15,11,2010,2010-11-15,2010.11.15
48750900001,1,25,10,2010,2010-10-25,2010.10.25
48750900002,1,25,10,2010,2010-10-25,2010.10.25
54339800001,5,29,10,2010,2010-10-29,2010.10.29
61477600001,2,16,11,2010,2010-11-16,2010.11.16
61477600002,2,16,11,2010,2010-11-16,2010.11.16
61477600003,2,16,11,2010,2010-11-16,2010.11.16
66235000001,4,28,10,2010,2010-10-28,2010.10.28
66235000002,4,28,10,2010,2010-10-28,2010.10.28
66235000003,4,28,10,2010,2010-10-28,2010.10.28
68060600001,5,12,11,2010,2010-11-12,2010.11.12
68060600002,5,12,11,2010,2010-11-12,2010.11.12
68060600003,5,12,11,2010,2010-11-12,2010.11.12
72354300001,2,26,10,2010,2010-10-26,2010.10.26
72354300002,2,26,10,2010,2010-10-26,2010.10.26
72354300003,2,26,10,2010,2010-10-26,2010.10.26
72687100001,7,16,1,2011,2011-01-16,2011.01.16
72687100002,7,16,1,2011,2011-01-16,2011.01.16
72687100003,7,16,1,2011,2011-01-16,2011.01.16
75182500001,7,24,10,2010,2010-10-24,2010.10.24
75182500002,7,24,10,2010,2010-10-24,2010.10.24
75182500003,7,24,10,2010,2010-10-24,2010.10.24
89202800001,3,27,10,2010,2010-10-27,2010.10.27
89202800002,3,27,10,2010,2010-10-27,2010.10.27
89202800003,3,27,10,2010,2010-10-27,2010.10.27
93279200001,6,20,11,2010,2010-11-20,2010.11.20
93279200002,6,20,11,2010,2010-11-20,2010.11.20
93279200003,6,20,11,2010,2010-11-20,2010.11.20
93279200004,6,20,11,2010,2010-11-20,2010.11.20
117729100001,6,20,11,2010,2010-11-20,2010.11.20
117729100002,6,20,11,2010,2010-11-20,2010.11.20
142164600001,7,24,10,2010,2010-10-24,2010.10.24
142164600002,7,24,10,2010,2010-10-24,2010.10.24
142164600003,7,24,10,2010,2010-10-24,2010.10.24
142164600004,7,24,10,2010,2010-10-24,2010.10.24
142164600005,7,24,10,2010,2010-10-24,2010.10.24
143220600001,6,20,11,2010,2010-11-20,2010.11.20
143220600002,6,20,11,2010,2010-11-20,2010.11.20
143220600003,6,20,11,2010,2010-11-20,2010.11.20
145417200001,7,21,11,2010,2010-11-21,2010.11.21
145417200002,7,21,11,2010,2010-11-21,2010.11.21
145417200003,7,21,11,2010,2010-11-21,2010.11.21
160282300001,7,28,11,2010,2010-11-28,2010.11.28
160282300002,7,28,11,2010,2010-11-28,2010.11.28
160282300003,7,28,11,2010,2010-11-28,2010.11.28
167620700001,6,20,11,2010,2010-11-20,2010.11.20
167620700002,6,20,11,2010,2010-11-20,2010.11.20
175921100001,2,18,1,2011,2011-01-18,2011.01.18
175921100002,2,18,1,2011,2011-01-18,2011.01.18
175921100003,2,18,1,2011,2011-01-18,2011.01.18
200566160002,7,1,5,2011,2011-05-01,2011.05.01
203852200001,7,24,10,2010,2010-10-24,2010.10.24
203852200002,7,24,10,2010,2010-10-24,2010.10.24
203852200003,7,24,10,2010,2010-10-24,2010.10.24
207003100001,6,20,11,2010,2010-11-20,2010.11.20
207003100002,6,20,11,2010,2010-11-20,2010.11.20
210952600001,6,27,11,2010,2010-11-27,2010.11.27
225566900001,3,27,10,2010,2010-10-27,2010.10.27
225566900002,3,27,10,2010,2010-10-27,2010.10.27
225566900003,3,27,10,2010,2010-10-27,2010.10.27
225566900004,3,27,10,2010,2010-10-27,2010.10.27
232572900001,5,22,10,2010,2010-10-22,2010.10.22
232572900002,5,22,10,2010,2010-10-22,2010.10.22
232572900003,5,22,10,2010,2010-10-22,2010.10.22
239818000001,2,26,10,2010,2010-10-26,2010.10.26
239818000002,2,26,10,2010,2010-10-26,2010.10.26
239818000003,2,26,10,2010,2010-10-26,2010.10.26
243578300001,7,28,11,2010,2010-11-28,2010.11.28
243578300002,7,28,11,2010,2010-11-28,2010.11.28
243578300003,7,28,11,2010,2010-11-28,2010.11.28
243948000001,7,28,11,2010,2010-11-28,2010.11.28
243948000002,7,28,11,2010,2010-11-28,2010.11.28
245234400001,7,28,11,2010,2010-11-28,2010.11.28
247079800001,5,29,10,2010,2010-10-29,2010.10.29
247079800002,5,29,10,2010,2010-10-29,2010.10.29
247079800003,5,29,10,2010,2010-10-29,2010.10.29
248466900001,3,22,12,2010,2010-12-22,2010.12.22
248466900002,3,22,12,2010,2010-12-22,2010.12.22
248466900003,3,22,12,2010,2010-12-22,2010.12.22
287468900002,3,20,10,2010,2010-10-20,2010.10.20
287468900003,3,20,10,2010,2010-10-20,2010.10.20
287468900004,3,20,10,2010,2010-10-20,2010.10.20
287468900005,3,20,10,2010,2010-10-20,2010.10.20
299187200001,5,22,10,2010,2010-10-22,2010.10.22
299187200002,5,22,10,2010,2010-10-22,2010.10.22
304229000001,2,30,11,2010,2010-11-30,2010.11.30
304229000002,2,30,11,2010,2010-11-30,2010.11.30
304229000003,2,30,11,2010,2010-11-30,2010.11.30
349122800001,5,22,10,2010,2010-10-22,2010.10.22
349122800002,5,22,10,2010,2010-10-22,2010.10.22
349122800003,5,22,10,2010,2010-10-22,2010.10.22
368626100001,3,22,12,2010,2010-12-22,2010.12.22
368626100002,3,22,12,2010,2010-12-22,2010.12.22
405079700001,3,27,10,2010,2010-10-27,2010.10.27
405079700002,3,27,10,2010,2010-10-27,2010.10.27
405795100001,1,25,10,2010,2010-10-25,2010.10.25
405795100002,1,25,10,2010,2010-10-25,2010.10.25
417213900001,6,23,10,2010,2010-10-23,2010.10.23
417213900002,6,23,10,2010,2010-10-23,2010.10.23
424501400001,4,21,10,2010,2010-10-21,2010.10.21
424501400002,4,21,10,2010,2010-10-21,2010.10.21
433450900001,2,26,10,2010,2010-10-26,2010.10.26
433450900002,2,26,10,2010,2010-10-26,2010.10.26
437179900001,4,21,10,2010,2010-10-21,2010.10.21
437179900002,4,21,10,2010,2010-10-21,2010.10.21
437215200001,4,28,10,2010,2010-10-28,2010.10.28
437215200002,4,28,10,2010,2010-10-28,2010.10.28
467867000001,6,23,10,2010,2010-10-23,2010.10.23
467867000002,6,23,10,2010,2010-10-23,2010.10.23
489733800001,2,26,10,2010,2010-10-26,2010.10.26
489733800002,2,26,10,2010,2010-10-26,2010.10.26
489733800003,2,26,10,2010,2010-10-26,2010.10.26
489733800004,2,26,10,2010,2010-10-26,2010.10.26
524514500001,6,23,10,2010,2010-10-23,2010.10.23
524514500002,6,23,10,2010,2010-10-23,2010.10.23
524514500003,6,23,10,2010,2010-10-23,2010.10.23
524541900001,3,27,10,2010,2010-10-27,2010.10.27
524541900002,3,27,10,2010,2010-10-27,2010.10.27
524541900003,3,27,10,2010,2010-10-27,2010.10.27
534780500001,5,22,10,2010,2010-10-22,2010.10.22
534780500002,5,22,10,2010,2010-10-22,2010.10.22
534780500003,5,22,10,2010,2010-10-22,2010.10.22
534780500004,5,22,10,2010,2010-10-22,2010.10.22
546156500001,7,24,10,2010,2010-10-24,2010.10.24
546156500002,7,24,10,2010,2010-10-24,2010.10.24
546156500003,7,24,10,2010,2010-10-24,2010.10.24
555998000001,1,15,11,2010,2010-11-15,2010.11.15
555998000002,1,15,11,2010,2010-11-15,2010.11.15
555998000003,1,15,11,2010,2010-11-15,2010.11.15
592862400001,4,28,10,2010,2010-10-28,2010.10.28
592862400002,4,28,10,2010,2010-10-28,2010.10.28
592862400003,4,28,10,2010,2010-10-28,2010.10.28
595625200001,4,28,10,2010,2010-10-28,2010.10.28
595625200002,4,28,10,2010,2010-10-28,2010.10.28
595763200001,2,26,10,2010,2010-10-26,2010.10.26
595763200002,2,26,10,2010,2010-10-26,2010.10.26
595763200003,2,26,10,2010,2010-10-26,2010.10.26
614197900001,5,29,10,2010,2010-10-29,2010.10.29
614197900002,5,29,10,2010,2010-10-29,2010.10.29
614197900003,5,29,10,2010,2010-10-29,2010.10.29
614197900004,5,29,10,2010,2010-10-29,2010.10.29
619207600001,4,28,10,2010,2010-10-28,2010.10.28
619207600002,4,28,10,2010,2010-10-28,2010.10.28
619207600003,4,28,10,2010,2010-10-28,2010.10.28
632399100001,1,29,11,2010,2010-11-29,2010.11.29
632399100002,1,29,11,2010,2010-11-29,2010.11.29
632399100003,1,29,11,2010,2010-11-29,2010.11.29
632399100004,1,29,11,2010,2010-11-29,2010.11.29
654020900001,7,21,11,2010,2010-11-21,2010.11.21
654020900002,7,21,11,2010,2010-11-21,2010.11.21
654020900003,7,21,11,2010,2010-11-21,2010.11.21
720010600001,2,30,11,2010,2010-11-30,2010.11.30
720010600002,2,30,11,2010,2010-11-30,2010.11.30
720010600003,2,30,11,2010,2010-11-30,2010.11.30
733662300001,4,28,10,2010,2010-10-28,2010.10.28
733662300002,4,28,10,2010,2010-10-28,2010.10.28
733662300003,4,28,10,2010,2010-10-28,2010.10.28
756602200001,6,23,10,2010,2010-10-23,2010.10.23
756602200002,6,23,10,2010,2010-10-23,2010.10.23
756602200003,6,23,10,2010,2010-10-23,2010.10.23
758393500001,7,24,10,2010,2010-10-24,2010.10.24
758393500002,7,24,10,2010,2010-10-24,2010.10.24
758393500003,7,24,10,2010,2010-10-24,2010.10.24
758393500004,7,24,10,2010,2010-10-24,2010.10.24
773783300001,5,22,10,2010,2010-10-22,2010.10.22
810313900001,6,23,10,2010,2010-10-23,2010.10.23
810313900002,6,23,10,2010,2010-10-23,2010.10.23
821042100001,4,28,10,2010,2010-10-28,2010.10.28
821042100002,4,28,10,2010,2010-10-28,2010.10.28
821042100003,4,28,10,2010,2010-10-28,2010.10.28
821042100004,4,28,10,2010,2010-10-28,2010.10.28
826955400001,4,28,10,2010,2010-10-28,2010.10.28
826955400002,4,28,10,2010,2010-10-28,2010.10.28
826955400003,4,28,10,2010,2010-10-28,2010.10.28
834528300001,3,24,11,2010,2010-11-24,2010.11.24
840070500001,6,20,11,2010,2010-11-20,2010.11.20
840070500002,6,20,11,2010,2010-11-20,2010.11.20
840070500003,6,20,11,2010,2010-11-20,2010.11.20
840070500004,6,20,11,2010,2010-11-20,2010.11.20
851614200001,3,27,10,2010,2010-10-27,2010.10.27
851614200002,3,27,10,2010,2010-10-27,2010.10.27
851614200003,3,27,10,2010,2010-10-27,2010.10.27
856990800001,3,20,10,2010,2010-10-20,2010.10.20
856990800002,3,20,10,2010,2010-10-20,2010.10.20
856990800003,3,20,10,2010,2010-10-20,2010.10.20
935263200001,7,24,10,2010,2010-10-24,2010.10.24
935263200002,7,24,10,2010,2010-10-24,2010.10.24
935264200001,6,23,10,2010,2010-10-23,2010.10.23
935264200002,6,23,10,2010,2010-10-23,2010.10.23
935264200003,6,23,10,2010,2010-10-23,2010.10.23
944798900001,1,25,10,2010,2010-10-25,2010.10.25
944798900002,1,25,10,2010,2010-10-25,2010.10.25
944798900003,1,25,10,2010,2010-10-25,2010.10.25
944798900004,1,25,10,2010,2010-10-25,2010.10.25
957186600001,7,24,10,2010,2010-10-24,2010.10.24
957186600002,7,24,10,2010,2010-10-24,2010.10.24
957186600003,7,24,10,2010,2010-10-24,2010.10.24
965486900001,2,26,10,2010,2010-10-26,2010.10.26
965486900002,2,26,10,2010,2010-10-26,2010.10.26
965486900003,2,26,10,2010,2010-10-26,2010.10.26
965486900004,2,26,10,2010,2010-10-26,2010.10.26
965486900005,2,26,10,2010,2010-10-26,2010.10.26
965486900006,2,26,10,2010,2010-10-26,2010.10.26
974963800001,4,25,11,2010,2010-11-25,2010.11.25
974963800002,4,25,11,2010,2010-11-25,2010.11.25
974963800003,4,25,11,2010,2010-11-25,2010.11.25
976216700001,4,28,10,2010,2010-10-28,2010.10.28
976216700002,4,28,10,2010,2010-10-28,2010.10.28
976216700003,4,28,10,2010,2010-10-28,2010.10.28
990436300001,2,26,10,2010,2010-10-26,2010.10.26
990436300002,2,26,10,2010,2010-10-26,2010.10.26
993535700001,6,4,12,2010,2010-12-04,2010.12.04
993535700002,6,4,12,2010,2010-12-04,2010.12.04
993535700003,6,4,12,2010,2010-12-04,2010.12.04
1000209000001,5,26,11,2010,2010-11-26,2010.11.26
1000209000002,5,26,11,2010,2010-11-26,2010.11.26
1000257000001,5,26,11,2010,2010-11-26,2010.11.26
1000257000002,5,26,11,2010,2010-11-26,2010.11.26
1000257000003,5,26,11,2010,2010-11-26,2010.11.26
1000273800001,1,29,11,2010,2010-11-29,2010.11.29
1000273800002,1,29,11,2010,2010-11-29,2010.11.29
1000273800003,1,29,11,2010,2010-11-29,2010.11.29
1000276000001,4,25,11,2010,2010-11-25,2010.11.25
1000276000002,4,25,11,2010,2010-11-25,2010.11.25
1000276000003,4,25,11,2010,2010-11-25,2010.11.25
1000286100001,5,26,11,2010,2010-11-26,2010.11.26
1000286100002,5,26,11,2010,2010-11-26,2010.11.26
1000286100003,5,26,11,2010,2010-11-26,2010.11.26
1000286100004,5,26,11,2010,2010-11-26,2010.11.26
2003330600001,6,9,4,2011,2011-04-09,2011.04.09
2003330600002,6,9,4,2011,2011-04-09,2011.04.09
2003330600003,6,9,4,2011,2011-04-09,2011.04.09
2003332100001,3,13,4,2011,2011-04-13,2011.04.13
2003332100002,3,13,4,2011,2011-04-13,2011.04.13
2003332300001,2,19,4,2011,2011-04-19,2011.04.19
2003332300002,2,19,4,2011,2011-04-19,2011.04.19
2003332300003,2,19,4,2011,2011-04-19,2011.04.19
2003332500001,4,14,4,2011,2011-04-14,2011.04.14
2003332500002,4,14,4,2011,2011-04-14,2011.04.14
2003332500003,4,14,4,2011,2011-04-14,2011.04.14
2003332500004,4,14,4,2011,2011-04-14,2011.04.14
2003332500005,4,14,4,2011,2011-04-14,2011.04.14
2003332600001,6,16,4,2011,2011-04-16,2011.04.16
2003332600002,6,16,4,2011,2011-04-16,2011.04.16
2003332600003,6,16,4,2011,2011-04-16,2011.04.16
2003333900001,1,11,4,2011,2011-04-11,2011.04.11
2003333900002,1,11,4,2011,2011-04-11,2011.04.11
2003335400001,5,15,4,2011,2011-04-15,2011.04.15
2003335400002,5,15,4,2011,2011-04-15,2011.04.15
2003335400003,5,15,4,2011,2011-04-15,2011.04.15
2003336700001,2,12,4,2011,2011-04-12,2011.04.12
2003336700002,2,12,4,2011,2011-04-12,2011.04.12
2003336700003,2,12,4,2011,2011-04-12,2011.04.12
2003339000001,2,12,4,2011,2011-04-12,2011.04.12
2003339000002,2,12,4,2011,2011-04-12,2011.04.12
2003342600001,4,14,4,2011,2011-04-14,2011.04.14
2003342600002,4,14,4,2011,2011-04-14,2011.04.14
2003342600003,4,14,4,2011,2011-04-14,2011.04.14
2003345100001,4,7,4,2011,2011-04-07,2011.04.07
2003345100002,4,7,4,2011,2011-04-07,2011.04.07
2003345100003,4,7,4,2011,2011-04-07,2011.04.07
2003345100004,4,7,4,2011,2011-04-07,2011.04.07
2003346300001,5,8,4,2011,2011-04-08,2011.04.08
2003346300002,5,8,4,2011,2011-04-08,2011.04.08
2003346300003,5,8,4,2011,2011-04-08,2011.04.08
2003346300004,5,8,4,2011,2011-04-08,2011.04.08
2003346700001,2,19,4,2011,2011-04-19,2011.04.19
2003346700002,2,19,4,2011,2011-04-19,2011.04.19
2003346700003,2,19,4,2011,2011-04-19,2011.04.19
2003348800001,5,15,4,2011,2011-04-15,2011.04.15
2003348800002,5,15,4,2011,2011-04-15,2011.04.15
2003348800003,5,15,4,2011,2011-04-15,2011.04.15
2003349200001,6,16,4,2011,2011-04-16,2011.04.16
2003349200002,6,16,4,2011,2011-04-16,2011.04.16
2003349200003,6,16,4,2011,2011-04-16,2011.04.16
2003349200004,6,16,4,2011,2011-04-16,2011.04.16
2003355500001,4,14,7,2011,2011-07-14,2011.07.14
2003355500002,4,14,7,2011,2011-07-14,2011.07.14
2003357100001,2,12,4,2011,2011-04-12,2011.04.12
2003357100002,2,12,4,2011,2011-04-12,2011.04.12
2003357100003,2,12,4,2011,2011-04-12,2011.04.12
2003361400001,3,13,4,2011,2011-04-13,2011.04.13
2003361400002,3,13,4,2011,2011-04-13,2011.04.13
2003361400003,3,13,4,2011,2011-04-13,2011.04.13
2003361400004,3,13,4,2011,2011-04-13,2011.04.13
2003363900001,1,18,4,2011,2011-04-18,2011.04.18
2003363900002,1,18,4,2011,2011-04-18,2011.04.18
2003378300001,5,8,4,2011,2011-04-08,2011.04.08
2003378300002,5,8,4,2011,2011-04-08,2011.04.08
2003378300003,5,8,4,2011,2011-04-08,2011.04.08
2003429700001,6,16,4,2011,2011-04-16,2011.04.16
2003429700002,6,16,4,2011,2011-04-16,2011.04.16
2003448400001,7,24,7,2011,2011-07-24,2011.07.24
2003448400002,7,24,7,2011,2011-07-24,2011.07.24
2003448400003,7,24,7,2011,2011-07-24,2011.07.24
2003448600001,4,7,4,2011,2011-04-07,2011.04.07
2003448600002,4,7,4,2011,2011-04-07,2011.04.07
2003448600003,4,7,4,2011,2011-04-07,2011.04.07
2003451400001,4,14,7,2011,2011-07-14,2011.07.14
2003451400002,4,14,7,2011,2011-07-14,2011.07.14
2003451400003,4,14,7,2011,2011-07-14,2011.07.14
2003492900001,6,9,4,2011,2011-04-09,2011.04.09
2003492900002,6,9,4,2011,2011-04-09,2011.04.09
2003501400001,6,9,4,2011,2011-04-09,2011.04.09
2003501400002,6,9,4,2011,2011-04-09,2011.04.09
2003501700001,3,6,4,2011,2011-04-06,2011.04.06
2003501700002,3,6,4,2011,2011-04-06,2011.04.06
2003501700003,3,6,4,2011,2011-04-06,2011.04.06
2003516800001,3,6,4,2011,2011-04-06,2011.04.06
2003516800002,3,6,4,2011,2011-04-06,2011.04.06
2003516800003,3,6,4,2011,2011-04-06,2011.04.06
2003516900001,4,14,4,2011,2011-04-14,2011.04.14
2003516900002,4,14,4,2011,2011-04-14,2011.04.14
2003526600001,7,17,4,2011,2011-04-17,2011.04.17
2003526600002,7,17,4,2011,2011-04-17,2011.04.17
2003526600003,7,17,4,2011,2011-04-17,2011.04.17
2003538300001,5,8,4,2011,2011-04-08,2011.04.08
2003538300002,5,8,4,2011,2011-04-08,2011.04.08
2003538300003,5,8,4,2011,2011-04-08,2011.04.08
2003552000001,1,11,4,2011,2011-04-11,2011.04.11
2003552000002,1,11,4,2011,2011-04-11,2011.04.11
2003552000003,1,11,4,2011,2011-04-11,2011.04.11
2003552800001,4,7,4,2011,2011-04-07,2011.04.07
2003552800002,4,7,4,2011,2011-04-07,2011.04.07
2003553200001,2,12,4,2011,2011-04-12,2011.04.12
2003553200002,2,12,4,2011,2011-04-12,2011.04.12
2003553200003,2,12,4,2011,2011-04-12,2011.04.12
2003553900001,5,15,4,2011,2011-04-15,2011.04.15
2003553900002,5,15,4,2011,2011-04-15,2011.04.15
2003581800001,6,9,4,2011,2011-04-09,2011.04.09
2003581800002,6,9,4,2011,2011-04-09,2011.04.09
2003581800003,6,9,4,2011,2011-04-09,2011.04.09
2003587700001,7,17,4,2011,2011-04-17,2011.04.17
2003587700002,7,17,4,2011,2011-04-17,2011.04.17
2003587700003,7,17,4,2011,2011-04-17,2011.04.17
2003587700004,7,17,4,2011,2011-04-17,2011.04.17
2003596600001,2,19,4,2011,2011-04-19,2011.04.19
2003596600002,2,19,4,2011,2011-04-19,2011.04.19
2003633800001,7,10,4,2011,2011-04-10,2011.04.10
2003633800002,7,10,4,2011,2011-04-10,2011.04.10
2003633800003,7,10,4,2011,2011-04-10,2011.04.10
2003634000001,4,7,4,2011,2011-04-07,2011.04.07
2003634000002,4,7,4,2011,2011-04-07,2011.04.07
2003634000003,4,7,4,2011,2011-04-07,2011.04.07
2003634000004,4,7,4,2011,2011-04-07,2011.04.07
2003634000005,4,7,4,2011,2011-04-07,2011.04.07
2003634400001,1,11,4,2011,2011-04-11,2011.04.11
2003634400002,1,11,4,2011,2011-04-11,2011.04.11
2003637200001,3,13,4,2011,2011-04-13,2011.04.13
2003637200002,3,13,4,2011,2011-04-13,2011.04.13
2003637200003,3,13,4,2011,2011-04-13,2011.04.13
2003654800001,6,9,4,2011,2011-04-09,2011.04.09
2003654800002,6,9,4,2011,2011-04-09,2011.04.09
2003742300001,6,16,4,2011,2011-04-16,2011.04.16
2003742300002,6,16,4,2011,2011-04-16,2011.04.16
2003742300003,6,16,4,2011,2011-04-16,2011.04.16
2003742300004,6,16,4,2011,2011-04-16,2011.04.16
2003742500001,2,12,4,2011,2011-04-12,2011.04.12
2003742500002,2,12,4,2011,2011-04-12,2011.04.12
2003742500003,2,12,4,2011,2011-04-12,2011.04.12
2003743000001,6,9,4,2011,2011-04-09,2011.04.09
2003743000002,6,9,4,2011,2011-04-09,2011.04.09
2003743000003,6,9,4,2011,2011-04-09,2011.04.09
2003743400001,4,7,4,2011,2011-04-07,2011.04.07
2003743400002,4,7,4,2011,2011-04-07,2011.04.07
2003743400003,4,7,4,2011,2011-04-07,2011.04.07
2003755900001,2,5,4,2011,2011-04-05,2011.04.05
2003755900002,2,5,4,2011,2011-04-05,2011.04.05
2003755900003,2,5,4,2011,2011-04-05,2011.04.05
2003760200001,7,10,4,2011,2011-04-10,2011.04.10
2003760200002,7,10,4,2011,2011-04-10,2011.04.10
2003783800001,7,17,7,2011,2011-07-17,2011.07.17
2003783800002,7,17,7,2011,2011-07-17,2011.07.17
2003783800003,7,17,7,2011,2011-07-17,2011.07.17
2003784400001,4,7,4,2011,2011-04-07,2011.04.07
2003784400002,4,7,4,2011,2011-04-07,2011.04.07
2003784400003,4,7,4,2011,2011-04-07,2011.04.07
2003795700001,4,7,4,2011,2011-04-07,2011.04.07
2005600100001,4,14,4,2011,2011-04-14,2011.04.14
2005600100002,4,14,4,2011,2011-04-14,2011.04.14
2005600100003,4,14,4,2011,2011-04-14,2011.04.14
2005600100004,4,14,4,2011,2011-04-14,2011.04.14
2005600900001,6,16,4,2011,2011-04-16,2011.04.16
2005600900002,6,16,4,2011,2011-04-16,2011.04.16
2005600900003,6,16,4,2011,2011-04-16,2011.04.16
2005600900004,6,16,4,2011,2011-04-16,2011.04.16
2005604200001,2,12,4,2011,2011-04-12,2011.04.12
2005604200002,2,12,4,2011,2011-04-12,2011.04.12
2005604200003,2,12,4,2011,2011-04-12,2011.04.12
2005604200004,2,12,4,2011,2011-04-12,2011.04.12
2005607300001,2,12,4,2011,2011-04-12,2011.04.12
2005607300002,2,12,4,2011,2011-04-12,2011.04.12
2005607300003,2,12,4,2011,2011-04-12,2011.04.12
2005607300004,2,12,4,2011,2011-04-12,2011.04.12
2005611700001,4,14,7,2011,2011-07-14,2011.07.14
2005611700002,4,14,7,2011,2011-07-14,2011.07.14
2005611700003,4,14,7,2011,2011-07-14,2011.07.14
2005611700004,4,14,7,2011,2011-07-14,2011.07.14
2005619700001,1,18,4,2011,2011-04-18,2011.04.18
2005619700002,1,18,4,2011,2011-04-18,2011.04.18
2005619700003,1,18,4,2011,2011-04-18,2011.04.18
2005619700004,1,18,4,2011,2011-04-18,2011.04.18
2005620800001,3,27,4,2011,2011-04-27,2011.04.27
2005620800002,3,27,4,2011,2011-04-27,2011.04.27
2005620800003,3,27,4,2011,2011-04-27,2011.04.27
2005622200001,7,17,4,2011,2011-04-17,2011.04.17
2005622200002,7,17,4,2011,2011-04-17,2011.04.17
2005622200003,7,17,4,2011,2011-04-17,2011.04.17
2005623300001,1,18,4,2011,2011-04-18,2011.04.18
2005623300002,1,18,4,2011,2011-04-18,2011.04.18
2005626500001,2,19,4,2011,2011-04-19,2011.04.19
2005626500002,2,19,4,2011,2011-04-19,2011.04.19
2005626500003,2,19,4,2011,2011-04-19,2011.04.19
2005639900001,2,19,4,2011,2011-04-19,2011.04.19
2005639900002,2,19,4,2011,2011-04-19,2011.04.19
2005639900003,2,19,4,2011,2011-04-19,2011.04.19
2005640700001,2,19,4,2011,2011-04-19,2011.04.19
2005640700002,2,19,4,2011,2011-04-19,2011.04.19
2005640700003,2,19,4,2011,2011-04-19,2011.04.19
2005640700004,2,19,4,2011,2011-04-19,2011.04.19
2005642200001,6,16,4,2011,2011-04-16,2011.04.16
2005642200002,6,16,4,2011,2011-04-16,2011.04.16
2005642400001,5,29,4,2011,2011-04-29,2011.04.29
2005642400002,5,29,4,2011,2011-04-29,2011.04.29
2005642400003,5,29,4,2011,2011-04-29,2011.04.29
2005643500001,2,19,4,2011,2011-04-19,2011.04.19
2005643500002,2,19,4,2011,2011-04-19,2011.04.19
2005643500003,2,19,4,2011,2011-04-19,2011.04.19
2005643500004,2,19,4,2011,2011-04-19,2011.04.19
2005646600001,1,11,4,2011,2011-04-11,2011.04.11
2005646600002,1,11,4,2011,2011-04-11,2011.04.11
2005646600003,1,11,4,2011,2011-04-11,2011.04.11
2005661600001,7,1,5,2011,2011-05-01,2011.05.01
2005661600003,7,1,5,2011,2011-05-01,2011.05.01
2005661600004,7,1,5,2011,2011-05-01,2011.05.01
2005661600005,7,1,5,2011,2011-05-01,2011.05.01
2005680000001,6,30,4,2011,2011-04-30,2011.04.30
2005680000002,6,30,4,2011,2011-04-30,2011.04.30
2005680000003,6,30,4,2011,2011-04-30,2011.04.30
2005681400001,6,30,4,2011,2011-04-30,2011.04.30
2005681400002,6,30,4,2011,2011-04-30,2011.04.30
2005681400003,6,30,4,2011,2011-04-30,2011.04.30
2005681400004,6,30,4,2011,2011-04-30,2011.04.30
2005691400001,2,26,4,2011,2011-04-26,2011.04.26
2005691400002,2,26,4,2011,2011-04-26,2011.04.26
2005691400003,2,26,4,2011,2011-04-26,2011.04.26
2005698500001,1,16,5,2011,2011-05-16,2011.05.16
2005698500002,1,16,5,2011,2011-05-16,2011.05.16
2005698500003,1,16,5,2011,2011-05-16,2011.05.16
2005698500004,1,16,5,2011,2011-05-16,2011.05.16
2005698500005,1,16,5,2011,2011-05-16,2011.05.16
2005701500001,3,27,4,2011,2011-04-27,2011.04.27
2005701500002,3,27,4,2011,2011-04-27,2011.04.27
2005701500003,3,27,4,2011,2011-04-27,2011.04.27
2005701500004,3,27,4,2011,2011-04-27,2011.04.27
2005706200001,1,18,4,2011,2011-04-18,2011.04.18
2005706200002,1,18,4,2011,2011-04-18,2011.04.18
2005706200003,1,18,4,2011,2011-04-18,2011.04.18
2005710800001,2,12,4,2011,2011-04-12,2011.04.12
2005725200001,6,7,5,2011,2011-05-07,2011.05.07
2005725200002,6,7,5,2011,2011-05-07,2011.05.07
2005750500001,3,4,5,2011,2011-05-04,2011.05.04
2005750500002,3,4,5,2011,2011-05-04,2011.05.04
2005750500003,3,4,5,2011,2011-05-04,2011.05.04
2005750500004,3,4,5,2011,2011-05-04,2011.05.04
2005751600001,3,27,4,2011,2011-04-27,2011.04.27
2005751600002,3,27,4,2011,2011-04-27,2011.04.27
2005751600003,3,27,4,2011,2011-04-27,2011.04.27
2005751600004,3,27,4,2011,2011-04-27,2011.04.27
2005759000001,2,19,4,2011,2011-04-19,2011.04.19
2005759000002,2,19,4,2011,2011-04-19,2011.04.19
2005759000003,2,19,4,2011,2011-04-19,2011.04.19
2005778800001,3,13,4,2011,2011-04-13,2011.04.13
2005778800002,3,13,4,2011,2011-04-13,2011.04.13
2005778800003,3,13,4,2011,2011-04-13,2011.04.13
2005783500001,5,29,4,2011,2011-04-29,2011.04.29
2005783500002,5,29,4,2011,2011-04-29,2011.04.29
2005783900001,3,20,7,2011,2011-07-20,2011.07.20
2005783900002,3,20,7,2011,2011-07-20,2011.07.20
2005783900003,3,20,7,2011,2011-07-20,2011.07.20
2005789800001,4,5,5,2011,2011-05-05,2011.05.05
2005793300001,7,17,4,2011,2011-04-17,2011.04.17
2005793300002,7,17,4,2011,2011-04-17,2011.04.17
2005793300003,7,17,4,2011,2011-04-17,2011.04.17
2005793300004,7,17,4,2011,2011-04-17,2011.04.17
2005797600001,5,6,5,2011,2011-05-06,2011.05.06
2005797600002,5,6,5,2011,2011-05-06,2011.05.06
2005800100001,3,20,7,2011,2011-07-20,2011.07.20
2005800100002,3,20,7,2011,2011-07-20,2011.07.20
2005800100003,3,20,7,2011,2011-07-20,2011.07.20
2005810100001,6,23,4,2011,2011-04-23,2011.04.23
2005810100002,6,23,4,2011,2011-04-23,2011.04.23
2005810100003,6,23,4,2011,2011-04-23,2011.04.23
2005810900001,1,25,4,2011,2011-04-25,2011.04.25
2005810900002,1,25,4,2011,2011-04-25,2011.04.25
2005810900003,1,25,4,2011,2011-04-25,2011.04.25
2005822900001,3,20,4,2011,2011-04-20,2011.04.20
2005822900002,3,20,4,2011,2011-04-20,2011.04.20
2005826800001,1,18,4,2011,2011-04-18,2011.04.18
2005826800002,1,18,4,2011,2011-04-18,2011.04.18
2005826800003,1,18,4,2011,2011-04-18,2011.04.18
2005826800004,1,18,4,2011,2011-04-18,2011.04.18
2005826800005,1,18,4,2011,2011-04-18,2011.04.18
2005830500001,2,19,7,2011,2011-07-19,2011.07.19
2005830500002,2,19,7,2011,2011-07-19,2011.07.19
2005830500003,2,19,7,2011,2011-07-19,2011.07.19
2005845200001,5,6,5,2011,2011-05-06,2011.05.06
2005845200002,5,6,5,2011,2011-05-06,2011.05.06
2005854300001,7,3,4,2011,2011-04-03,2011.04.03
2005854300002,7,3,4,2011,2011-04-03,2011.04.03
2005854300003,7,3,4,2011,2011-04-03,2011.04.03
2005854300004,7,3,4,2011,2011-04-03,2011.04.03
2005854300005,7,3,4,2011,2011-04-03,2011.04.03
2005854300006,7,3,4,2011,2011-04-03,2011.04.03
2005859700001,7,8,5,2011,2011-05-08,2011.05.08
2005868200001,3,4,5,2011,2011-05-04,2011.05.04
2005879000001,7,8,5,2011,2011-05-08,2011.05.08
2005879000002,7,8,5,2011,2011-05-08,2011.05.08
2005879000003,7,8,5,2011,2011-05-08,2011.05.08
2005884600001,5,22,4,2011,2011-04-22,2011.04.22
2005884600002,5,22,4,2011,2011-04-22,2011.04.22
2005895100001,3,11,5,2011,2011-05-11,2011.05.11
2005895100002,3,11,5,2011,2011-05-11,2011.05.11
2005895100003,3,11,5,2011,2011-05-11,2011.05.11
2005897100001,5,29,4,2011,2011-04-29,2011.04.29
2005897100002,5,29,4,2011,2011-04-29,2011.04.29
2005917200001,3,13,7,2011,2011-07-13,2011.07.13
2005917200002,3,13,7,2011,2011-07-13,2011.07.13
2005928200001,4,7,4,2011,2011-04-07,2011.04.07
2005928200002,4,7,4,2011,2011-04-07,2011.04.07
2005928200003,4,7,4,2011,2011-04-07,2011.04.07
2005931700001,4,12,5,2011,2011-05-12,2011.05.12
2005931700002,4,12,5,2011,2011-05-12,2011.05.12
2005940000001,7,24,4,2011,2011-04-24,2011.04.24
2005940000002,7,24,4,2011,2011-04-24,2011.04.24
2005940000003,7,24,4,2011,2011-04-24,2011.04.24
2005944300001,5,6,5,2011,2011-05-06,2011.05.06
2005944300002,5,6,5,2011,2011-05-06,2011.05.06
2005944300003,5,6,5,2011,2011-05-06,2011.05.06
2005950100001,2,19,4,2011,2011-04-19,2011.04.19
2005950100002,2,19,4,2011,2011-04-19,2011.04.19
2005950100003,2,19,4,2011,2011-04-19,2011.04.19
2005957000001,2,26,4,2011,2011-04-26,2011.04.26
2005957000002,2,26,4,2011,2011-04-26,2011.04.26
2005957000003,2,26,4,2011,2011-04-26,2011.04.26
2005957000004,2,26,4,2011,2011-04-26,2011.04.26
2005965100001,6,30,4,2011,2011-04-30,2011.04.30
2005965100002,6,30,4,2011,2011-04-30,2011.04.30
2005965100004,6,30,4,2011,2011-04-30,2011.04.30
2005965100003,6,30,4,2011,2011-04-30,2011.04.30
2005971600001,7,1,5,2011,2011-05-01,2011.05.01
2005971600002,7,1,5,2011,2011-05-01,2011.05.01
2005971600003,7,1,5,2011,2011-05-01,2011.05.01
2005971600004,7,1,5,2011,2011-05-01,2011.05.01
2005979200001,7,8,5,2011,2011-05-08,2011.05.08
2005979200002,7,8,5,2011,2011-05-08,2011.05.08
2005979200003,7,8,5,2011,2011-05-08,2011.05.08
2005987400001,2,12,4,2011,2011-04-12,2011.04.12
2005987400002,2,12,4,2011,2011-04-12,2011.04.12
2005987400003,2,12,4,2011,2011-04-12,2011.04.12
2006015900001,5,13,5,2011,2011-05-13,2011.05.13
2006015900002,5,13,5,2011,2011-05-13,2011.05.13
2006015900003,5,13,5,2011,2011-05-13,2011.05.13
2006023500001,4,28,4,2011,2011-04-28,2011.04.28
2006023500002,4,28,4,2011,2011-04-28,2011.04.28
2006023500003,4,28,4,2011,2011-04-28,2011.04.28
2006046500001,7,17,4,2011,2011-04-17,2011.04.17
2006046500002,7,17,4,2011,2011-04-17,2011.04.17
2006048900001,3,27,4,2011,2011-04-27,2011.04.27
2006048900002,3,27,4,2011,2011-04-27,2011.04.27
2006048900003,3,27,4,2011,2011-04-27,2011.04.27
2006089100001,5,8,4,2011,2011-04-08,2011.04.08
2006089100002,5,8,4,2011,2011-04-08,2011.04.08
2006089100003,5,8,4,2011,2011-04-08,2011.04.08
2006097900001,3,27,4,2011,2011-04-27,2011.04.27
2006097900002,3,27,4,2011,2011-04-27,2011.04.27
2006097900003,3,27,4,2011,2011-04-27,2011.04.27
2006097900004,3,27,4,2011,2011-04-27,2011.04.27
2006097900005,3,27,4,2011,2011-04-27,2011.04.27
2006109700001,3,27,4,2011,2011-04-27,2011.04.27
2006109700002,3,27,4,2011,2011-04-27,2011.04.27
2006109700003,3,27,4,2011,2011-04-27,2011.04.27
2006109700004,3,27,4,2011,2011-04-27,2011.04.27
2006109700005,3,27,4,2011,2011-04-27,2011.04.27
2006110200001,7,1,5,2011,2011-05-01,2011.05.01
2006110200002,7,1,5,2011,2011-05-01,2011.05.01
2006110200003,7,1,5,2011,2011-05-01,2011.05.01
2006123600001,6,14,5,2011,2011-05-14,2011.05.14
2006123600002,6,14,5,2011,2011-05-14,2011.05.14
2006152300001,2,26,4,2011,2011-04-26,2011.04.26
2006152300002,2,26,4,2011,2011-04-26,2011.04.26
2006171000001,2,10,5,2011,2011-05-10,2011.05.10
2006171000002,2,10,5,2011,2011-05-10,2011.05.10
2006171000003,2,10,5,2011,2011-05-10,2011.05.10
2006202700001,7,24,4,2011,2011-04-24,2011.04.24
2006202700002,7,24,4,2011,2011-04-24,2011.04.24
2006202700003,7,24,4,2011,2011-04-24,2011.04.24
2006208700001,3,20,4,2011,2011-04-20,2011.04.20
2006212000001,7,17,7,2011,2011-07-17,2011.07.17
2006212000002,7,17,7,2011,2011-07-17,2011.07.17
2006212000003,7,17,7,2011,2011-07-17,2011.07.17
2006212800001,3,6,4,2011,2011-04-06,2011.04.06
2006212800002,3,6,4,2011,2011-04-06,2011.04.06
2006212800003,3,6,4,2011,2011-04-06,2011.04.06
2006212800004,3,6,4,2011,2011-04-06,2011.04.06
2006229700001,7,17,7,2011,2011-07-17,2011.07.17
2006229700002,7,17,7,2011,2011-07-17,2011.07.17
2006229700003,7,17,7,2011,2011-07-17,2011.07.17
2006239700001,4,21,7,2011,2011-07-21,2011.07.21
2006239700002,4,21,7,2011,2011-07-21,2011.07.21
2006241200001,7,8,5,2011,2011-05-08,2011.05.08
2006241200002,7,8,5,2011,2011-05-08,2011.05.08
2006241200003,7,8,5,2011,2011-05-08,2011.05.08
2006244200001,7,22,5,2011,2011-05-22,2011.05.22
2006244200002,7,22,5,2011,2011-05-22,2011.05.22
2006244200003,7,22,5,2011,2011-05-22,2011.05.22
2006256700001,1,25,4,2011,2011-04-25,2011.04.25
2006256700002,1,25,4,2011,2011-04-25,2011.04.25
2006260500001,3,11,5,2011,2011-05-11,2011.05.11
2006260500002,3,11,5,2011,2011-05-11,2011.05.11
2006260500003,3,11,5,2011,2011-05-11,2011.05.11
2006260500004,3,11,5,2011,2011-05-11,2011.05.11
2006260500005,3,11,5,2011,2011-05-11,2011.05.11
2006262100001,4,7,4,2011,2011-04-07,2011.04.07
2006262100002,4,7,4,2011,2011-04-07,2011.04.07
2006262100003,4,7,4,2011,2011-04-07,2011.04.07
2006290200001,3,18,5,2011,2011-05-18,2011.05.18
2006290200002,3,18,5,2011,2011-05-18,2011.05.18
2006311600001,3,20,4,2011,2011-04-20,2011.04.20
2006311600002,3,20,4,2011,2011-04-20,2011.04.20
2006311600003,3,20,4,2011,2011-04-20,2011.04.20
2006311600004,3,20,4,2011,2011-04-20,2011.04.20
2006315300001,1,18,7,2011,2011-07-18,2011.07.18
2006315300002,1,18,7,2011,2011-07-18,2011.07.18
2006321000001,6,30,4,2011,2011-04-30,2011.04.30
2006321000002,6,30,4,2011,2011-04-30,2011.04.30
2006321000003,6,30,4,2011,2011-04-30,2011.04.30
2006325100001,7,15,5,2011,2011-05-15,2011.05.15
2006325100002,7,15,5,2011,2011-05-15,2011.05.15
2006325100003,7,15,5,2011,2011-05-15,2011.05.15
2006327500001,7,8,5,2011,2011-05-08,2011.05.08
2006327500002,7,8,5,2011,2011-05-08,2011.05.08
2006327500003,7,8,5,2011,2011-05-08,2011.05.08
2006327500004,7,8,5,2011,2011-05-08,2011.05.08
2006341300001,4,5,5,2011,2011-05-05,2011.05.05
2006341300002,4,5,5,2011,2011-05-05,2011.05.05
2006341300003,4,5,5,2011,2011-05-05,2011.05.05
2006341300004,4,5,5,2011,2011-05-05,2011.05.05
2006344100001,5,6,5,2011,2011-05-06,2011.05.06
2006344100002,5,6,5,2011,2011-05-06,2011.05.06
2006344100003,5,6,5,2011,2011-05-06,2011.05.06
2006367100001,6,7,5,2011,2011-05-07,2011.05.07
2006367100002,6,7,5,2011,2011-05-07,2011.05.07
2006367100003,6,7,5,2011,2011-05-07,2011.05.07
2006367100004,6,7,5,2011,2011-05-07,2011.05.07
2006367300001,1,9,5,2011,2011-05-09,2011.05.09
2006367300002,1,9,5,2011,2011-05-09,2011.05.09
2006367300003,1,9,5,2011,2011-05-09,2011.05.09
2006376900001,3,11,5,2011,2011-05-11,2011.05.11
2006376900002,3,11,5,2011,2011-05-11,2011.05.11
2006376900003,3,11,5,2011,2011-05-11,2011.05.11
2006403000001,6,23,7,2011,2011-07-23,2011.07.23
2006403000003,6,23,7,2011,2011-07-23,2011.07.23
2006403800001,2,12,7,2011,2011-07-12,2011.07.12
2006403800002,2,12,7,2011,2011-07-12,2011.07.12
2006403800003,2,12,7,2011,2011-07-12,2011.07.12
2006405900001,1,23,5,2011,2011-05-23,2011.05.23
2006405900002,1,23,5,2011,2011-05-23,2011.05.23
2006405900003,1,23,5,2011,2011-05-23,2011.05.23
2006408400001,4,5,5,2011,2011-05-05,2011.05.05
2006408400002,4,5,5,2011,2011-05-05,2011.05.05
2006450500001,3,20,7,2011,2011-07-20,2011.07.20
2006450500002,3,20,7,2011,2011-07-20,2011.07.20
2006450500003,3,20,7,2011,2011-07-20,2011.07.20
2006490200001,5,8,4,2011,2011-04-08,2011.04.08
2006490200002,5,8,4,2011,2011-04-08,2011.04.08
2006490200003,5,8,4,2011,2011-04-08,2011.04.08
2006490200004,5,8,4,2011,2011-04-08,2011.04.08
2006493800001,5,13,5,2011,2011-05-13,2011.05.13
2006493800002,5,13,5,2011,2011-05-13,2011.05.13
2006493800003,5,13,5,2011,2011-05-13,2011.05.13
2006563600001,5,8,4,2011,2011-04-08,2011.04.08
2006563600002,5,8,4,2011,2011-04-08,2011.04.08
2006563600003,5,8,4,2011,2011-04-08,2011.04.08
2006563600004,5,8,4,2011,2011-04-08,2011.04.08
2006563600005,5,8,4,2011,2011-04-08,2011.04.08
2006592700001,7,24,7,2011,2011-07-24,2011.07.24
2006592700002,7,24,7,2011,2011-07-24,2011.07.24
2006592700003,7,24,7,2011,2011-07-24,2011.07.24
2006600100001,6,23,7,2011,2011-07-23,2011.07.23
2006600100002,6,23,7,2011,2011-07-23,2011.07.23
2006600100003,6,23,7,2011,2011-07-23,2011.07.23
2006606700001,7,15,5,2011,2011-05-15,2011.05.15
2006606700002,7,15,5,2011,2011-05-15,2011.05.15
2006606700003,7,15,5,2011,2011-05-15,2011.05.15
2006606700004,7,15,5,2011,2011-05-15,2011.05.15
2006642300001,4,14,7,2011,2011-07-14,2011.07.14
2006642300002,4,14,7,2011,2011-07-14,2011.07.14
2006643000001,3,18,5,2011,2011-05-18,2011.05.18
2006643000002,3,18,5,2011,2011-05-18,2011.05.18
2006643000003,3,18,5,2011,2011-05-18,2011.05.18
2006652300001,1,18,7,2011,2011-07-18,2011.07.18
2006652300002,1,18,7,2011,2011-07-18,2011.07.18
2006674700001,5,8,4,2011,2011-04-08,2011.04.08
2006674700002,5,8,4,2011,2011-04-08,2011.04.08
2006674700003,5,8,4,2011,2011-04-08,2011.04.08
2006700000001,3,4,5,2011,2011-05-04,2011.05.04
2006700000002,3,4,5,2011,2011-05-04,2011.05.04
2006786400001,6,21,5,2011,2011-05-21,2011.05.21
2006786400002,6,21,5,2011,2011-05-21,2011.05.21
2006786400003,6,21,5,2011,2011-05-21,2011.05.21
2006817300001,5,13,5,2011,2011-05-13,2011.05.13
2006817300002,5,13,5,2011,2011-05-13,2011.05.13
2006817300003,5,13,5,2011,2011-05-13,2011.05.13
2006831400001,1,16,5,2011,2011-05-16,2011.05.16
2006831400002,1,16,5,2011,2011-05-16,2011.05.16
2006841000001,5,15,4,2011,2011-04-15,2011.04.15
2006841000002,5,15,4,2011,2011-04-15,2011.04.15
2006841000003,5,15,4,2011,2011-04-15,2011.04.15
2006854000001,1,11,4,2011,2011-04-11,2011.04.11
2006854000002,1,11,4,2011,2011-04-11,2011.04.11
2006854000003,1,11,4,2011,2011-04-11,2011.04.11
2006882500001,7,15,5,2011,2011-05-15,2011.05.15
2006882500002,7,15,5,2011,2011-05-15,2011.05.15
2006882500003,7,15,5,2011,2011-05-15,2011.05.15
2006882500004,7,15,5,2011,2011-05-15,2011.05.15
2006927900001,4,28,4,2011,2011-04-28,2011.04.28
2006927900002,4,28,4,2011,2011-04-28,2011.04.28
2006927900003,4,28,4,2011,2011-04-28,2011.04.28
2006944500001,7,15,5,2011,2011-05-15,2011.05.15
2006944500002,7,15,5,2011,2011-05-15,2011.05.15
2006944500003,7,15,5,2011,2011-05-15,2011.05.15
2006960800001,7,22,5,2011,2011-05-22,2011.05.22
2006960800002,7,22,5,2011,2011-05-22,2011.05.22
2006960800003,7,22,5,2011,2011-05-22,2011.05.22
2007004400001,2,12,4,2011,2011-04-12,2011.04.12
2007004400002,2,12,4,2011,2011-04-12,2011.04.12
2007004400003,2,12,4,2011,2011-04-12,2011.04.12
2007011600001,3,20,7,2011,2011-07-20,2011.07.20
2007011600002,3,20,7,2011,2011-07-20,2011.07.20
2007017600001,3,13,7,2011,2011-07-13,2011.07.13
2007017600002,3,13,7,2011,2011-07-13,2011.07.13
2007055400001,3,27,4,2011,2011-04-27,2011.04.27
2007055400002,3,27,4,2011,2011-04-27,2011.04.27
2007055400003,3,27,4,2011,2011-04-27,2011.04.27
2007055400004,3,27,4,2011,2011-04-27,2011.04.27
2007111400001,3,20,7,2011,2011-07-20,2011.07.20
2007111400002,3,20,7,2011,2011-07-20,2011.07.20
2007111400003,3,20,7,2011,2011-07-20,2011.07.20
2007111600001,6,9,4,2011,2011-04-09,2011.04.09
2007111600002,6,9,4,2011,2011-04-09,2011.04.09
2007111600003,6,9,4,2011,2011-04-09,2011.04.09
2007111600004,6,9,4,2011,2011-04-09,2011.04.09
2007111800001,6,9,4,2011,2011-04-09,2011.04.09
2007111800002,6,9,4,2011,2011-04-09,2011.04.09
2007111800003,6,9,4,2011,2011-04-09,2011.04.09
2007179500001,1,18,7,2011,2011-07-18,2011.07.18
2007179500002,1,18,7,2011,2011-07-18,2011.07.18
2007179500003,1,18,7,2011,2011-07-18,2011.07.18
2007179500004,1,18,7,2011,2011-07-18,2011.07.18
2007218400001,5,15,7,2011,2011-07-15,2011.07.15
2007218400002,5,15,7,2011,2011-07-15,2011.07.15
2007273700001,1,11,4,2011,2011-04-11,2011.04.11
2007273700002,1,11,4,2011,2011-04-11,2011.04.11
2007273700003,1,11,4,2011,2011-04-11,2011.04.11
2007301700001,1,16,5,2011,2011-05-16,2011.05.16
2007301700002,1,16,5,2011,2011-05-16,2011.05.16
2007374300001,3,13,7,2011,2011-07-13,2011.07.13
2007374300002,3,13,7,2011,2011-07-13,2011.07.13
2007374300003,3,13,7,2011,2011-07-13,2011.07.13
2007374300004,3,13,7,2011,2011-07-13,2011.07.13
2007375400001,5,22,4,2011,2011-04-22,2011.04.22
2007375400002,5,22,4,2011,2011-04-22,2011.04.22
2007375400003,5,22,4,2011,2011-04-22,2011.04.22
2007375400004,5,22,4,2011,2011-04-22,2011.04.22
2007375400005,5,22,4,2011,2011-04-22,2011.04.22
2007377200001,6,16,7,2011,2011-07-16,2011.07.16
2007377200002,6,16,7,2011,2011-07-16,2011.07.16
2007382000001,1,11,7,2011,2011-07-11,2011.07.11
2007382000002,1,11,7,2011,2011-07-11,2011.07.11
2007382000003,1,11,7,2011,2011-07-11,2011.07.11
2008415000001,2,26,4,2011,2011-04-26,2011.04.26
2008415000002,2,26,4,2011,2011-04-26,2011.04.26
2008415000003,2,26,4,2011,2011-04-26,2011.04.26
2008415000004,2,26,4,2011,2011-04-26,2011.04.26
2008415000005,2,26,4,2011,2011-04-26,2011.04.26
2008582100001,2,12,4,2011,2011-04-12,2011.04.12
2008582100002,2,12,4,2011,2011-04-12,2011.04.12
2008582100003,2,12,4,2011,2011-04-12,2011.04.12
2008645500001,7,10,4,2011,2011-04-10,2011.04.10
2008645500002,7,10,4,2011,2011-04-10,2011.04.10
2008645500003,7,10,4,2011,2011-04-10,2011.04.10
2008645500004,7,10,4,2011,2011-04-10,2011.04.10
2008652700001,4,7,4,2011,2011-04-07,2011.04.07
2008652700002,4,7,4,2011,2011-04-07,2011.04.07
2008695400001,5,22,4,2011,2011-04-22,2011.04.22
2008695400002,5,22,4,2011,2011-04-22,2011.04.22
2008695400003,5,22,4,2011,2011-04-22,2011.04.22
2008695400004,5,22,4,2011,2011-04-22,2011.04.22
2008695400005,5,22,4,2011,2011-04-22,2011.04.22
2008709900001,5,1,4,2011,2011-04-01,2011.04.01
2008709900002,5,1,4,2011,2011-04-01,2011.04.01
2008709900003,5,1,4,2011,2011-04-01,2011.04.01
2008709900004,5,1,4,2011,2011-04-01,2011.04.01
2008724200001,1,18,7,2011,2011-07-18,2011.07.18
2008724200002,1,18,7,2011,2011-07-18,2011.07.18
2008788800001,7,3,4,2011,2011-04-03,2011.04.03
2008788800002,7,3,4,2011,2011-04-03,2011.04.03
2008788800003,7,3,4,2011,2011-04-03,2011.04.03
2008880100001,2,24,5,2011,2011-05-24,2011.05.24
2008880100002,2,24,5,2011,2011-05-24,2011.05.24
2008880100003,2,24,5,2011,2011-05-24,2011.05.24
2008926300001,3,13,7,2011,2011-07-13,2011.07.13
2008926300002,3,13,7,2011,2011-07-13,2011.07.13
2008926300003,3,13,7,2011,2011-07-13,2011.07.13
2008949600001,5,22,7,2011,2011-07-22,2011.07.22
2008949600002,5,22,7,2011,2011-07-22,2011.07.22
2008949600003,5,22,7,2011,2011-07-22,2011.07.22
2008967600001,1,16,5,2011,2011-05-16,2011.05.16
2008967600002,1,16,5,2011,2011-05-16,2011.05.16
2008967600003,1,16,5,2011,2011-05-16,2011.05.16
2008967600004,1,16,5,2011,2011-05-16,2011.05.16
2008999000001,5,8,7,2011,2011-07-08,2011.07.08
2008999000002,5,8,7,2011,2011-07-08,2011.07.08
2008999000003,5,8,7,2011,2011-07-08,2011.07.08
2008999000004,5,8,7,2011,2011-07-08,2011.07.08
2009012100001,3,6,4,2011,2011-04-06,2011.04.06
2009012100002,3,6,4,2011,2011-04-06,2011.04.06
2009012100003,3,6,4,2011,2011-04-06,2011.04.06
2009014400001,3,11,5,2011,2011-05-11,2011.05.11
2009014400002,3,11,5,2011,2011-05-11,2011.05.11
2009014400003,3,11,5,2011,2011-05-11,2011.05.11
2009014400004,3,11,5,2011,2011-05-11,2011.05.11
2009140200001,3,18,5,2011,2011-05-18,2011.05.18
2009140200002,3,18,5,2011,2011-05-18,2011.05.18
2009163500001,5,8,4,2011,2011-04-08,2011.04.08
2009163500002,5,8,4,2011,2011-04-08,2011.04.08
2009163500003,5,8,4,2011,2011-04-08,2011.04.08
2009163500004,5,8,4,2011,2011-04-08,2011.04.08
2009241100001,2,5,4,2011,2011-04-05,2011.04.05
2009241100002,2,5,4,2011,2011-04-05,2011.04.05
2009241100003,2,5,4,2011,2011-04-05,2011.04.05
2009245800001,7,22,5,2011,2011-05-22,2011.05.22
2009245800002,7,22,5,2011,2011-05-22,2011.05.22
2009245800003,7,22,5,2011,2011-05-22,2011.05.22
2009245800004,7,22,5,2011,2011-05-22,2011.05.22
2009262400001,2,12,4,2011,2011-04-12,2011.04.12
2009262400002,2,12,4,2011,2011-04-12,2011.04.12
2009262400003,2,12,4,2011,2011-04-12,2011.04.12
2009271700001,3,6,4,2011,2011-04-06,2011.04.06
2009271700002,3,6,4,2011,2011-04-06,2011.04.06
2009271700003,3,6,4,2011,2011-04-06,2011.04.06
2009381200001,3,6,4,2011,2011-04-06,2011.04.06
2009381200002,3,6,4,2011,2011-04-06,2011.04.06
3018517700001,3,20,7,2011,2011-07-20,2011.07.20
3018531200001,2,24,5,2011,2011-05-24,2011.05.24
3018531200002,2,24,5,2011,2011-05-24,2011.05.24
3018531200003,2,24,5,2011,2011-05-24,2011.05.24
3018545600001,2,24,5,2011,2011-05-24,2011.05.24
3018545600002,2,24,5,2011,2011-05-24,2011.05.24
3018545600003,2,24,5,2011,2011-05-24,2011.05.24
3018545600004,2,24,5,2011,2011-05-24,2011.05.24
3018548000001,6,28,5,2011,2011-05-28,2011.05.28
3018548000002,6,28,5,2011,2011-05-28,2011.05.28
3018548000003,6,28,5,2011,2011-05-28,2011.05.28
3018551400001,4,26,5,2011,2011-05-26,2011.05.26
3018551400002,4,26,5,2011,2011-05-26,2011.05.26
3018551400003,4,26,5,2011,2011-05-26,2011.05.26
3018574900001,6,28,5,2011,2011-05-28,2011.05.28
3018574900002,6,28,5,2011,2011-05-28,2011.05.28
3018574900003,6,28,5,2011,2011-05-28,2011.05.28
